dataset,split,rollout_steps,used,p_ratio_r2,p_ratio_pearson,p_ratio_mse,final_pos_mse,initial_to_target_mse,pred_to_initial_mse,movement_fraction_mse
Reid_ld4_tok16_h128_head2,val,10,20,-0.25659687438646994,0.2689629758791864,0.0629538626914645,8.450555969830021e-06,4.488473609853827e-06,2.01297006015011e-05,4.495724970813099
Reid_ld4_tok16_h128_head2,test,10,38,-0.029166015688689484,0.4489680044748582,0.05652375975098452,8.637777499954705e-06,4.555915821631635e-06,2.0999910355768454e-05,4.5590458890187024
Reid_ld4_tok16_h128_head2,val,20,20,-0.17557322232125094,0.2558438935423479,0.08912856923163728,9.08221580857571e-06,1.8944466683024074e-05,3.5068886927547285e-05,1.8646078663833585
Reid_ld4_tok16_h128_head2,test,20,38,0.18163626671412936,0.46444609612427773,0.06905931097527519,8.399414202573863e-06,1.8967649817855808e-05,3.679723144351125e-05,1.9373248009854644
Reid_ld4_tok16_h128_head2,val,30,20,-0.19126335402430672,0.2514178421381042,0.10970862732555706,1.3282373436140915e-05,4.442684421519516e-05,5.614820292976219e-05,1.279915587197344
Reid_ld4_tok16_h128_head2,test,30,38,0.21703936009811697,0.4732715107184028,0.07965204150585757,1.0739814342741738e-05,4.3955074081742695e-05,5.9136685386444076e-05,1.3572112894901984
Reid_ld4_tok16_h128_head2,val,40,20,-0.20534013677180663,0.2517173698978831,0.12507582713468673,2.155231005644964e-05,8.167323358065914e-05,8.422631781286327e-05,1.0502689152962978
Reid_ld4_tok16_h128_head2,test,40,38,0.2271335494704938,0.47819266013249173,0.08764842100594106,1.5886274935071827e-05,7.995633763800327e-05,8.892538301695727e-05,1.1313272769692566
Reid_ld4_tok16_h128_head2,val,50,20,-0.21395888472736435,0.253616175466975,0.13694253404086992,3.427703519491843e-05,0.00013127350466675126,0.00012022551672998815,0.9382187640027866
Reid_ld4_tok16_h128_head2,test,50,38,0.23060058980149734,0.48062442042200976,0.09377503046152036,2.3999985543062058e-05,0.0001273059148699854,0.00012712721026649602,1.0227461935285
Reid_ld4_tok16_h128_head2,val,60,20,-0.21805216457912024,0.25601409450644846,0.14635046915999936,5.178702867851826e-05,0.00019373622417333535,0.00016511401227035095,0.8784104140146537
Reid_ld4_tok16_h128_head2,test,60,38,0.23107922269188585,0.4808851491230038,0.09874111034728913,3.526217904580239e-05,0.00018629207471875767,0.00017473706267130757,0.9662196082309155
Reid_ld4_tok16_h128_head2,val,70,20,-0.21972978445496905,0.2581492908274586,0.15417885753578534,7.44194334401982e-05,0.0002695090508495923,0.00021987216096022166,0.8461412885375081
Reid_ld4_tok16_h128_head2,test,70,38,0.22978645797665354,0.4795742897114898,0.10295144292923628,4.989583834159068e-05,0.0002571933858378447,0.0002327388065168634,0.9369025105245915
Reid_ld4_tok16_h128_head2,val,80,20,-0.2202635934913404,0.2595277967348657,0.1609090784437044,0.00010251600513129233,0.0003589820029446855,0.00028542931395350026,0.829906913883171
Reid_ld4_tok16_h128_head2,test,80,38,0.22717549899105138,0.4771265649708793,0.106654086430642,6.816022932741219e-05,0.0003402265796658436,0.0003020405320536443,0.9233523624188393
Reid_ld4_tok16_h128_head2,val,90,20,-0.22085385758880838,0.26011748610595364,0.16689937215681194,0.00013642575224821486,0.00046249211591202765,0.00036257250176277014,0.8234550001169076
Reid_ld4_tok16_h128_head2,test,90,38,0.22346105373115455,0.47380772692858647,0.11000706527143199,9.035667836829624e-05,0.00043563711867471665,0.00038338489761563803,0.9191777370499686
Reid_ld4_tok16_h128_head2,val,100,20,-0.22195489433877502,0.25997581623694754,0.17242355015534389,0.00017649922704094935,0.000580337000428699,0.00045183724578237163,0.822885480780282
Reid_ld4_tok16_h128_head2,test,100,38,0.21912298206870562,0.4700720857175894,0.11309813454905346,0.00011678829658098709,0.0005436322619636101,0.00047724836698953847,0.9204770452467581
Reid_ld8_tok16_h128_head2,val,10,20,-0.48762447819992394,0.5095709131853166,0.07452804399404919,8.208313050772632e-06,4.488473609853827e-06,2.05852775366111e-05,4.592174922191552
Reid_ld8_tok16_h128_head2,test,10,38,0.057286315375086105,0.5646868645602492,0.05177563290218701,1.0075312355925953e-05,4.555915821631635e-06,2.460842791893619e-05,5.349335578334873
Reid_ld8_tok16_h128_head2,val,20,20,-0.06633770198970557,0.5238057406119543,0.08084664731340947,8.09810404689415e-06,1.8944466683024074e-05,3.424258552513493e-05,1.8312239855716919
Reid_ld8_tok16_h128_head2,test,20,38,0.31589187146345477,0.6179051602804048,0.057729874953800685,8.671058672486029e-06,1.8967649817855808e-05,4.013081578896641e-05,2.1243825766930775
Reid_ld8_tok16_h128_head2,val,30,20,-0.0164840968428015,0.5251360625039506,0.09361244479330047,1.1660264544843812e-05,4.442684421519516e-05,5.354888835427118e-05,1.2313990583459011
Reid_ld8_tok16_h128_head2,test,30,38,0.3612334232259239,0.6373180636629164,0.06498291139148346,1.0097404475872233e-05,4.3955074081742695e-05,6.176911493208823e-05,1.4233162181046606
Reid_ld8_tok16_h128_head2,val,40,20,-0.0017989928615826933,0.5246554172193806,0.10395475420775804,1.9135045795337648e-05,8.167323358065914e-05,7.978975299920421e-05,1.0037613687588898
Reid_ld8_tok16_h128_head2,test,40,38,0.37408996182143006,0.6452332705097833,0.07098254362126115,1.437682677581171e-05,7.995633763800327e-05,9.082611890526575e-05,1.1564502848753215
Reid_ld8_tok16_h128_head2,val,50,20,0.009240135962412688,0.5242363038005284,0.11176421880034748,3.06992036939846e-05,0.00013127350466675126,0.00011430423855927075,0.8984470362966157
Reid_ld8_tok16_h128_head2,test,50,38,0.3764398880354184,0.6476672092111807,0.07600001731088081,2.153180300985313e-05,0.0001273059148699854,0.0001286418713502108,1.0320400980589381
Reid_ld8_tok16_h128_head2,val,60,20,0.02102005691967823,0.5240801604316836,0.11762564702435452,4.653603882616153e-05,0.00019373622417333535,0.00015834040968911722,0.8463447223514148
Reid_ld8_tok16_h128_head2,test,60,38,0.37386112037805885,0.6472022555889377,0.08040574533818837,3.165992172613953e-05,0.00018629207471875767,0.0001764286457488963,0.9695088681061671
Reid_ld8_tok16_h128_head2,val,70,20,0.03280956933951451,0.5238916084900527,0.12225684534334103,6.688147261684208e-05,0.0002695090508495923,0.000212924132210901,0.8209554047807291
Reid_ld8_tok16_h128_head2,test,70,38,0.36903263199664094,0.6453934203250081,0.08433894943804977,4.493207782879357e-05,0.0002571933858378447,0.000235122848894925,0.937794565871467
Reid_ld8_tok16_h128_head2,val,80,20,0.04395891015653097,0.5234898747751976,0.1260675902662002,9.201484901950607e-05,0.0003589820029446855,0.0002787592486129142,0.8098098925765493
Reid_ld8_tok16_h128_head2,test,80,38,0.36387090885091733,0.6432773654932079,0.08778935835999642,6.152672823956986e-05,0.0003402265796658436,0.0003053251076428416,0.9224856122106324
Reid_ld8_tok16_h128_head2,val,90,20,0.0534799285775559,0.522761839072304,0.12939599991617773,0.00012224747401887726,0.00046249211591202765,0.00035621043207356706,0.8062756660884098
Reid_ld8_tok16_h128_head2,test,90,38,0.3591539359719871,0.6412484715167561,0.09078436456175236,8.162971035792572e-05,0.00043563711867471665,0.0003873155847510421,0.9158678382871261
Reid_ld8_tok16_h128_head2,val,100,20,0.06141914333432508,0.5218811444708666,0.1324381482196289,0.00015787639840709745,0.000580337000428699,0.0004453396293683909,0.8065311355887713
Reid_ld8_tok16_h128_head2,test,100,38,0.35552255979580516,0.6396499205411589,0.09334273460773916,0.00010539739455931627,0.0005436322619636101,0.0004810925950694486,0.9136392126189797
Reid_ld8_tok32_h128_head2,val,10,20,-0.735600740834097,0.45563680742341245,0.08695133097400155,4.435196495933269e-06,4.488473609853827e-06,1.1671214099351346e-05,2.604624434933423
Reid_ld8_tok32_h128_head2,test,10,38,-1.6695796345964933,0.38328621636638976,0.14661840325253905,4.846955566730876e-06,4.555915821631635e-06,1.1882352384274877e-05,2.576018648238184
Reid_ld8_tok32_h128_head2,val,20,20,-0.02900480635759317,0.4841112230119143,0.07801617490234691,5.483231944936051e-06,1.8944466683024074e-05,2.2104836011749286e-05,1.1761800357485908
Reid_ld8_tok32_h128_head2,test,20,38,-0.2744805132439172,0.4193296243405831,0.10754966589568397,5.8044284760159685e-06,1.8967649817855808e-05,2.2384569020735063e-05,1.1802114661353271
Reid_ld8_tok32_h128_head2,val,30,20,-0.06417577728903656,0.4649365924918919,0.09800457922682457,9.958416268318614e-06,4.442684421519516e-05,3.8383859555324305e-05,0.8743870934626535
Reid_ld8_tok32_h128_head2,test,30,38,0.007275999829438495,0.42290470069336067,0.10099165811879829,9.454158232888163e-06,4.3955074081742695e-05,3.8631630655129956e-05,0.8888175622695773
Reid_ld8_tok32_h128_head2,val,40,20,-0.05711900599043984,0.45185439461449034,0.10969520554436152,1.829371166763849e-05,8.167323358065914e-05,6.195397654664702e-05,0.7699918038143329
Reid_ld8_tok32_h128_head2,test,40,38,0.07471349910191438,0.4232620824650706,0.10493391287235501,1.594057153541048e-05,7.995633763800327e-05,6.189789028691226e-05,0.7896055488027062
Reid_ld8_tok32_h128_head2,val,50,20,-0.0897047624903855,0.4406499662895442,0.12292585309868354,3.084360511138584e-05,0.00013127350466675126,9.437504304514732e-05,0.7319670440602597
Reid_ld8_tok32_h128_head2,test,50,38,0.09062483018820644,0.42255768968370444,0.1108353907212511,2.5351949710439887e-05,0.0001273059148699854,9.356703996768614e-05,0.7546046305611608
Reid_ld8_tok32_h128_head2,val,60,20,-0.12605851550284553,0.43081614215219466,0.13529731881589632,4.798610061698128e-05,0.00019373622417333535,0.00013713757616642396,0.7231762947585272
Reid_ld8_tok32_h128_head2,test,60,38,0.09061866193281598,0.42118847516448177,0.11677838042588903,3.782520366257813e-05,0.00018629207471875767,0.0001349936248612051,0.7479235044493301
Reid_ld8_tok32_h128_head2,val,70,20,-0.1567391978882291,0.42243512345619044,0.1462165885183827,7.012749734940371e-05,0.0002695090508495923,0.00019147247439832427,0.7286586115567181
Reid_ld8_tok32_h128_head2,test,70,38,0.08564738131760463,0.4192064499553823,0.12221795165038139,5.3573135083321465e-05,0.0002571933858378447,0.0001873481868594689,0.7551744564256314
Reid_ld8_tok32_h128_head2,val,80,20,-0.18039749493294366,0.415378519160567,0.15565216738416532,9.768261763838381e-05,0.0003589820029446855,0.000258229547762312,0.7408907520630688
Reid_ld8_tok32_h128_head2,test,80,38,0.08026959351216023,0.41715186558912043,0.12692791977787948,7.283478801486796e-05,0.0003402265796658436,0.00025149197034280454,0.7692692572127108
Reid_ld8_tok32_h128_head2,val,90,20,-0.19792638302749888,0.4096701906612226,0.16376502394171816,0.0001310223800373933,0.00046249211591202765,0.0003378380279173143,0.7556354089361267
Reid_ld8_tok32_h128_head2,test,90,38,0.07606973324327748,0.41525568295658244,0.1308870052812135,9.587511364148476e-05,0.00043563711867471665,0.00032791068990359475,0.7860100596477824
Reid_ld8_tok32_h128_head2,val,100,20,-0.21053527750536016,0.40510783746896195,0.17081218881545043,0.0001704700931213665,0.000580337000428699,0.0004303129797335714,0.7703255023557778
Reid_ld8_tok32_h128_head2,test,100,38,0.0738252253352003,0.4139006108111579,0.13414230010057118,0.0001229240436163979,0.0005436322619636101,0.0004166990601286096,0.8028777577283862
Reid_ld16_tok32_h128_head2,val,10,20,-0.9070373947936132,0.6742612999674383,0.09554008349570503,4.0197135149355745e-06,4.488473609853827e-06,1.2648953725147293e-05,2.8040663230603053
Reid_ld16_tok32_h128_head2,test,10,38,-0.6601907331698582,0.7090785137687543,0.09118084032313156,3.199230595902535e-06,4.555915821631635e-06,1.0776066059598202e-05,2.3486805253811034
Reid_ld16_tok32_h128_head2,val,20,20,0.23563007944318326,0.6997050579576722,0.05795232154778709,4.303340739397754e-06,1.8944466683024074e-05,2.4520928627680404e-05,1.292142405855582
Reid_ld16_tok32_h128_head2,test,20,38,0.3736059410855991,0.7407025449338792,0.05285955419107444,3.4330917897980393e-06,1.8967649817855808e-05,2.1885416931342517e-05,1.154088086901002
Reid_ld16_tok32_h128_head2,val,30,20,0.43156106490675294,0.7084170223240078,0.05235001570123772,7.541855774206852e-06,4.442684421519516e-05,4.2558007407933474e-05,0.9598356598263648
Reid_ld16_tok32_h128_head2,test,30,38,0.5554306935495414,0.7629205894078904,0.0452268620477011,5.8533217354220385e-06,4.3955074081742695e-05,3.904622659128539e-05,0.8954495996546017
Reid_ld16_tok32_h128_head2,val,40,20,0.45475025923221757,0.7112313302876581,0.05657951663681717,1.4025600432887585e-05,8.167323358065914e-05,6.801894396630814e-05,0.8372239109019144
Reid_ld16_tok32_h128_head2,test,40,38,0.6000715591240701,0.7763856934576369,0.04535466164190144,1.0486392718097417e-05,7.995633763800327e-05,6.33789089701359e-05,0.8038162248005066
Reid_ld16_tok32_h128_head2,val,50,20,0.451430491309075,0.7132766319924333,0.06188224293490928,2.3926405538077235e-05,0.00013127350466675126,0.00010228081919194665,0.7856107687674833
Reid_ld16_tok32_h128_head2,test,50,38,0.6146905114046111,0.7848446253328425,0.04696183614284728,1.7302576584131058e-05,0.0001273059148699854,9.607329124456125e-05,0.7686861979604767
Reid_ld16_tok32_h128_head2,val,60,20,0.44697708266171177,0.7157548143692549,0.06644638527173093,3.742346256103701e-05,0.00019373622417333535,0.00014674881349492354,0.7659060007982329
Reid_ld16_tok32_h128_head2,test,60,38,0.6210957333257112,0.7902861790104158,0.048657064694914196,2.631677608334078e-05,0.00018629207471875767,0.0001383158856984473,0.7588167433181767
Reid_ld16_tok32_h128_head2,val,70,20,0.4451763580047483,0.718529929387923,0.07013198853293197,5.476150180356853e-05,0.0002695090508495923,0.00020272344263503329,0.7626969326291475
Reid_ld16_tok32_h128_head2,test,70,38,0.624844133338456,0.7938718258804884,0.05014562285507491,3.762963557332305e-05,0.0002571933858378447,0.0001912014624011997,0.7618028190947169
Reid_ld16_tok32_h128_head2,val,80,20,0.44618967098534745,0.7215049770724671,0.07302775412596528,7.623962324032618e-05,0.0003589820029446855,0.0002712490750127472,0.7683388747625173
Reid_ld16_tok32_h128_head2,test,80,38,0.6276325060687016,0.7963555798770845,0.05138878856695358,5.141111157507495e-05,0.0003402265796658436,0.0002556437791913356,0.7716492051665753
Reid_ld16_tok32_h128_head2,val,90,20,0.4488661942860013,0.7243895462762663,0.07534389605790273,0.00010218412403446564,0.00046249211591202765,0.00035300380695844067,0.7784285414280353
Reid_ld16_tok32_h128_head2,test,90,38,0.6297905810744602,0.7980652856833396,0.05244508586146449,6.790757962143719e-05,0.00043563711867471665,0.00033229598499785523,0.7847815450411887
Reid_ld16_tok32_h128_head2,val,100,20,0.45232198290817927,0.7269609695462841,0.07727992946917264,0.00013291235341057473,0.000580337000428699,0.0004482700911466964,0.7902086587519469
Reid_ld16_tok32_h128_head2,test,100,38,0.631498883206286,0.7992674933746551,0.05337177037047704,8.73967963128196e-05,0.0005436322619636101,0.00042149249776756684,0.7989792259147074
Reid_ld16_tok32_h192_head4,val,10,20,-1.2103524784632862,0.6891395024906586,0.11073577315466084,4.583450800055289e-06,4.488473609853827e-06,1.3743532826993033e-05,3.062684248380385
Reid_ld16_tok32_h192_head4,test,10,38,-1.6622895179477792,0.6571052784201982,0.14621801614712845,4.526029451761515e-06,4.555915821631635e-06,1.3126660519446887e-05,2.8470150999089276
Reid_ld16_tok32_h192_head4,val,20,20,0.023981593201734763,0.6793611290710581,0.07399889899661162,4.701621327285465e-06,1.8944466683024074e-05,2.5274615518355857e-05,1.3377259773596772
Reid_ld16_tok32_h192_head4,test,20,38,-0.021870284507777837,0.663723999404634,0.0862326308997911,4.689440171851426e-06,1.8967649817855808e-05,2.4385450567359313e-05,1.2752861696521165
Reid_ld16_tok32_h192_head4,val,30,20,0.2781331313937432,0.6703415935672478,0.06647986190379764,8.08446760629522e-06,4.442684421519516e-05,4.327577162257512e-05,0.9790498900805156
Reid_ld16_tok32_h192_head4,test,30,38,0.2744641995070377,0.6657611074245129,0.0738101058337914,7.461131265005717e-06,4.3955074081742695e-05,4.195276343173311e-05,0.9523360881313919
Reid_ld16_tok32_h192_head4,val,40,20,0.3220788817016301,0.6636907123750614,0.07034657024724388,1.4913567656549277e-05,8.167323358065914e-05,6.961968738323776e-05,0.8588755936617369
Reid_ld16_tok32_h192_head4,test,40,38,0.35877964530809625,0.6671026874745498,0.07271883980357766,1.2793899740795736e-05,7.995633763800327e-05,6.758885779402733e-05,0.8478979382896675
Reid_ld16_tok32_h192_head4,val,50,20,0.3188312083918272,0.6578281438019395,0.07684031280295778,2.5358803509334393e-05,0.00013127350466675126,0.00010616467843647115,0.8173115604739918
Reid_ld16_tok32_h192_head4,test,50,38,0.3870761296413452,0.6679702411938381,0.0747036634699875,2.066954010914694e-05,0.0001273059148699854,0.00010297857730428835,0.8151913034974753
Reid_ld16_tok32_h192_head4,val,60,20,0.305884197014738,0.6517699372594727,0.08339886941817773,3.970734776430618e-05,0.00019373622417333535,0.00015456104156328366,0.8092676004291566
Reid_ld16_tok32_h192_head4,test,60,38,0.39729284646119156,0.6682538348551746,0.0773967557009179,3.118423490521213e-05,0.00018629207471875767,0.0001495350651997509,0.8124349156311914
Reid_ld16_tok32_h192_head4,val,70,20,0.29215933165145835,0.6453187521515887,0.08947396952523459,5.83467332944565e-05,0.0002695090508495923,0.00021609685827570502,0.816954203105728
Reid_ld16_tok32_h192_head4,test,70,38,0.40076999710748407,0.6678670245875576,0.08009673951228057,4.45411603538416e-05,0.0002571933858378447,0.00020832057749717742,0.8231365901791483
Reid_ld16_tok32_h192_head4,val,80,20,0.2798481377082158,0.6387740231044806,0.0949622467792741,8.171930824119045e-05,0.0003589820029446855,0.00029157537428545763,0.8316286773178068
Reid_ld16_tok32_h192_head4,test,80,38,0.40187645834395835,0.6671489860988339,0.08254438080664127,6.098379704828978e-05,0.0003402265796658436,0.00027999110017461995,0.8395138433108096
Reid_ld16_tok32_h192_head4,val,90,20,0.2694514411297334,0.6326507365550194,0.09987116397888915,0.0001102320798281653,0.00046249211591202765,0.000381275886320509,0.84844200400725
Reid_ld16_tok32_h192_head4,test,90,38,0.40209505222371034,0.6662058905576639,0.08470118457312623,8.078316872534312e-05,0.00043563711867471665,0.000364792275496783,0.8572609079281487
Reid_ld16_tok32_h192_head4,val,100,20,0.2610675552701722,0.6273113442598863,0.1042668236246381,0.0001442276322904945,0.000580337000428699,0.00048503226425964383,0.864632328107928
Reid_ld16_tok32_h192_head4,test,100,38,0.40236644685829626,0.66532038376471,0.08655811152351821,0.00010417391855585983,0.0005436322619636101,0.0004626393531093766,0.8740900984508964
Reid_ld16_tok64_h192_head4,val,10,20,-0.7315687689406163,0.6962725285735823,0.0867493344466093,4.389145425420793e-06,4.488473609853827e-06,1.1381995341253059e-05,2.5327228782356372
Reid_ld16_tok64_h192_head4,test,10,38,-0.07862487346486113,0.7174667574733226,0.059240134516456835,4.460062020945388e-06,4.555915821631635e-06,1.1477654604612708e-05,2.501277597958115
Reid_ld16_tok64_h192_head4,val,20,20,-0.1818337086830284,0.6822524765131023,0.08960322124099286,5.673120114124686e-06,1.8944466683024074e-05,2.2296198085314246e-05,1.1801018105560988
Reid_ld16_tok64_h192_head4,test,20,38,0.32334146815922415,0.7241218387373484,0.05710122537668923,5.088172318473401e-06,1.8967649817855808e-05,2.196838443667634e-05,1.159399695566865
Reid_ld16_tok64_h192_head4,val,30,20,0.04262484467014038,0.6825127236750589,0.0881688450937506,9.874030820355983e-06,4.442684421519516e-05,4.02151143134688e-05,0.909692264050779
Reid_ld16_tok64_h192_head4,test,30,38,0.4133792532461805,0.7252349045226838,0.05967801915877638,7.95151126304087e-06,4.3955074081742695e-05,3.905605669723101e-05,0.8960665234724968
Reid_ld16_tok64_h192_head4,val,40,20,0.13730350571712524,0.6810366907426207,0.08952035553849069,1.715939736186556e-05,8.167323358065914e-05,6.704138068016618e-05,0.8260214437739982
Reid_ld16_tok64_h192_head4,test,40,38,0.4561227150031051,0.7265024243531,0.06167945990968606,1.2944569765462993e-05,7.995633763800327e-05,6.447476679520485e-05,0.8175545907683887
Reid_ld16_tok64_h192_head4,val,50,20,0.19185893248519914,0.6790795461024508,0.09116361932869335,2.777818240247143e-05,0.00013127350466675126,0.00010451570087752771,0.8023840757827664
Reid_ld16_tok64_h192_head4,test,50,38,0.48245142814617237,0.7286717025788811,0.06307924395001505,2.0062416374936508e-05,0.0001273059148699854,9.991273423350464e-05,0.7987758855556912
Reid_ld16_tok64_h192_head4,val,60,20,0.22681965530524162,0.6768412623995764,0.09289857157346545,4.2095074195458435e-05,0.00019373622417333535,0.00015396979069919324,0.8027066163570398
Reid_ld16_tok64_h192_head4,test,60,38,0.4999362779680898,0.7314038906320836,0.06421577959005154,2.9456715956736223e-05,0.00018629207471875767,0.00014673916187970653,0.8040545940239312
Reid_ld16_tok64_h192_head4,val,70,20,0.24967924993483503,0.6744166619321781,0.09484362643659913,6.0545687256308155e-05,0.0002695090508495923,0.00021621181222144514,0.8127132071621617
Reid_ld16_tok64_h192_head4,test,70,38,0.5118146891014261,0.7342343342563136,0.06525382823292732,4.139045941692051e-05,0.0002571933858378447,0.00020581132450484132,0.818857403081258
Reid_ld16_tok64_h192_head4,val,80,20,0.2645918097633796,0.6719237292875745,0.09697401020738294,8.357395245184307e-05,0.0003589820029446855,0.0002915403892984614,0.8257190435389349
Reid_ld16_tok64_h192_head4,test,80,38,0.5203096979862796,0.7369580205328556,0.06619993396187591,5.6139331024353035e-05,0.0003402265796658436,0.0002774239581317249,0.8362185888565703
Reid_ld16_tok64_h192_head4,val,90,20,0.2739642853038351,0.6694928329795448,0.09925422620651184,0.00011158518768752401,0.00046249211591202765,0.0003798413104959764,0.8384115557211773
Reid_ld16_tok64_h192_head4,test,90,38,0.5264805924782932,0.7393155648201172,0.06708031917886058,7.397213411614327e-05,0.00043563711867471665,0.00036138412389463107,0.8524519348276889
Reid_ld16_tok64_h192_head4,val,100,20,0.27973867228460925,0.6672457431355416,0.10163224169701537,0.00014491527012978623,0.000580337000428699,0.00048071349010569975,0.8491684388472305
Reid_ld16_tok64_h192_head4,test,100,38,0.5311545490439455,0.7412978856858122,0.06790511780640593,9.510770266723212e-05,0.0005436322619636101,0.0004571561822606447,0.8658242527665622
Reid_ld32_tok32_h192_head4,val,10,20,-0.024594485500816887,0.7292800046931862,0.051330845929521474,1.0109775689670642e-05,4.488473609853827e-06,2.4486796610290186e-05,5.451221931362849
Reid_ld32_tok32_h192_head4,test,10,38,-0.2579396502877971,0.7401095890000525,0.06908844393440687,1.0282866684830974e-05,4.555915821631635e-06,2.4607251170413003e-05,5.387013770034425
Reid_ld32_tok32_h192_head4,val,20,20,0.46561947115088465,0.7342762800822896,0.04051518957493894,8.246045285886795e-06,1.8944466683024074e-05,3.925226365026901e-05,2.076308612821018
Reid_ld32_tok32_h192_head4,test,20,38,0.3549882159188513,0.7483274123216221,0.05443064931619713,8.24286107552708e-06,1.8967649817855808e-05,3.942366828069728e-05,2.0876202575463836
Reid_ld32_tok32_h192_head4,val,30,20,0.5233872091196616,0.7361516669061972,0.04389334640123397,9.67111461704917e-06,4.442684421519516e-05,6.000320663588354e-05,1.3566232999044985
Reid_ld32_tok32_h192_head4,test,30,38,0.48408755299383743,0.753906104517171,0.05248473237105897,8.903026486893251e-06,4.3955074081742695e-05,6.0105174270574935e-05,1.3822037129506728
Reid_ld32_tok32_h192_head4,val,40,20,0.5272730527268256,0.7377992187009289,0.049053965876722096,1.4637685080742812e-05,8.167323358065914e-05,8.805684265098535e-05,1.0852204285843354
Reid_ld32_tok32_h192_head4,test,40,38,0.5282775368722772,0.7575740458256107,0.05349660218508821,1.2299888046647156e-05,7.995633763800327e-05,8.787714690889085e-05,1.1163884691993538
Reid_ld32_tok32_h192_head4,val,50,20,0.5223090287456118,0.7390479495702389,0.05388667846581287,2.3316479928325862e-05,0.00013127350466675126,0.00012471220979932697,0.9584881916351794
Reid_ld32_tok32_h192_head4,test,50,38,0.5457455077351292,0.7600184751541444,0.05536490967471711,1.843206040886894e-05,0.0001273059148699854,0.0001239702375498478,0.9929387893275446
Reid_ld32_tok32_h192_head4,val,60,20,0.5163420091515428,0.7395201323172435,0.05811210384254158,3.5899619820156656e-05,0.00019373622417333535,0.00017114728252636268,0.8938742598361319
Reid_ld32_tok32_h192_head4,test,60,38,0.5528803405553373,0.7619519860750564,0.05741695755215209,2.7348658836432916e-05,0.00018629207471875767,0.0001694605900985679,0.9304163171927143
Reid_ld32_tok32_h192_head4,val,70,20,0.5104132887203551,0.7391054329440663,0.061885772383206736,5.261685387267789e-05,0.0002695090508495923,0.0002282690336869564,0.8600261994541135
Reid_ld32_tok32_h192_head4,test,70,38,0.5558743376834059,0.7637595989954968,0.05936454669088401,3.915796247910246e-05,0.0002571933858378447,0.00022514484092090768,0.8976980029571258
Reid_ld32_tok32_h192_head4,val,80,20,0.5043991939254234,0.7378883788012622,0.0653520021467256,7.37391167149326e-05,0.0003589820029446855,0.0002966001396998763,0.8422958850747702
Reid_ld32_tok32_h192_head4,test,80,38,0.5573447362815689,0.7656186036416378,0.06108889236038536,5.399172080519508e-05,0.0003402265796658436,0.0002914885381438867,0.8804903892799719
Reid_ld32_tok32_h192_head4,val,90,20,0.4978921934948425,0.7359764322781698,0.06864169461384434,9.95529189140143e-05,0.00046249211591202765,0.00037628113059327004,0.8329962919947101
Reid_ld32_tok32_h192_head4,test,90,38,0.5580269972870238,0.7673112240512383,0.06261135155071074,7.200484377503209e-05,0.00043563711867471665,0.00036861528343778397,0.871200402279371
Reid_ld32_tok32_h192_head4,val,100,20,0.4910718554570981,0.7336178362846084,0.07181214123582126,0.00013033697673563437,0.000580337000428699,0.0004671416900237091,0.8278072573184124
Reid_ld32_tok32_h192_head4,test,100,38,0.5582816818907075,0.7687002686091484,0.06397616606345287,9.332531816366291e-05,0.0005436322619636101,0.00045632848234258985,0.8656277313366608
Reid_ld32_tok64_h192_head4,val,10,20,-1.51035110556658,0.5654701128869908,0.12576531266987703,7.3199518624278426e-06,4.488473609853827e-06,1.8881035612139385e-05,4.205394351305662
Reid_ld32_tok64_h192_head4,test,10,38,-1.5637965953821964,0.5643423234386816,0.1408085970569111,7.73244959131453e-06,4.555915821631635e-06,1.9413749190502322e-05,4.250886860457772
Reid_ld32_tok64_h192_head4,val,20,20,-0.059370569241603555,0.5785085107180931,0.08031841941429226,6.712686160881276e-06,1.8944466683024074e-05,3.268869540988817e-05,1.7247604908852998
Reid_ld32_tok64_h192_head4,test,20,38,-0.18643059116909844,0.5688915901200967,0.10011939167581019,6.964934671391108e-06,1.8967649817855808e-05,3.311522356709343e-05,1.7536307474227606
Reid_ld32_tok64_h192_head4,val,30,20,0.20542164099839688,0.5843893929254582,0.07317617953593232,9.35115581341961e-06,4.442684421519516e-05,5.290679437166546e-05,1.1923622562352663
Reid_ld32_tok64_h192_head4,test,30,38,0.12083014355816168,0.5726844920195421,0.08943958396782203,8.913560260512704e-06,4.3955074081742695e-05,5.287207376999217e-05,1.2168874337564943
Reid_ld32_tok64_h192_head4,val,40,20,0.26784800140849785,0.5875078300973183,0.07597400436478033,1.5611574417562225e-05,8.167323358065914e-05,8.089406346698525e-05,0.9937738071678796
Reid_ld32_tok64_h192_head4,test,40,38,0.23064323969644696,0.5763382561482098,0.08725039776879055,1.366857916189857e-05,7.995633763800327e-05,7.988951993435254e-05,1.0167876503217663
Reid_ld32_tok64_h192_head4,val,50,20,0.27551793686388015,0.5888424260945098,0.08172633426155886,2.5791430630306422e-05,0.00013127350466675126,0.00011782715482695494,0.902868805837541
Reid_ld32_tok64_h192_head4,test,50,38,0.27897702176793426,0.5803562515251928,0.08787887130004936,2.1255982825383207e-05,0.0001273059148699854,0.0001153125738614778,0.9261616313157223
Reid_ld32_tok64_h192_head4,val,60,20,0.26524980340179616,0.5887355511456407,0.08828114190388936,4.021043521333923e-05,0.00019373622417333535,0.0001645764848944964,0.8571920390109395
Reid_ld32_tok64_h192_head4,test,60,38,0.30383224880795534,0.5849705477800793,0.08939851642626749,3.171922138503042e-05,0.00018629207471875767,0.00016008163832961336,0.8820769208705821
Reid_ld32_tok64_h192_head4,val,70,20,0.24919661844173613,0.587566781659412,0.0949046330408201,5.92115645758895e-05,0.0002695090508495923,0.0002216860135376919,0.8331033759653248
Reid_ld32_tok64_h192_head4,test,70,38,0.31830901638711817,0.5897213394536509,0.091118977485687,4.5149145056424653e-05,0.0002571933858378447,0.000214826245562443,0.8602705763296526
Reid_ld32_tok64_h192_head4,val,80,20,0.23204728605535208,0.5857751231161952,0.10126546768114486,8.313358976010931e-05,0.0003589820029446855,0.0002893979864893481,0.8198771287382574
Reid_ld32_tok64_h192_head4,test,80,38,0.3277855148143597,0.5943305489837354,0.0927693437634538,6.167201167715432e-05,0.0003402265796658436,0.0002798009820827773,0.8495367201042666
Reid_ld32_tok64_h192_head4,val,90,20,0.21544348387254308,0.5835434120038503,0.10725443438563502,0.00011229256006117794,0.00046249211591202765,0.000367667421232909,0.8120132959524312
Reid_ld32_tok64_h192_head4,test,90,38,0.3345939713653021,0.5984796589011073,0.0942636100555338,8.146404970351509e-05,0.00043563711867471665,0.0003548653215770365,0.8438119193101813
Reid_ld32_tok64_h192_head4,val,100,20,0.2008272677859989,0.5812254450402093,0.11276700990689874,0.00014696368007207638,0.000580337000428699,0.00045618240255862474,0.8064439786810353
Reid_ld32_tok64_h192_head4,test,100,38,0.340237790278625,0.6022697459160699,0.09555650051416183,0.00010470053958718046,0.0005436322619636101,0.00043954514426571364,0.8397879789582274
Reid_ld32_tok64_h256_head4,val,10,20,0.33114448620218484,0.7361000780428909,0.03350878792899691,4.2915285007438795e-06,4.488473609853827e-06,1.3087135630485137e-05,2.916122791307812
Reid_ld32_tok64_h256_head4,test,10,38,0.4955932514641074,0.7474617000550483,0.027702980312597384,4.439495345004137e-06,4.555915821631635e-06,1.3261599561749455e-05,2.87360847778692
Reid_ld32_tok64_h256_head4,val,20,20,0.5080547848308294,0.7490708893402405,0.03729786655211524,4.84132207247967e-06,1.8944466683024074e-05,2.5376353460160316e-05,1.3466998439415956
Reid_ld32_tok64_h256_head4,test,20,38,0.5751724426042597,0.7591572011334543,0.03584994936085535,4.694601114495431e-06,1.8967649817855808e-05,2.5797384751058416e-05,1.3572229472435444
Reid_ld32_tok64_h256_head4,val,30,20,0.4901601995950401,0.7535728205401456,0.04695336633113861,8.167889166088572e-06,4.442684421519516e-05,4.403867951623397e-05,1.001970769266895
Reid_ld32_tok64_h256_head4,test,30,38,0.5724738268569419,0.7659288327168237,0.04349303241130833,7.126775926735718e-06,4.3955074081742695e-05,4.486665344110837e-05,1.0296857059129692
Reid_ld32_tok64_h256_head4,val,40,20,0.475659289552231,0.7569049129768749,0.054409826785731565,1.4496971948574355e-05,8.167323358065914e-05,7.041248099994845e-05,0.8756304240057421
Reid_ld32_tok64_h256_head4,test,40,38,0.5727252746541491,0.7709305601483492,0.04845592014849818,1.1741275216081704e-05,7.995633763800327e-05,7.174464113440511e-05,0.9129263322974431
Reid_ld32_tok64_h256_head4,val,50,20,0.4718406928208969,0.7600147973614758,0.059579838174354804,2.4010130778151507e-05,0.00013127350466675126,0.00010584553019725718,0.8226532575218185
Reid_ld32_tok64_h256_head4,test,50,38,0.5781705939844592,0.7752005070098524,0.05141291359772003,1.8522968359416393e-05,0.0001273059148699854,0.00010772114700031172,0.8666234110167487
Reid_ld32_tok64_h256_head4,val,60,20,0.47494705711193075,0.7629020522090917,0.06308575836081602,3.6923798347743286e-05,0.00019373622417333535,0.00015157306006585713,0.8018117389155002
Reid_ld32_tok64_h256_head4,test,60,38,0.5863109932464164,0.7792091537702122,0.05312395382046984,2.7523143809335843e-05,0.00018629207471875767,0.00015397311443322045,0.850968620854373
Reid_ld32_tok64_h256_head4,val,70,20,0.4810774999849091,0.765373382866949,0.06559393664203336,5.3525980410995545e-05,0.0002695090508495923,0.0002086162960040383,0.7968707306048162
Reid_ld32_tok64_h256_head4,test,70,38,0.5947461416848798,0.782798472350257,0.054168704118834156,3.888525283831481e-05,0.0002571933858378447,0.00021143564242122106,0.850057982032956
Reid_ld32_tok64_h256_head4,val,80,20,0.48802540794599647,0.7673278686548922,0.06751111828084366,7.415074214804918e-05,0.0003589820029446855,0.0002776988381810952,0.7999543115172949
Reid_ld32_tok64_h256_head4,test,80,38,0.602154823703494,0.7857778222847431,0.054904850665766135,5.28139832902908e-05,0.0003402265796658436,0.00028071351890072326,0.8562469889707177
Reid_ld32_tok64_h256_head4,val,90,20,0.49408922704372094,0.7686844520282017,0.0691615870719631,9.915170408021367e-05,0.00046249211591202765,0.0003591978922486305,0.8066917737039951
Reid_ld32_tok64_h256_head4,test,90,38,0.6076862617577126,0.7878806524358516,0.055576456553870404,6.956621542772872e-05,0.00043563711867471665,0.00036204758477029637,0.8651561879246671
Reid_ld32_tok64_h256_head4,val,100,20,0.49865713622100494,0.7694486371595135,0.07074182264689693,0.00012886169529338076,0.000580337000428699,0.00045315045572351663,0.8144804687447035
Reid_ld32_tok64_h256_head4,test,100,38,0.6112998773057311,0.7891726396017605,0.05629728851820038,8.940036713954071e-05,0.0005436322619636101,0.0004553403506227034,0.8743072751915963
Reid_ld32_tok96_h256_head4,val,10,20,-1.934932656913999,0.5509142893651371,0.14703629402410393,5.156197414635244e-06,4.488473609853827e-06,7.486321510441485e-06,1.6623212776330583
Reid_ld32_tok96_h256_head4,test,10,38,-3.3468195332346324,0.6591765093572406,0.23873561624848863,5.3457779747651855e-06,4.555915821631635e-06,6.258550336880082e-06,1.358757323481987
Reid_ld32_tok96_h256_head4,val,20,20,-0.2218730634499213,0.6595348088744915,0.09263888957331891,7.414617516587896e-06,1.8944466683024074e-05,1.4791430407967709e-05,0.7756632559019419
Reid_ld32_tok96_h256_head4,test,20,38,-0.33289813564882054,0.7876606604417419,0.11247935741060251,7.78930287400439e-06,1.8967649817855808e-05,1.2316941545003302e-05,0.6425500447146155
Reid_ld32_tok96_h256_head4,val,30,20,0.26662129257209877,0.7290531369241581,0.06754003724693163,1.2288619018363534e-05,4.442684421519516e-05,2.832445334206568e-05,0.6333417225558103
Reid_ld32_tok96_h256_head4,test,30,38,0.21544222886568853,0.7875930384797721,0.07981452063537246,1.2098643681287955e-05,4.3955074081742695e-05,2.4057728224809244e-05,0.5464879564828851
Reid_ld32_tok96_h256_head4,val,40,20,0.3647147204303486,0.736445887553749,0.06592233128606743,2.00418140138936e-05,8.167323358065914e-05,4.994353585061617e-05,0.6080965152033031
Reid_ld32_tok96_h256_head4,test,40,38,0.40850660892504365,0.7841540670035576,0.06707945690701224,1.8143460148454132e-05,7.995633763800327e-05,4.312671980618401e-05,0.5428644359718918
Reid_ld32_tok96_h256_head4,val,50,20,0.3647793381760447,0.7319100818521215,0.07165706203042221,3.0965882865530146e-05,0.00013127350466675126,8.148963970597834e-05,0.6186528055564653
Reid_ld32_tok96_h256_head4,test,50,38,0.4673266043282991,0.7817327726535076,0.06492266986826506,2.5812702760001565e-05,0.0001273059148699854,7.11783375568063e-05,0.5661985968359586
Reid_ld32_tok96_h256_head4,val,60,20,0.3448603501277263,0.7246158971604023,0.07871583657277509,4.5461086961040566e-05,0.00019373622417333535,0.00012455357573344373,0.6428658605089141
Reid_ld32_tok96_h256_head4,test,60,38,0.5179544399176019,0.789489370739143,0.06190197383812402,3.51372787726608e-05,0.00018629207471875767,0.00010971583287755493,0.5993823414804417
Reid_ld32_tok96_h256_head4,val,70,20,0.32458012374070533,0.7173361557906344,0.08537584816390462,6.400120528269327e-05,0.0002695090508495923,0.0001803116232622415,0.6719107797633026
Reid_ld32_tok96_h256_head4,test,70,38,0.5593027260357977,0.7993721870270558,0.05890628737896214,4.6297734020060344e-05,0.0002571933858378447,0.00015995965211339737,0.6356651932513353
Reid_ld32_tok96_h256_head4,val,80,20,0.30763637948524536,0.710735732667913,0.0912979726013324,8.710099421023187e-05,0.0003589820029446855,0.0002494774365914054,0.7014693771906069
Reid_ld32_tok96_h256_head4,test,80,38,0.5881358914788449,0.8072288058992924,0.05683954141017322,5.9548206213309496e-05,0.0003402265796658436,0.0002227620593897116,0.6717360660727024
Reid_ld32_tok96_h256_head4,val,90,20,0.29433901770644155,0.7051927277506791,0.09646885593084743,0.00011526416628839797,0.00046249211591202765,0.00033236434392165394,0.7293138138977577
Reid_ld32_tok96_h256_head4,test,90,38,0.6092271499814906,0.8133142396099622,0.05535816925196031,7.52136558467579e-05,0.00043563711867471665,0.0002985902289143077,0.7055989178987206
Reid_ld32_tok96_h256_head4,val,100,20,0.28392733174603313,0.7006581830739331,0.10104120225842686,0.0001489702774961188,0.000580337000428699,0.0004290102806407958,0.754341255811221
Reid_ld32_tok96_h256_head4,test,100,38,0.6250161968444357,0.817934198945862,0.054310688686109145,9.362109290123044e-05,0.0005436322619636101,0.00038756581412407716,0.7361538553147976
Reid_ld64_tok64_h256_head4,val,10,20,0.3853127936053795,0.6736919418279471,0.030795026454653974,1.0874647568925865e-05,4.488473609853827e-06,2.480954985912831e-05,5.52799354212334
Reid_ld64_tok64_h256_head4,test,10,38,0.5211026886998477,0.7397906676065583,0.026301953384273356,1.1215754033113817e-05,4.555915821631635e-06,2.5578060367000655e-05,5.588133473855035
Reid_ld64_tok64_h256_head4,val,20,20,0.3948608749872283,0.6867482091634246,0.04587990213997429,9.710572976473486e-06,1.8944466683024074e-05,4.039695240862784e-05,2.1498313885995373
Reid_ld64_tok64_h256_head4,test,20,38,0.5704254389839029,0.7556401513984935,0.03625053504896095,9.488499484321342e-06,1.8967649817855808e-05,4.150499410714378e-05,2.1966561836464384
Reid_ld64_tok64_h256_head4,val,30,20,0.38659621763065233,0.6946708076257357,0.056491024199400296,1.1689046232277178e-05,4.442684421519516e-05,6.282051672314992e-05,1.4321122631307925
Reid_ld64_tok64_h256_head4,test,30,38,0.5792293782588172,0.7631054862603803,0.04280577760789375,1.024749991828637e-05,4.3955074081742695e-05,6.418036838639589e-05,1.4749788482312
Reid_ld64_tok64_h256_head4,val,40,20,0.38976649603263736,0.7004869989254621,0.06332275672693863,1.705405436496221e-05,8.167323358065914e-05,9.352625129395164e-05,1.1627724946341906
Reid_ld64_tok64_h256_head4,test,40,38,0.5851764413814224,0.7667348670661542,0.04704387140116347,1.3522581483764378e-05,7.995633763800327e-05,9.486813254816777e-05,1.203451035008052
Reid_ld64_tok64_h256_head4,val,50,20,0.3966828802367399,0.7040363674777331,0.06805813298131172,2.604081980734918e-05,0.00013127350466675126,0.00013391901084105484,1.0378420142174636
Reid_ld64_tok64_h256_head4,test,50,38,0.589110973671946,0.7685076886885219,0.05007949115827474,1.93512327625381e-05,0.0001273059148699854,0.0001347858131722253,1.0768960108888073
Reid_ld64_tok64_h256_head4,val,60,20,0.4036186365463118,0.705669135279094,0.07165595602376021,3.892062263730622e-05,0.00019373622417333535,0.0001852283145126421,0.9745243988731673
Reid_ld64_tok64_h256_head4,test,60,38,0.5906250922647427,0.7691612748330886,0.052569957960572566,2.7839728401982267e-05,0.00018629207471875767,0.00018500643292147862,1.012354162819244
Reid_ld64_tok64_h256_head4,val,70,20,0.40861838077827883,0.7057751195094908,0.07475306709839058,5.601511197710352e-05,0.0002695090508495923,0.00024840057812980376,0.9415712889577545
Reid_ld64_tok64_h256_head4,test,70,38,0.59005097698053,0.769151213319169,0.05479628848957037,3.915637654771624e-05,0.0002571933858378447,0.00024638344889114564,0.9784958864492989
Reid_ld64_tok64_h256_head4,val,80,20,0.4112095843472019,0.704625171779527,0.07764037514887126,7.767331908326014e-05,0.0003589820029446855,0.000324032085336512,0.9245933319090922
Reid_ld64_tok64_h256_head4,test,80,38,0.5884352386650902,0.7690355368526197,0.05679822983085232,5.348332122498265e-05,0.0003402265796658436,0.0003195022961192176,0.9610852671028052
Reid_ld64_tok64_h256_head4,val,90,20,0.41109891785765673,0.7024124659550046,0.08050695032912614,0.00010424840565974592,0.00046249211591202765,0.00041237398982048036,0.9161199278630656
Reid_ld64_tok64_h256_head4,test,90,38,0.5862801806248215,0.768936566534083,0.058608912524953476,7.101549932773004e-05,0.00043563711867471665,0.0004046623737514509,0.9525156921606269
Reid_ld64_tok64_h256_head4,val,100,20,0.40891230337890105,0.6995202439350582,0.08340523825939121,0.0001360475520414184,0.000580337000428699,0.0005133740647579544,0.9119453755608898
Reid_ld64_tok64_h256_head4,test,100,38,0.5842910821783385,0.7690850868086296,0.060209100846110926,9.191469483707088e-05,0.0005436322619636101,0.0005018990310705512,0.9485655979459546
Reid_ld64_tok96_h256_head4,val,10,20,-0.42689628451801287,0.6758840615073,0.07148564078226474,3.173715697357693e-06,4.488473609853827e-06,1.0215334054919367e-05,2.2673791035692052
Reid_ld64_tok96_h256_head4,test,10,38,-0.13941705097888346,0.803513672684622,0.06257895680961464,2.4544056480791416e-06,4.555915821631635e-06,8.752649011368799e-06,1.9014190756679612
Reid_ld64_tok96_h256_head4,val,20,20,0.16837922415602413,0.6912698159792822,0.06305108732225145,4.40651196527142e-06,1.8944466683024074e-05,2.071980543405516e-05,1.0906183653296606
Reid_ld64_tok96_h256_head4,test,20,38,0.5132918636762416,0.8084274478739382,0.04107186960206828,3.306006916366306e-06,1.8967649817855808e-05,1.8020827466994217e-05,0.9482804720103574
Reid_ld64_tok96_h256_head4,val,30,20,0.31200800589187216,0.7031474997522289,0.06336017726860703,8.621942288300489e-06,4.442684421519516e-05,3.731376309588086e-05,0.837890903927544
Reid_ld64_tok96_h256_head4,test,30,38,0.6182290634667129,0.8147427754063168,0.03883826712705531,6.436844180849508e-06,4.3955074081742695e-05,3.281477089139547e-05,0.7508455670942257
Reid_ld64_tok96_h256_head4,val,40,20,0.34431772245330017,0.7088556810219412,0.0680388885259819,1.603467885615828e-05,8.167323358065914e-05,6.161202963994583e-05,0.7528804095514111
Reid_ld64_tok96_h256_head4,test,40,38,0.6517202829696994,0.8209740310438632,0.03949733779385523,1.167740877487009e-05,7.995633763800327e-05,5.4592288363078535e-05,0.6904167965413608
Reid_ld64_tok96_h256_head4,val,50,20,0.35006076155204147,0.7109906720393598,0.07331741412778207,2.6866272673942148e-05,0.00013127350466675126,9.526785797788761e-05,0.7249831899490766
Reid_ld64_tok96_h256_head4,test,50,38,0.668294990096922,0.8268097144938124,0.04042847836324036,1.8875165036852675e-05,0.0001273059148699854,8.492142536086153e-05,0.6771464928757593
Reid_ld64_tok96_h256_head4,val,60,20,0.3469248161207982,0.7104093189657223,0.0784677884386828,4.142859751254946e-05,0.00019373622417333535,0.00013977659691590815,0.7220479930339638
Reid_ld64_tok96_h256_head4,test,60,38,0.6799448324080791,0.8325779838055042,0.04109994625330628,2.798779196143043e-05,0.00018629207471875767,0.0001253102845542966,0.6848922096934954
Reid_ld64_tok96_h256_head4,val,70,20,0.3402869719169619,0.7080035136202268,0.08339043800325549,6.011763903188694e-05,0.0002695090508495923,0.00019630234164651482,0.7309000428881265
Reid_ld64_tok96_h256_head4,test,70,38,0.6896297073060395,0.8382350476321649,0.041485987627888375,3.9104549434916025e-05,0.0002571933858378447,0.00017702521290630102,0.7026270887726407
Reid_ld64_tok96_h256_head4,val,80,20,0.33214874786935955,0.7043482052185047,0.08806566883663897,8.337437029695138e-05,0.0003589820029446855,0.0002655730728292838,0.7448999325943637
Reid_ld64_tok96_h256_head4,test,80,38,0.6980682955073777,0.8435692039092447,0.04166825723701315,5.24141559804105e-05,0.0003402265796658436,0.00024094637659513146,0.7246441416418493
Reid_ld64_tok96_h256_head4,val,90,20,0.3234138407606352,0.7000075004938228,0.09249412162243549,0.00011162855018937989,0.00046249211591202765,0.0003478701626590919,0.7603460545711128
Reid_ld64_tok96_h256_head4,test,90,38,0.7051035634592351,0.8481868274588948,0.04177600067417782,6.81971454301483e-05,0.00043563711867471665,0.0003174898531716807,0.7473953035394201
Reid_ld64_tok96_h256_head4,val,100,20,0.31507210032134325,0.6954996514341227,0.09664652976159348,0.00014524892267218093,0.000580337000428699,0.00044309515214990824,0.7751085874788142
Reid_ld64_tok96_h256_head4,test,100,38,0.7109529111612412,0.8519833713194913,0.04186406539547366,8.674648929148756e-05,0.0005436322619636101,0.000406624442946754,0.7687537695210459
Reid_ld64_tok128_h256_head4,val,10,20,-1.3471891351074157,0.5221780012427991,0.11759111098743998,1.6718419760763937e-05,4.488473609853827e-06,3.4766467797453517e-05,7.752815450609447
Reid_ld64_tok128_h256_head4,test,10,38,-1.5123335216557874,0.6456547992077338,0.1379821469302887,1.7577652909638248e-05,4.555915821631635e-06,3.602650725186226e-05,7.918850441525552
Reid_ld64_tok128_h256_head4,val,20,20,-0.139504063855189,0.5337595866041174,0.08639390972559523,1.3651303675032977e-05,1.8944466683024074e-05,5.1650737987074535e-05,2.7310996224728274
Reid_ld64_tok128_h256_head4,test,20,38,-0.2374310707481322,0.6708300723331971,0.10442317230034374,1.399935327801933e-05,1.8967649817855808e-05,5.2828032781498656e-05,2.8055963067689946
Reid_ld64_tok128_h256_head4,val,30,20,0.11615468655883698,0.540984541113796,0.08139716191066365,1.4467262508333078e-05,4.442684421519516e-05,7.418065524689155e-05,1.67533448091882
Reid_ld64_tok128_h256_head4,test,30,38,0.11179299578045743,0.6895329229814879,0.0903589498122845,1.3500782248037898e-05,4.3955074081742695e-05,7.483801824779029e-05,1.7259362699282066
Reid_ld64_tok128_h256_head4,val,40,20,0.18676077745966024,0.5453698203742324,0.08438826959668351,1.9600214818638052e-05,8.167323358065914e-05,0.00010358041254221462,1.2745530032318084
Reid_ld64_tok128_h256_head4,test,40,38,0.2690453722428543,0.7043817968355717,0.0828953293366605,1.614135554087912e-05,7.995633763800327e-05,0.00010309208300895989,1.3137608550955429
Reid_ld64_tok128_h256_head4,val,50,20,0.1978639913532011,0.5475961947538446,0.09048620925427105,2.933415948973561e-05,0.00013127350466675126,0.00014114382793195546,1.0823508632801588
Reid_ld64_tok128_h256_head4,test,50,38,0.35650356626154067,0.7170866667773979,0.07842987254192878,2.1847446819983336e-05,0.0001273059148699854,0.00013872162277326234,1.1147573273825369
Reid_ld64_tok128_h256_head4,val,60,20,0.18563696063078294,0.5480230851789165,0.09784672310765086,4.392908049339894e-05,0.00019373622417333535,0.00018812289927154778,0.9792876839532616
Reid_ld64_tok128_h256_head4,test,60,38,0.4115998882524948,0.7285559555889706,0.07555951416193389,3.053305150196569e-05,0.00018629207471875767,0.00018287076397284277,1.0073642004052556
Reid_ld64_tok128_h256_head4,val,70,20,0.16498234581402138,0.547288876617346,0.1055496632003075,6.36460804798844e-05,0.0002695090508495923,0.00024563192346249707,0.9210904414435612
Reid_ld64_tok128_h256_head4,test,70,38,0.4489825492207885,0.7388349617860965,0.07365235553751108,4.215694593767694e-05,0.0002571933858378447,0.00023660863447922135,0.946382166836894
Reid_ld64_tok128_h256_head4,val,80,20,0.14249044475656936,0.5458269042053343,0.11307480861254623,8.876161778061941e-05,0.0003589820029446855,0.0003146011862554587,0.8878097345099141
Reid_ld64_tok128_h256_head4,test,80,38,0.4755482875343072,0.7478894042385096,0.07237725796346943,5.673901664761759e-05,0.0003402265796658436,0.0003008494884278135,0.9114638489471298
Reid_ld64_tok128_h256_head4,val,90,20,0.12138014733952673,0.5439931351619994,0.12011355893420397,0.00011953511216233892,0.00046249211591202765,0.00039573676913278176,0.869162343763732
Reid_ld64_tok128_h256_head4,test,90,38,0.49489787300260557,0.7555002843229398,0.0715544312623625,7.437699473724167e-05,0.00043563711867471665,0.00037628136296437954,0.8918371078832391
Reid_ld64_tok128_h256_head4,val,100,20,0.10314839134706266,0.5419926879186737,0.12654995617505882,0.00015621453862877389,0.000580337000428699,0.0004894936675555073,0.8592652554240555
Reid_ld64_tok128_h256_head4,test,100,38,0.5095654121358428,0.761756814918704,0.07103197524331588,9.519889925669352e-05,0.0005436322619636101,0.00046333004138432443,0.8813712126567751
Reid_ld64_tok128_h384_head4,val,10,20,-0.9353582300847809,0.7066023105764595,0.0969589203658017,4.1446889639473735e-06,4.488473609853827e-06,1.1542695847310825e-05,2.5559883054480896
Reid_ld64_tok128_h384_head4,test,10,38,-0.25357072712243567,0.7681849977669188,0.06884849434454002,5.148067226687808e-06,4.555915821631635e-06,1.2958096892577343e-05,2.715127351280686
Reid_ld64_tok128_h384_head4,val,20,20,0.21760531581522435,0.7334358084205524,0.059318907109957554,4.763140475461114e-06,1.8944466683024074e-05,2.1341536285035546e-05,1.1194274717312178
Reid_ld64_tok128_h384_head4,test,20,38,0.5724458370286596,0.8323163652707404,0.03608003959419969,5.3194468630648e-06,1.8967649817855808e-05,2.2570473974108035e-05,1.1287247604256094
Reid_ld64_tok128_h384_head4,val,30,20,0.48698142042308357,0.7635438376724912,0.04724611394093314,8.327910359184898e-06,4.442684421519516e-05,3.662631033876096e-05,0.8211123389766939
Reid_ld64_tok128_h384_head4,test,30,38,0.7144710343397015,0.8640223952237924,0.029047392505897506,7.965266787012201e-06,4.3955074081742695e-05,3.705644234000111e-05,0.8067934815617201
Reid_ld64_tok128_h384_head4,val,40,20,0.5687271484767957,0.7812201995475506,0.04475235411098893,1.4980570563238871e-05,8.167323358065914e-05,5.8904264278680785e-05,0.719572969050173
Reid_ld64_tok128_h384_head4,test,40,38,0.7641042837992768,0.8830746356355377,0.02675221188976895,1.290582660155786e-05,7.995633763800327e-05,5.757722436484121e-05,0.6957865150798315
Reid_ld64_tok128_h384_head4,val,50,20,0.6018771182124958,0.7922064902842307,0.04491087546501119,2.4830884376569885e-05,0.00013127350466675126,8.976944482128602e-05,0.6831091323046106
Reid_ld64_tok128_h384_head4,test,50,38,0.7895612638798324,0.8955536492384889,0.025648445564653184,1.992112022195981e-05,0.0001273059148699854,8.53907937485737e-05,0.6533178791031048
Reid_ld64_tok128_h384_head4,val,60,20,0.6189647287832558,0.7996989317674518,0.045781857567936575,3.8048880503538386e-05,0.00019373622417333535,0.00013073052432446274,0.674848898237569
Reid_ld64_tok128_h384_head4,test,60,38,0.8057978876376364,0.9040761943103187,0.024938501822750044,2.8862365489227447e-05,0.00018629207471875767,0.00012177890599368287,0.6408688103570469
Reid_ld64_tok128_h384_head4,val,70,20,0.629861312005952,0.805253204838522,0.04678705133876617,5.487320790962258e-05,0.0002695090508495923,0.00018304389850527515,0.6802372955349922
Reid_ld64_tok128_h384_head4,test,70,38,0.8172153038338181,0.9099921414838498,0.024432118093192477,3.969467416266669e-05,0.0002571933858378447,0.00016794759147543167,0.643654608214729
Reid_ld64_tok128_h384_head4,val,80,20,0.6381389878302965,0.8097165476498308,0.04771651166477768,7.559129535366083e-05,0.0003589820029446855,0.0002476092129654717,0.6921943889715697
Reid_ld64_tok128_h384_head4,test,80,38,0.8254341861001854,0.9140955092835029,0.0240910547985986,5.2494698521561654e-05,0.0003402265796658436,0.00022492057752587194,0.6547162942497948
Reid_ld64_tok128_h384_head4,val,90,20,0.6450132910627351,0.8134393587768641,0.048529198214318336,0.00010048528488368902,0.00046249211591202765,0.0003249521520046983,0.7068509364453822
Reid_ld64_tok128_h384_head4,test,90,38,0.8310590259843597,0.9167630326549253,0.023932734919291012,6.745458451979702e-05,0.00043563711867471665,0.0002934513682511782,0.6699991399569141
Reid_ld64_tok128_h384_head4,val,100,20,0.6507017463992667,0.8164328764596948,0.049287617102667505,0.00012983651495233062,0.000580337000428699,0.0004152792986133136,0.7220119433535226
Reid_ld64_tok128_h384_head4,test,100,38,0.8345637718824931,0.9182916051350095,0.023960916197136625,8.483259329008625e-05,0.0005436322619636101,0.0003739778506937192,0.6870295303818965
Reid_ld16_tok128_h256_head4,val,10,20,0.34308650645956895,0.7020306020361682,0.03291050830657695,1.3795235076941026e-05,4.488473609853827e-06,2.8452488459151935e-05,6.3322661939782545
Reid_ld16_tok128_h256_head4,test,10,38,0.6045573201442987,0.7897256832624354,0.021718465913870916,1.6372805332234986e-05,4.555915821631635e-06,3.2919937941761945e-05,7.149963593999723
Reid_ld16_tok128_h256_head4,val,20,20,0.369122956019004,0.7077273069935235,0.047831276881317934,1.2154649471085577e-05,1.8944466683024074e-05,4.324657975303125e-05,2.2904878064133007
Reid_ld16_tok128_h256_head4,test,20,38,0.5885047410511727,0.7929992233166666,0.0347248758672345,1.3765069429370525e-05,1.8967649817855808e-05,4.8948983213018725e-05,2.578626895317583
Reid_ld16_tok128_h256_head4,val,30,20,0.37456279854804675,0.71422384912116,0.057599234138979195,1.4014274870532973e-05,4.442684421519516e-05,6.492578049801522e-05,1.472207507772646
Reid_ld16_tok128_h256_head4,test,30,38,0.5907637028379973,0.7949246735792872,0.04163236932489498,1.4166687941197828e-05,4.3955074081742695e-05,7.178286729245691e-05,1.6487165332456677
Reid_ld16_tok128_h256_head4,val,40,20,0.3896114426575237,0.7192226971326491,0.0633388463173793,1.939953467626765e-05,8.167323358065914e-05,9.55107003392186e-05,1.1810944997050945
Reid_ld16_tok128_h256_head4,test,40,38,0.6044132709544567,0.7976123563309978,0.04486228137861601,1.7297529522789102e-05,7.995633763800327e-05,0.0001031787005080045,1.3135439579098405
Reid_ld16_tok128_h256_head4,val,50,20,0.4075692005298325,0.7230749962778833,0.0668300845637976,2.8424304673535516e-05,0.00013127350466675126,0.00013697205795324408,1.0556015581631106
Reid_ld16_tok128_h256_head4,test,50,38,0.6203656048884297,0.8012052911394949,0.04627015109960067,2.295330322292437e-05,0.0001273059148699854,0.00014483447739621624,1.1651504906639905
Reid_ld16_tok128_h256_head4,val,60,20,0.42435389596086914,0.725782605710621,0.06916458904316515,4.1338383380207236e-05,0.00019373622417333535,0.00019086134489043616,0.997991270973207
Reid_ld16_tok128_h256_head4,test,60,38,0.6343804783624098,0.8051142345062688,0.04695110159141148,3.1089597302381756e-05,0.00018629207471875767,0.00019807593899282724,1.0936945555780115
Reid_ld16_tok128_h256_head4,val,70,20,0.4385233720868412,0.7276156270647378,0.07097295329504355,5.8469255554882694e-05,0.0002695090508495923,0.0002579718842753209,0.9709002182226566
Reid_ld16_tok128_h256_head4,test,70,38,0.6450103634981023,0.8087203363278399,0.04745008144986324,4.1801818928146726e-05,0.0002571933858378447,0.0002636170193957361,1.0575304855388012
Reid_ld16_tok128_h256_head4,val,80,20,0.4497422180477909,0.7286341047885769,0.0725593003615535,8.014570398700016e-05,0.0003589820029446855,0.00033834745117928834,0.9573714449386339
Reid_ld16_tok128_h256_head4,test,80,38,0.6525971689228064,0.8118409844872951,0.0479435260186293,5.526021514493837e-05,0.0003402265796658436,0.0003415888078100244,1.038051043119051
Reid_ld16_tok128_h256_head4,val,90,20,0.4575828426180355,0.7287831455478676,0.07415226847292586,0.00010668200075087952,0.00046249211591202765,0.00043159938941244035,0.949533670667309
Reid_ld16_tok128_h256_head4,test,90,38,0.6574010608395982,0.8141913091885743,0.04853369434106093,7.170340612853914e-05,0.00043563711867471665,0.00043177152110729367,1.0261801152694545
Reid_ld16_tok128_h256_head4,val,100,20,0.4620972059803171,0.7280306681558115,0.07590059977912669,0.00013836610232829117,0.000580337000428699,0.0005371720602852292,0.9437992063546752
Reid_ld16_tok128_h256_head4,test,100,38,0.6600862417235813,0.8158077978131116,0.049231327194730314,9.13865613160612e-05,0.0005436322619636101,0.0005338235304837948,1.0176787959997993
Reid_ld32_tok128_h256_head4,val,10,20,-0.0497901473090403,0.6898726067494874,0.05259311568860385,2.7320367053107475e-06,4.488473609853827e-06,9.43390266456845e-06,2.1083300393567086
Reid_ld32_tok128_h256_head4,test,10,38,-0.12014423508712846,0.7429103778448188,0.061520457016010846,3.08056503459547e-06,4.555915821631635e-06,1.0247946037404626e-05,2.218359784812803
Reid_ld32_tok128_h256_head4,val,20,20,0.3058653784519565,0.6936068031989642,0.052627283862897126,3.7873678024880064e-06,1.8944466683024074e-05,1.9217422732253908e-05,1.0192925556751935
Reid_ld32_tok128_h256_head4,test,20,38,0.48513589762933684,0.7650070604670816,0.04344786885026964,3.569539468404209e-06,1.8967649817855808e-05,2.0753449653535715e-05,1.085105088710562
Reid_ld32_tok128_h256_head4,val,30,20,0.34558361930517645,0.7023174765124182,0.06026805288927184,7.868024124491057e-06,4.442684421519516e-05,3.501165083434899e-05,0.7942313345076384
Reid_ld32_tok128_h256_head4,test,30,38,0.5629485060897876,0.7722294258159279,0.04446206100155402,6.257586787078732e-06,4.3955074081742695e-05,3.761706322716476e-05,0.8544172224887159
Reid_ld32_tok128_h256_head4,val,40,20,0.3394453453729277,0.7050378423133841,0.068544485722033,1.508887237378076e-05,8.167323358065914e-05,5.839977638970595e-05,0.7230065819183371
Reid_ld32_tok128_h256_head4,test,40,38,0.5794612543675984,0.7754466860686119,0.04769201328540768,1.1044739009871831e-05,7.995633763800327e-05,6.243004980588969e-05,0.7836220975353281
Reid_ld32_tok128_h256_head4,val,50,20,0.33131055019812006,0.7041286220278017,0.07543256109767682,2.5612731894852915e-05,0.00013127350466675126,9.091630818147678e-05,0.7029379637255416
Reid_ld32_tok128_h256_head4,test,50,38,0.5846194109276104,0.7773215038444209,0.05062692650536089,1.7912598279604264e-05,0.0001273059148699854,9.666169066086265e-05,0.765365440094246
Reid_ld32_tok128_h256_head4,val,60,20,0.32476115286768614,0.7012772395810212,0.08113077990138258,3.971824590962569e-05,0.00019373622417333535,0.00013389248088060412,0.7044426070230643
Reid_ld32_tok128_h256_head4,test,60,38,0.5869815001677314,0.7784542843672929,0.05303785054447572,2.697125843927719e-05,0.00018629207471875767,0.0001415585318586397,0.7690456103746083
Reid_ld32_tok128_h256_head4,val,70,20,0.3197023944139499,0.6979349277489109,0.0859924131970394,5.776553825853625e-05,0.0002695090508495923,0.00018834971997421234,0.7156295932773685
Reid_ld32_tok128_h256_head4,test,70,38,0.5883290864326377,0.7790549735422156,0.0550264468895461,3.842589588705443e-05,0.0002571933858378447,0.00019805262050603663,0.7823606845401933
Reid_ld32_tok128_h256_head4,val,80,20,0.3156772783626087,0.6947275281967499,0.09023766593061247,8.015155960947596e-05,0.0003589820029446855,0.0002549386190366931,0.73067265350937
Reid_ld32_tok128_h256_head4,test,80,38,0.589752659766506,0.7795978801471009,0.056616418379698115,5.2504050765827215e-05,0.0003402265796658436,0.0002667040960085088,0.7993851711804647
Reid_ld32_tok128_h256_head4,val,90,20,0.31199170697417233,0.6918788324979104,0.09405560823756302,0.00010726300472470029,0.00046249211591202765,0.0003339274669997394,0.7464009773581146
Reid_ld32_tok128_h256_head4,test,90,38,0.5912174618249134,0.7800555262793534,0.0579094810053219,6.94604816424927e-05,0.00043563711867471665,0.00034772649278717215,0.8168037016602494
Reid_ld32_tok128_h256_head4,val,100,20,0.30864428914207875,0.6894927931624426,0.09755352397913103,0.00013943844237473968,0.000580337000428699,0.0004252761529642157,0.7610729581517486
Reid_ld32_tok128_h256_head4,test,100,38,0.5929100746517828,0.7805449565322936,0.05896077115007081,8.952551740405492e-05,0.0005436322619636101,0.0004410769700035943,0.8329083487249459
Reid_ld96_tok128_h384_head4,val,10,20,-0.4250831988684267,0.6065984262720181,0.07139480755853288,5.174917612293939e-06,4.488473609853827e-06,1.2459403933462454e-05,2.785626856794944
Reid_ld96_tok128_h384_head4,test,10,38,0.0793350078409355,0.7304090574145541,0.05056467667475168,4.307380337602233e-06,4.555915821631635e-06,1.090687062275576e-05,2.3458968222246632
Reid_ld96_tok128_h384_head4,val,20,20,-0.07147263206845977,0.6325584734659216,0.08123596289353144,6.882298600885406e-06,1.8944466683024074e-05,2.235651886621781e-05,1.1894780997861476
Reid_ld96_tok128_h384_head4,test,20,38,0.43762905831082477,0.7615323914632645,0.04745683143806251,5.422210691856315e-06,1.8967649817855808e-05,1.9984021791012646e-05,1.0390984496048534
Reid_ld96_tok128_h384_head4,val,30,20,-0.011260726192321657,0.6378598447728575,0.09313140185502752,1.2060892561294168e-05,4.442684421519516e-05,3.7407455147331346e-05,0.8507156770365667
Reid_ld96_tok128_h384_head4,test,30,38,0.5068976508682157,0.774936632938903,0.05016421870785574,9.092687569615296e-06,4.3955074081742695e-05,3.398916346429216e-05,0.7696597966880134
Reid_ld96_tok128_h384_head4,val,40,20,0.015541188337449663,0.6391559040266466,0.10215539696413137,2.0856291268955828e-05,8.167323358065914e-05,5.888390023756074e-05,0.7296825011948925
Reid_ld96_tok128_h384_head4,test,40,38,0.5370810673911816,0.7818455782518949,0.05249822070698042,1.5135117702189554e-05,7.995633763800327e-05,5.413365957601376e-05,0.6790139453188048
Reid_ld96_tok128_h384_head4,val,50,20,0.03390438962653142,0.6389044358524453,0.1089819290214397,3.3389143095519105e-05,0.00013127350466675126,8.815903329377761e-05,0.6809751809534939
Reid_ld96_tok128_h384_head4,test,50,38,0.5560230328471288,0.7855039940607443,0.05411227649398963,2.3359751606365437e-05,0.0001273059148699854,8.175215570142762e-05,0.6478932313901228
Reid_ld96_tok128_h384_head4,val,60,20,0.04820004658776267,0.6373186660853912,0.11435993775888757,4.982934285635565e-05,0.00019373622417333535,0.0001266367642529076,0.6643580321862157
Reid_ld96_tok128_h384_head4,test,60,38,0.5697182652077479,0.7875177442938376,0.05525471220102043,3.366350153412082e-05,0.00018629207471875767,0.0001182324746256008,0.64339062271613
Reid_ld96_tok128_h384_head4,val,70,20,0.05891834763877857,0.6346199131601141,0.11895658846584387,7.043942994187092e-05,0.0002695090508495923,0.00017565888192621059,0.6643336353514292
Reid_ld96_tok128_h384_head4,test,70,38,0.5797122722312197,0.7885625439218376,0.05617822286735957,4.6071374634649197e-05,0.0002571933858378447,0.00016492578039393075,0.6526714760896298
Reid_ld96_tok128_h384_head4,val,80,20,0.06648695072797706,0.6308916320981469,0.12309694829439291,9.55700962094852e-05,0.0003589820029446855,0.00023640281215193683,0.6734635573056207
Reid_ld96_tok128_h384_head4,test,80,38,0.5873109535741163,0.789293764556341,0.056953387436633265,6.0711978532804334e-05,0.0003402265796658436,0.0002230437775755203,0.669579777975093
Reid_ld96_tok128_h384_head4,val,90,20,0.07079610708441841,0.626348801265259,0.1270287556281034,0.0001256354420547723,0.00046249211591202765,0.00030979048169683666,0.6875515548035007
Reid_ld96_tok128_h384_head4,test,90,38,0.5929554112900441,0.7898491844999637,0.05766327735878528,7.782953116475255e-05,0.00043563711867471665,0.00029356178205680887,0.6904184226787833
Reid_ld96_tok128_h384_head4,val,100,20,0.07272328398864769,0.6213502612608383,0.13084308110863838,0.00016105784161482006,0.000580337000428699,0.0003964258343330584,0.7039443244816618
Reid_ld96_tok128_h384_head4,test,100,38,0.597375083872437,0.7904962314787319,0.0583140826165318,9.771719367946437e-05,0.0005436322619636101,0.0003771509072976187,0.712853135948458
