original_sim_idx,node_count,edge_count,degree_mean,degree_std,edge_len_mean,edge_len_std,stiffness_mean,stiffness_std,node_stiffness_mean,node_stiffness_std,horizontal_edge_fraction,vertical_edge_fraction,diagonal_edge_fraction,horizontal_stiffness,vertical_stiffness,diagonal_stiffness,horizontal_edge_len,vertical_edge_len,diagonal_edge_len,angle_mean,angle_std,right_angle_fraction
0,200,580,5.8,0.812403840463596,2.6568674014046274,3.9345612041517315,0.8431189633135138,0.39472780659633055,0.8523466733967265,0.15118968363173216,0.3793103448275862,0.4103448275862069,0.2103448275862069,0.8795321616259488,0.8289568138723614,0.8050836185451413,2.9096454125913707,2.945996100662135,1.6370002466147062,87.05110151311274,48.37840545176438,0.21157894736842106
1,112,327,5.839285714285714,0.7140624651118646,2.3753728533009872,3.009682483428136,0.854563570350682,0.3234460169311264,0.8601935017473844,0.12162958311634417,0.40672782874617736,0.39143730886850153,0.2018348623853211,0.8904176152738413,0.8507207005750388,0.7897650757522294,2.4878423397702383,2.629765530116856,1.6553621815912651,88.6365958494878,47.75514875041968,0.21663563004345127
2,204,586,5.745098039215686,0.8127208539632433,2.576528964138275,4.094792925099117,0.8665889059113968,0.2248929594576938,0.873657227551041,0.10359770681724688,0.42662116040955633,0.39590443686006827,0.17747440273037543,0.8997305059432983,0.8865839096492735,0.7423173590348318,2.8598403013944624,2.7227987356740853,1.569197990000248,93.55242717046401,47.10576155147299,0.21137640449438203
3,212,609,5.745283018867925,0.7404909227619022,2.8111232461894087,4.279876674570272,0.8447209415568898,0.3630793301198909,0.8522590012830972,0.15311098504549106,0.4039408866995074,0.41379310344827586,0.18226600985221675,0.8535497138897578,0.8488120113809904,0.8158666389482515,3.056798873878107,3.0262008635770705,1.7783686156208451,87.61327059278082,48.49420901882042,0.2126865671641791
4,208,597,5.740384615384615,0.8261960131052474,2.4990297191007254,4.0097560577799,0.8634449682343546,0.22654144991973607,0.870553280942606,0.10335717370418158,0.3969849246231156,0.40033500837520936,0.20268006700167504,0.8990373310912008,0.8789106525137833,0.7631830794752137,2.873478611436071,2.6164707509044822,1.533634726666222,93.85117456154883,47.516128079851526,0.21544295070665287
5,200,575,5.75,0.7599342076785331,2.665252505178037,4.167790105459815,0.8738315748650095,0.29188861784043246,0.8814784496316598,0.13507805923870456,0.40347826086956523,0.43130434782608695,0.16521739130434782,0.8856680513969784,0.896927063143061,0.7846342733031825,2.626221495327251,3.109432666892967,1.6010263386525605,92.38717544918715,47.880759309072154,0.20867694514162782
6,152,435,5.723684210526316,0.753914071093515,2.412444027264913,3.5817679684521577,0.8671900542303064,0.12395982029597309,0.8754458711092781,0.09130212608659546,0.37471264367816093,0.3724137931034483,0.25287356321839083,0.8662433126952751,0.8725808288580106,0.8606538122350519,2.843737210964133,2.7113993649865376,1.3330662667751312,94.98918748494026,45.97501040748882,0.13870352716873213
7,188,539,5.73404255319149,0.7878807004802351,2.668990255231539,3.908929924551324,0.8526453897218758,0.3748616000815794,0.8604199749901664,0.13912441732348996,0.3784786641929499,0.38589981447124305,0.23562152133580705,0.887102063964395,0.8333375716152099,0.8289199142944156,3.105641509680187,2.9141830703100333,1.5660220548862547,86.51184509237545,48.3742390453066,0.21264367816091953
8,284,824,5.802816901408451,0.7713116377517221,2.7157717751863513,4.519330100361896,0.8379958122968674,0.3594871044093896,0.8458104071977512,0.13874041872160686,0.3932038834951456,0.4016990291262136,0.20509708737864077,0.8497105162636733,0.8511818826558727,0.7897108810893178,3.1236817020876906,2.8858154853665217,1.600699086513745,88.73390623003799,48.42968119638466,0.19594260267194458
9,108,309,5.722222222222222,0.8370288429621868,2.401567570117685,3.1199895471751473,0.8732563301583324,0.27975472004141105,0.8835667445296437,0.12436667566810237,0.42718446601941745,0.4174757281553398,0.1553398058252427,0.884468340512478,0.9072672054749127,0.7510190742711226,2.6267901119409185,2.434125695117684,1.6947056191662948,91.86018141428238,47.12717323964375,0.229124916499666
10,132,380,5.757575757575758,0.8627055057870764,2.651656465232372,3.4889895578365944,0.8359885251051501,0.37731951895018867,0.8442166512512198,0.13570346426468224,0.4,0.3894736842105263,0.21052631578947367,0.8505709063457815,0.853506802304371,0.7758731879293919,2.8660877319542983,2.7738743144515396,2.0181340374052525,85.4108474842224,47.930187160984865,0.20193861066235863
11,108,309,5.722222222222222,0.8146043499230656,2.523595774733133,3.194844898751006,0.8593242443302302,0.3129719130474269,0.8638241995500509,0.13856347629990443,0.39805825242718446,0.42394822006472493,0.1779935275080906,0.8882452150185903,0.8567986304068383,0.8006619903174313,2.7078202626084895,2.736601180247678,1.6042626814408736,87.91974697577949,47.83976179610648,0.24882943143812708
12,180,522,5.8,0.8259674462242578,2.474039796668451,3.8543385868444684,0.8614825549253559,0.12182773034774542,0.8701076038788866,0.08735543563594073,0.36398467432950193,0.3735632183908046,0.2624521072796935,0.8602806266985441,0.8728311022122701,0.8469964209264212,2.978181313213549,2.779901127020518,1.3395153619077085,95.05118430426303,45.87473839585093,0.13478768991040124
13,244,696,5.704918032786885,0.8266912579097029,2.400787305258129,4.046179423978682,0.8626949738325744,0.24693078234843152,0.8692115939065964,0.10944161889608238,0.3807471264367816,0.4109195402298851,0.20833333333333334,0.8802831292152404,0.8941770893085254,0.7684553448496194,2.696017731473131,2.577158331454217,1.5133516056784269,95.38001381148658,46.43001426434427,0.22364502680166765
14,144,416,5.777777777777778,0.8031573497111645,2.5772385762001457,3.591964115520382,0.8655906247261625,0.329208319583423,0.8735976393896318,0.1504635356041727,0.40384615384615385,0.39663461538461536,0.19951923076923078,0.9322896541229316,0.8753139452500777,0.7112558677972082,2.76343793989647,2.820308117433028,1.7171425833759537,89.17961242739948,47.92963030628459,0.22468043264503443
15,180,522,5.8,0.8259674462242578,2.6304658378449437,3.9729853287511383,0.8644931942681243,0.2970250648596757,0.8725236934703335,0.13257789482340848,0.42528735632183906,0.3946360153256705,0.18007662835249041,0.8681465428960216,0.8940255203582708,0.7911452945876629,2.865225510017292,2.7705478811437643,1.769045112931982,91.59188916605393,47.83428198892368,0.19516945851188158
16,200,576,5.76,0.8077128202523468,2.665400063024006,4.022423999285221,0.8459966351381607,0.3759885775270037,0.8553113904041904,0.17865274121014718,0.4010416666666667,0.3836805555555556,0.2152777777777778,0.8096937553965168,0.8736447794405044,0.8643492587631748,2.9872757916326647,2.9551799805725323,1.549314134904454,87.62732107405661,48.84478777729309,0.19771998574991093
17,212,611,5.764150943396227,0.7715689332298996,2.5007725935033025,4.04855662988048,0.872839539316399,0.2396604180919523,0.881631050325147,0.1253356824929089,0.4288052373158756,0.3944353518821604,0.176759410801964,0.8898046769713628,0.9099057378610634,0.7489708364009857,2.6468393771930505,2.7627078747353613,1.5619216666177467,95.01188142062348,46.4366693705602,0.21553463349024882
18,160,456,5.7,0.8046738469715541,2.398816999113351,3.5740466522617473,0.8833151419173207,0.2769017059781597,0.8939599724504209,0.13280562559119977,0.41228070175438597,0.4232456140350877,0.16447368421052633,0.911951834851123,0.9014614443704871,0.7648360133171082,2.4994077162539705,2.606597113640197,1.6119821067651112,93.93174811420702,47.037156841481945,0.23006833712984054
19,172,492,5.72093023255814,0.7723591583914239,2.4927493529469986,3.7674590747099432,0.8690299731565685,0.27801584661957435,0.876633861181579,0.11590328713457294,0.40853658536585363,0.4146341463414634,0.17682926829268292,0.887908718775754,0.886370462968069,0.7847531019956216,2.719331602107233,2.561331403752168,1.8084531409301976,92.57337615738885,47.27125886482364,0.22198820556023588
20,212,603,5.688679245283019,0.7692584955432524,2.661949350762723,4.157331417717328,0.856982202128589,0.3134521880205663,0.8642918902553905,0.12415677747325804,0.4262023217247098,0.3963515754560531,0.17744610281923714,0.8856160186144164,0.8624113500118256,0.7760807331477371,3.0979672010538644,2.6543179776628647,1.6317373007257407,90.37201773297814,47.88115219968103,0.2204152249134948
21,264,754,5.712121212121212,0.8121268656519635,2.7452981215296437,4.585490222841432,0.8610730662507151,0.37175170122451096,0.8710563150089379,0.15357688297381197,0.40848806366047746,0.3952254641909814,0.1962864721485411,0.8696790693642257,0.861939235521643,0.8414192324554598,3.0472878657958726,2.881953450407358,1.84167562666777,90.21583744470769,48.022679660819286,0.20906593406593407
22,124,354,5.709677419354839,0.7908161723955652,2.6651952630382474,3.397428860116635,0.8447810755779515,0.3676754878852148,0.8530278125388716,0.14896286961659294,0.3813559322033898,0.4152542372881356,0.2033898305084746,0.8593557276107647,0.8466017309094773,0.8137364317145612,2.7817503522943565,3.037885865994862,1.6857444896466203,85.30508960910825,48.266777495882145,0.20574443141852286
23,228,657,5.7631578947368425,0.8250744950837307,2.319708226841153,3.9227299470001484,0.8645146062747892,0.12739419849801312,0.8732896453182003,0.09084260645487764,0.3698630136986301,0.3683409436834094,0.2617960426179604,0.8700087568396894,0.8643906877553167,0.856926871940147,2.6384950984162066,2.7181196850686034,1.308773443795914,96.83831299930613,45.236822366629724,0.14530714062987216
24,112,320,5.714285714285714,0.8390957231764807,2.490526631753892,3.0806538232399627,0.8438441089354456,0.36576181984338785,0.8507345154032517,0.12774097436253204,0.3875,0.403125,0.209375,0.8731696694608657,0.8492307505866353,0.7791986420973024,2.5503346569115117,2.8515043429626052,1.6848203651051024,86.83805950116773,48.369529888928426,0.21124031007751937
25,180,522,5.8,0.7483314773547882,2.4710934177554886,3.794044770285123,0.8724255342022212,0.2557077578593375,0.8813363100872154,0.11830049918303667,0.4099616858237548,0.41954022988505746,0.17049808429118773,0.9161727581625787,0.8865447539717095,0.7324927807523963,2.6840724617799867,2.604292968772862,1.6312258099572043,93.76728267902047,46.83923080794683,0.2214397496087637
26,184,533,5.793478260869565,0.7523592382900962,2.5558029750945646,3.8917505403623363,0.8657520911595163,0.2967313727592715,0.8742443737236485,0.13280040143527322,0.4071294559099437,0.41088180112570355,0.18198874296435272,0.8971115721535573,0.88681736139402,0.7480376421176281,2.5619402431672618,2.9576276860552837,1.6348607186804112,91.98609863672033,47.681557210254276,0.2351361718450326
27,264,763,5.78030303030303,0.7959594357278207,2.77456649833238,4.520311568665228,0.8603096086028987,0.40540565575959814,0.868286932744677,0.17472411024435866,0.3918741808650065,0.41939711664482304,0.18872870249017037,0.8958439297700008,0.8682671777904034,0.7688430518739753,2.8306261648900533,3.215780478157103,1.6776893188556035,88.91721393266927,48.62710298333637,0.2122755293487001
28,248,713,5.75,0.7198230069192861,2.9846395119961984,4.720664145099492,0.8457284449778633,0.3761104320465824,0.8533298616733876,0.15773189562296558,0.3899018232819074,0.39831697054698456,0.211781206171108,0.8836710770353139,0.8455348090386726,0.7762379873272599,3.2096492848593554,3.3910238812087288,1.8060575403914547,87.13890397782328,49.123494291348095,0.19762387713706173
29,144,411,5.708333333333333,0.8322910148099242,2.7964828674230553,3.7172771074697084,0.8262440250447777,0.3694245745926464,0.8339202160587308,0.1335208522454783,0.40875912408759124,0.3844282238442822,0.20681265206812652,0.8175765478185245,0.8855970918754988,0.7330481616889729,3.0073985748347782,3.024584628358672,1.9556132547995624,85.39714885673924,48.88253336515218,0.20856423173803526
30,244,698,5.721311475409836,0.7710148207413015,2.540049707010004,4.238068146875111,0.8607579341590575,0.264004562799091,0.8667731496773712,0.12107342799791501,0.4068767908309456,0.40114613180515757,0.19197707736389685,0.8791532074691544,0.8838062118206705,0.7736103568059295,2.78534262637857,2.7762201693441186,1.526684643172506,93.81919527212446,46.89788052128799,0.22238717339667458
31,168,479,5.7023809523809526,0.805926882905372,2.482162639156513,3.7530453315448233,0.8676575149773058,0.23334229029165152,0.8754161552160707,0.10542875192545297,0.4342379958246347,0.3987473903966597,0.16701461377870563,0.8914267979562283,0.8913666527932851,0.7492518126964569,2.637433553257814,2.5936606627796333,1.8122567310929298,94.03533949001333,46.95943864128675,0.21369744256610315
32,240,683,5.691666666666666,0.744936611770126,2.5111776629618285,4.235250455979137,0.8723942054487427,0.23164098976608893,0.8814521997339195,0.12213224791504926,0.3967789165446559,0.4011713030746706,0.2020497803806735,0.9119438359658216,0.8920288457922692,0.7557431813599407,2.747752015551078,2.7765776533497513,1.519646888193877,95.98472686722421,46.224850288865014,0.20177315805564047
33,212,611,5.764150943396227,0.753005134068203,2.687502749227658,4.0931769874782375,0.8450764383017139,0.3931060226789766,0.8517958812469153,0.1662060942081422,0.41080196399345337,0.3944353518821604,0.19476268412438624,0.8530915358152048,0.8629011851870667,0.7920717872491404,2.9014598360337107,2.8948937413356117,1.8162047837962623,87.52558742177465,48.495653936536,0.19252776842813868
34,232,670,5.775862068965517,0.7942270900883464,2.7949103251766805,4.302476366371919,0.8430981005305674,0.3960059442475457,0.8505400834984357,0.1499637239410538,0.3880597014925373,0.3835820895522388,0.22835820895522388,0.8705913388958344,0.8732149697231412,0.745789098194222,3.1310241113488493,3.196500334410352,1.5491703462366964,87.10994154229294,49.02644421633325,0.1915673693858845
35,244,701,5.745901639344262,0.7794646692782491,2.686271774105611,4.386048732037297,0.8650465975814471,0.32876575756009957,0.87373527287041,0.13927854128141987,0.4065620542082739,0.43366619115549215,0.15977175463623394,0.8764484951370641,0.8648386765271425,0.8365971975560699,3.015436064778713,2.7922687427581927,1.5609601552465133,91.0486468950592,48.09532167367071,0.2269920611584828
36,300,859,5.726666666666667,0.7780031419530957,2.8391001046016138,4.810365234058622,0.8507997122646349,0.3941785302780158,0.8590129750957564,0.161031156760991,0.4190919674039581,0.3713620488940629,0.20954598370197905,0.8351774857276015,0.8827538506177526,0.8254143312573433,3.0746106213993496,3.2235299898632643,1.686783885459105,88.78160449738922,48.03717347441364,0.19778366658636473
37,164,478,5.829268292682927,0.8085650953293061,2.7551964914823674,3.9078659376931846,0.8656926660108766,0.3819849978888218,0.8752687129695033,0.1565358011483757,0.40376569037656906,0.3912133891213389,0.20502092050209206,0.8890756955418562,0.8739498995523401,0.8038862642585015,2.9534781431595896,3.1662442416430796,1.5803568174644393,87.73140376814976,49.07248349914212,0.21210838272650295
38,192,548,5.708333333333333,0.7761640004248815,2.4945329050295544,3.9721462680433137,0.86040890869433,0.11180755998457505,0.8671257904582909,0.07731294255776042,0.3722627737226277,0.35766423357664234,0.27007299270072993,0.851468183538493,0.8681900388732249,0.8624278709695146,2.8389926248905706,3.033879639846938,1.3054670747872945,95.34207537049555,45.878298732306305,0.1417740712661107
39,284,814,5.732394366197183,0.8342618645004753,2.535857505309201,4.541474634542872,0.8612122221572979,0.11828430519901291,0.8693198532860483,0.08134699567621922,0.36363636363636365,0.36363636363636365,0.2727272727272727,0.8485519469187066,0.8660486229770893,0.8716440547156978,3.0745387743856454,2.941878565662616,1.2762543994027216,97.11250908626315,45.39676722542599,0.13161225006327512
40,128,368,5.75,0.7905694150420949,2.7829422891625892,3.591523897183385,0.8274124881009692,0.28889896300721896,0.834229658161556,0.12102899294755158,0.4076086956521739,0.3967391304347826,0.1956521739130435,0.8335634615023931,0.8568084589014314,0.7549894638359547,3.1771537603934608,2.9135948195032877,1.6967340931296349,86.78268897816821,48.320565679530894,0.21308724832214765
41,108,309,5.722222222222222,0.8146043499230656,2.6730433259774182,3.2656523328503027,0.840924698075816,0.34749840582198327,0.8453317069121665,0.13308499737423923,0.37540453074433655,0.4174757281553398,0.20711974110032363,0.8623438233445431,0.8141771587290505,0.8560155425220728,2.90339216564236,3.0247554192247317,1.5466163661330938,83.25412363368865,48.826985567998996,0.20735785953177258
42,228,656,5.754385964912281,0.8225058364723539,2.7974058679509453,4.336743937337812,0.838953479443018,0.3439657169869417,0.8463759023293156,0.12820143495526348,0.4115853658536585,0.3902439024390244,0.19817073170731708,0.866633634324427,0.8429796516429633,0.773535464818661,3.066405549645424,3.095690075540915,1.651323781792934,87.4305147518028,48.79768188481247,0.19868585732165206
43,212,609,5.745283018867925,0.7404909227619022,2.601594963831267,4.19533575540374,0.8811045643339799,0.26484113725613195,0.8895008071647874,0.13198456069242284,0.4088669950738916,0.38752052545155996,0.20361247947454844,0.9111988871212465,0.8833950674634868,0.8163138779421006,2.876461136532596,2.8949041763099572,1.491412293286093,94.0265573496058,47.043749932381075,0.19877883310719133
44,180,522,5.8,0.7483314773547882,2.649390407848632,3.9470263156233254,0.8734636513437805,0.3484433278268003,0.8817568768915676,0.14029412540825864,0.4061302681992337,0.41954022988505746,0.1743295019157088,0.8998321185134491,0.8696589780180422,0.8211901174796806,2.7511745536664747,2.9865412163680003,1.6008819904956189,90.21899559682564,47.925079381863206,0.2214397496087637
45,124,354,5.709677419354839,0.7908161723955652,2.482913467675279,3.4298043848898887,0.863086634268195,0.11872187789985876,0.870605819579643,0.08607952449899947,0.3785310734463277,0.3644067796610169,0.2570621468926554,0.8622700269542524,0.8655595677767614,0.8607835239106483,2.784958280289351,2.9768534168716547,1.3379435958443107,92.67387179552415,46.85190359786567,0.12075029308323564
46,128,367,5.734375,0.7953416620390258,2.519888531203491,3.2534207625219,0.8516810326875068,0.3758688616618708,0.8605048821329893,0.15095777964531998,0.3978201634877384,0.4032697547683924,0.1989100817438692,0.8337220694512537,0.9006183497809075,0.7883835765596938,2.798982720669002,2.7736463256784387,1.4472322949807939,87.5513010728302,47.98977148429461,0.22609673790776152
47,264,756,5.7272727272727275,0.74965556829412,2.802710681601807,4.5552289817090275,0.8586354150816247,0.4035165857608769,0.8665347794428317,0.15924098898829878,0.3941798941798942,0.3888888888888889,0.21693121693121692,0.9137153760498802,0.8614056655744307,0.7535849149997641,3.066065692561585,3.158478108190355,1.6863971652417649,88.18727313071118,48.49666684147298,0.20202850877192982
48,212,611,5.764150943396227,0.753005134068203,2.4593872524517453,4.04123382094735,0.863744339263966,0.12159979641558592,0.8715038226982654,0.08829145454123856,0.3698854337152209,0.37315875613747956,0.2569558101472995,0.8623715000869954,0.8664747868713579,0.8617552921270869,2.831930905316783,2.88292221385136,1.3080443432376643,96.29348616372975,45.58582300027622,0.13631773813530798
49,240,693,5.775,0.7687923430073084,2.8408919051612096,4.4578316774830995,0.8558670291394899,0.3945342738486216,0.8639596264513713,0.15191422408062355,0.39105339105339104,0.3953823953823954,0.21356421356421357,0.8828686080955491,0.8710808720249329,0.7782587801685205,3.255520396566919,3.087898334338717,1.6243778324207745,87.57721419088135,49.04462977289987,0.21242603550295858
50,212,610,5.754716981132075,0.8277193120393906,2.675000410197211,4.2079026423359895,0.8612220459785618,0.3027656956797269,0.8673814695361944,0.12131457594258019,0.41147540983606556,0.40327868852459015,0.18524590163934426,0.8796008150891004,0.8649408331489176,0.8123026416365025,2.920185864209179,2.9580081272416,1.5142796371890381,91.77387301050489,48.57740146217907,0.21426168853010427
51,272,786,5.779411764705882,0.7735629605786711,2.592856887225583,4.513766880064555,0.870834632570507,0.23890662012586736,0.8791983497081226,0.11541380376597804,0.4211195928753181,0.40076335877862596,0.178117048346056,0.8885334180921226,0.8988081694595398,0.7660491888012205,2.7084218970418337,2.9504685466251677,1.515001951796668,95.26358599048424,46.727724943544075,0.20609692548202188
52,160,460,5.75,0.733143914930759,2.497821477768214,3.6351394787738585,0.8545383555733639,0.2646469886320621,0.8591078378557272,0.12154890482608471,0.4152173913043478,0.40652173913043477,0.1782608695652174,0.8634448600689154,0.8691466908085155,0.8004785866999045,2.8227338391448815,2.566314759420201,1.5848153229893707,91.59481495455304,47.218188287010214,0.2244165170556553
53,124,358,5.774193548387097,0.7496096799111132,2.5895849515023177,3.448553060233336,0.8722586329589342,0.35677241179262,0.8822456621446184,0.16535370235993782,0.41899441340782123,0.4106145251396648,0.17039106145251395,0.8861125902334849,0.8896977175660685,0.7961661898698963,2.874958557685216,2.694352310226888,1.6353744160933572,88.14686385662041,48.841654626457725,0.23795871559633028
54,212,607,5.726415094339623,0.7834733847922477,2.3394932850974395,3.8655308966504682,0.8658265706145587,0.12164774342576168,0.8740419036582421,0.08782464257873393,0.3673805601317957,0.3542009884678748,0.2784184514003295,0.8592274298582376,0.8695443596950797,0.8698045808888046,2.7887986959897884,2.700767260374025,1.287013928213063,96.80110037190425,45.03843720943946,0.13531015678254943
55,268,769,5.7388059701492535,0.7719823723686567,2.4369260729211826,4.269577593425592,0.8724202511757031,0.2240678068999651,0.879908121061626,0.11194916381803081,0.4135240572171652,0.39791937581274384,0.18855656697009102,0.8969354416776754,0.8987273250529969,0.763138905064813,2.6115575370923527,2.703088373724931,1.4922469718702909,96.65330150823596,46.13946447211499,0.19736842105263158
57,128,369,5.765625,0.8147504890302306,2.485863863048838,3.394816997131569,0.8657795805433578,0.3288908505789395,0.8769335080226439,0.16044840970108112,0.3956639566395664,0.41192411924119243,0.19241192411924118,0.8953384816238324,0.8688524635998827,0.7984179216371455,2.382826518114299,2.8057137268938517,2.012994469471381,90.33444674933338,47.267181231852774,0.22876179900055524
58,284,820,5.774647887323944,0.7862763571540736,2.528045479553502,4.468030030199445,0.8712438290439001,0.25909754045939437,0.8798805120248051,0.12388873904792783,0.4,0.41341463414634144,0.18658536585365854,0.8940099721274725,0.8910148161350802,0.7786316750875486,2.7585656835538583,2.772135935613891,1.4930305023208943,95.46252071511717,46.70704368531815,0.19535348488633525
59,248,705,5.685483870967742,0.7445168977465701,2.5934546866738204,4.320214622702351,0.8689485492435753,0.31348860893661923,0.8742103237504233,0.12933207417705536,0.4099290780141844,0.4,0.1900709219858156,0.8972811084305127,0.8744253287924096,0.7963174937376335,2.918209397359703,2.7721880301304744,1.5169105505320564,92.70060217305371,47.37601197467079,0.2313167259786477
60,128,364,5.6875,0.8172935519138763,2.6220816238732128,3.4266453778966333,0.8652229901034754,0.3933112235056981,0.8693927668545041,0.14294864171304528,0.40934065934065933,0.3983516483516483,0.19230769230769232,0.8684975418868481,0.8842879137088513,0.8187612452677318,2.8016471960800606,2.91666987620551,1.629644954630307,85.77140951948705,49.002954166348886,0.19725557461406518
61,104,298,5.730769230769231,0.7368170792564621,2.706374246302067,3.2172828082188727,0.8610216283158167,0.43494146179566545,0.8697791738074014,0.17893955538458808,0.37583892617449666,0.40268456375838924,0.2214765100671141,0.8728121111967734,0.854541331032912,0.8527958948503841,3.0031622698796645,3.0311568145950636,1.612220203334635,82.45446334724346,49.84853373023774,0.18845618915159945
62,240,691,5.758333333333334,0.7905254932989546,2.6880789343941576,4.2620843315824954,0.8386063773276664,0.3668876355605941,0.8465727725829043,0.1502447690579544,0.4109985528219971,0.3791606367583213,0.2098408104196816,0.8352141709814609,0.8616563962161086,0.8036014232142218,2.993022850701507,2.8753076358378387,1.7525065757077316,87.4252767680814,48.36039534296845,0.19655069878085044
63,220,629,5.718181818181818,0.8647839265790161,2.517685099275389,4.027639533684778,0.8568417013449585,0.3107453518219913,0.8645910400942419,0.12724112274641736,0.40381558028616854,0.3942766295707472,0.20190779014308427,0.8820968364167401,0.8648914206893213,0.7906122942139783,2.7732897685972726,2.764671077771533,1.5241724325446633,92.23256683934049,47.53214213820034,0.20754098360655737
64,132,380,5.757575757575758,0.8627055057870764,2.32092486933658,3.2931795622383877,0.8616651130350013,0.12010105936442542,0.8705031774099513,0.08640680761394853,0.3763157894736842,0.3763157894736842,0.24736842105263157,0.8561360948569291,0.8644381432266502,0.8658577330569004,2.6450339397350393,2.636918106279173,1.3471522102964686,93.9139022737041,45.618943543044026,0.15024232633279483
65,212,602,5.679245283018868,0.7776011711318821,2.590394287905424,4.083713999935713,0.8671852617069732,0.3563228972548682,0.8754117993023731,0.1497913477849844,0.41029900332225916,0.4019933554817276,0.1877076411960133,0.8642002085925113,0.9029251894921311,0.7971697360013439,2.748424864370331,2.898254692431324,1.585652957975337,91.54471325397927,47.752610587573656,0.2294342242276987
66,128,364,5.6875,0.8172935519138763,2.7674922155482427,3.521430544836049,0.8476186321823151,0.3784052313006701,0.851945742435332,0.12997342374551507,0.40384615384615385,0.36538461538461536,0.23076923076923078,0.8678065905360137,0.8672071603455938,0.7812745354714847,3.050137935649781,3.1797306439034023,1.6201513604748816,83.17834933133119,49.24843744643771,0.19325328759291024
67,208,606,5.826923076923077,0.7837570720121091,2.5270030017536467,4.054747357386601,0.864303645767001,0.21574078727163162,0.8726274799384969,0.11083722116469649,0.4075907590759076,0.40594059405940597,0.18646864686468648,0.897243766649532,0.8819009482375975,0.7539926168665422,2.8873656360726607,2.6131587513094026,1.5517473816871643,94.46795606302561,47.073186457710094,0.2067581130812981
68,248,711,5.733870967741935,0.7942217835184278,2.5761586670382615,4.360024028065713,0.8654607248541004,0.2214590110557932,0.872581887434304,0.10452738785223835,0.3881856540084388,0.38396624472573837,0.22784810126582278,0.9098662036484566,0.8923852629277296,0.7444341134877852,2.9657082804951114,2.811701470242315,1.5155483053790197,94.74555217654456,46.97046927677922,0.2073170731707317
69,124,355,5.725806451612903,0.7863626931128328,2.5612455390708546,3.32583111260913,0.8363386904689628,0.32266296327197386,0.8419494667089044,0.12535595045918974,0.37746478873239436,0.4056338028169014,0.21690140845070421,0.8377090401169079,0.8626563749793503,0.7847364382310347,2.5820249843953262,3.046302755466766,1.6179639178437073,86.49339229890052,48.806956646154994,0.22261072261072262
70,284,819,5.767605633802817,0.8193564372334338,2.821923438536961,4.758825425309741,0.861266965030605,0.3600725604438693,0.8689562539137166,0.146889627144855,0.4017094017094017,0.4139194139194139,0.18437118437118438,0.8634311804111968,0.8716071813331593,0.8333374273698062,2.9815753617728733,3.241917426123732,1.5311721502155657,90.7303132203287,47.97765747943191,0.2165
71,272,775,5.698529411764706,0.7935387323396277,2.7117695429248196,4.442088897159875,0.8462510059725854,0.38127953428011496,0.8552748489457102,0.1570754672970571,0.3767741935483871,0.3858064516129032,0.23741935483870968,0.8559037462285121,0.8382619800774948,0.843914693950311,2.8633322660645395,3.285790103434719,1.538462680157112,88.72716874116949,48.31588970513844,0.20016098738932117
72,152,437,5.75,0.8829525826214535,2.391769140345008,3.511374993090531,0.8658033123823816,0.19481599504405334,0.8747461816099914,0.09890602214988783,0.39359267734553777,0.40503432494279173,0.20137299771167047,0.893906959960627,0.8826590372344195,0.7769704637202349,2.5254810646522876,2.6976095175339005,1.5152668932622129,93.9208649157041,46.71389586539714,0.1920374707259953
73,184,523,5.684782608695652,0.7998552562819665,2.740650199054532,3.997961674369279,0.8455315007762289,0.37314806367844905,0.8532858352477644,0.15739987511038459,0.37858508604206503,0.4110898661567878,0.21032504780114722,0.880172015741618,0.8255180763643841,0.8222957215525887,3.047910400713333,2.9393108695052392,1.7992905256423084,86.33981231424679,48.806361923203696,0.19609406137903548
74,212,610,5.754716981132075,0.8277193120393906,2.67506665250317,4.1539329961404325,0.8507134486417302,0.341537159700037,0.8578909726421827,0.1277446129911777,0.3918032786885246,0.4098360655737705,0.19836065573770492,0.8630991972141187,0.8420421015024185,0.8441650426584827,2.720644532013139,3.113317692399025,1.6795635683970018,90.24300984911365,48.53642665994596,0.21493440968718466
75,168,484,5.761904761904762,0.7656159614673108,2.4221778308803383,3.7372984510921587,0.8631891196916911,0.12415048536942128,0.8711916281227148,0.08909781386973573,0.3822314049586777,0.371900826446281,0.24586776859504134,0.8635852584967743,0.8554136428568099,0.8743344991147017,2.6742686790388985,2.7928405675623154,1.4696055660728646,95.12831268845274,45.74772146837661,0.12149532710280374
76,152,437,5.75,0.7186427265484934,2.820043243791746,3.78518856027866,0.839528383802222,0.4215003889253375,0.8471604301012996,0.16077428107416564,0.39588100686498856,0.38215102974828374,0.2219679633867277,0.8579000045109346,0.8862958048988959,0.7262453971449861,3.1208559028330565,3.1613174241460014,1.6959877991184746,84.0344672365566,48.67333020077382,0.2094562647754137
77,120,340,5.666666666666667,0.8096638534327412,2.4849216404206613,3.31135191516783,0.8672316878157503,0.28573862449397086,0.8741781917462745,0.12158105282894416,0.4117647058823529,0.4117647058823529,0.17647058823529413,0.8852906588997159,0.8944091750042779,0.7616799518465995,2.676602979217257,2.6661411585552353,1.6148196409145992,90.14619017959099,47.77817035742022,0.23677736777367775
78,112,323,5.767857142857143,0.7194013242315603,2.4152542031586353,3.153275718227616,0.8683490189420918,0.32398849733125246,0.8757845299483157,0.14358299048704448,0.4117647058823529,0.4086687306501548,0.17956656346749225,0.888072090937679,0.8965704648783712,0.7588938562006786,2.608300804419625,2.4474453129100078,1.8993158504880707,89.93232439335834,47.304477625385566,0.21669853409815168
79,220,631,5.736363636363636,0.7766744108671714,2.7796807039747526,4.241167193309519,0.8274480944201232,0.3651973237295565,0.8349849184433168,0.1529336186474659,0.39144215530903326,0.38510301109350237,0.22345483359746435,0.8116184768647801,0.8395941288137632,0.8342454644805151,3.05025041018903,3.1992887400795893,1.5825497095889234,86.51694309870413,48.77668142749726,0.18854337152209494
80,192,554,5.770833333333333,0.7968579791210533,2.5290297635625847,4.044657116398675,0.8617681946995456,0.12368509551678421,0.8700632115947968,0.08817998788670552,0.36101083032490977,0.3555956678700361,0.2833935018050541,0.8549755474925042,0.8554435741477812,0.8783572373116851,2.9580970874428747,2.985923756500186,1.4091470795831862,94.77196557651213,46.39961745954279,0.1275887573964497
81,224,641,5.723214285714286,0.7642669390217222,2.7345238781523964,4.2567004418879835,0.8524106325299803,0.41972919191598845,0.8590363007571016,0.17122726367985613,0.3915756630265211,0.40873634945397813,0.1996879875195008,0.8653921545501724,0.8846354586932496,0.7609944881405681,2.9329898332457143,3.084436798994323,1.6291165344882756,88.26347473613812,48.542159301939805,0.20433236340122857
82,300,859,5.726666666666667,0.807437648091514,2.887532531104904,4.893470954008887,0.8619736836522783,0.3687254406182135,0.870773758694293,0.14820676379702752,0.40162980209545984,0.4039580908032596,0.19441210710128057,0.8828080898609714,0.8801262810697473,0.781214273796824,3.060587288763212,3.327712607916219,1.615398530831594,89.43235736819585,48.56288433043467,0.19985569985569984
83,188,543,5.776595744680851,0.833529477444635,2.8279637031902047,4.105318423180993,0.8460886245713488,0.3811138006118514,0.8561808980771142,0.16718846581490293,0.3720073664825046,0.39226519337016574,0.23572744014732966,0.8303339401684185,0.8565631536810611,0.8535212147980928,3.4934315407040097,2.8768111846536537,1.6964870099909604,86.74132077821311,49.03361172467395,0.1944339977435126
84,268,761,5.67910447761194,0.8204544269466579,2.4748786787322565,4.370492538790317,0.8626107120012642,0.12039253292037418,0.8705253062117118,0.08841442693795357,0.3692509855453351,0.3731931668856767,0.2575558475689882,0.8639475200524109,0.8593629233434167,0.865400145248491,2.9174250453392383,2.850121582897616,1.2966923838367268,97.179047343431,45.201775964940985,0.13119693234730212
85,212,603,5.688679245283019,0.7692584955432524,2.530126171572687,4.059076296538994,0.8697622672440005,0.2652798249481916,0.8768212092165087,0.1150981653684965,0.41956882255389716,0.39303482587064675,0.18739635157545606,0.8903441710670004,0.8844117395234007,0.7929556601870377,2.8664034186851364,2.6530298975449575,1.519450715157838,93.49377408253376,46.9201714443238,0.2083044982698962
86,240,688,5.733333333333333,0.8034647195462634,2.513738676559093,4.2072656242337745,0.8637885177551314,0.22195961231401962,0.8711631738261453,0.09766005355514651,0.39680232558139533,0.39825581395348836,0.20494186046511628,0.8984145133486597,0.8802161540863288,0.7648234883098738,2.849997801440103,2.697044473059856,1.5064725110716854,94.50097152406254,46.595209856856506,0.21175764847030593
87,112,327,5.839285714285714,0.7140624651118646,2.3478783215951484,3.0275377927531046,0.8648099481877202,0.3259267005954895,0.8718384174262586,0.12863148399462618,0.41284403669724773,0.41590214067278286,0.1712538226299694,0.883072700323882,0.8684430788545048,0.8119603533829961,2.456991042914214,2.5338853792670895,1.6331072997834002,90.065125510755,47.64763722382834,0.23339540657976413
88,172,494,5.744186046511628,0.772884156180645,2.7283003490704756,3.8703590191846757,0.8482196443838629,0.40585906981901637,0.8570046182247425,0.16667848716022815,0.3866396761133603,0.38866396761133604,0.22469635627530365,0.8430863005640619,0.8588606569295129,0.8386466197065405,2.9936337542783527,3.1100902357138693,1.6113423433926728,85.56699843187073,48.455724900236206,0.20375782881002089
89,272,778,5.720588235294118,0.8061452984509262,2.9136474049796175,4.815051371536734,0.8579351948358712,0.37152841882313414,0.867174330407477,0.15315115766346166,0.41259640102827766,0.39203084832904883,0.1953727506426735,0.8793310881403748,0.8695634100280825,0.7894175146755419,3.353722696920793,3.0321950033062794,1.7464027589088993,88.30839413406814,48.650203675412136,0.21377293273065673
90,268,768,5.731343283582089,0.8210311963865711,2.7002971418745196,4.539416130025982,0.8528894888392339,0.2986885292663656,0.8593649797048883,0.11900488890078154,0.3997395833333333,0.4127604166666667,0.1875,0.8814118717120603,0.8601536977366319,0.7760900043778949,3.0600421718937567,2.8515253687506594,1.6004285853770044,91.7131275244742,47.77676022072629,0.22502685284640173
91,192,554,5.770833333333333,0.7968579791210533,2.4826777248175995,3.90249073705019,0.8698598883427437,0.23129844107335676,0.8790029073396463,0.11777196249072266,0.4151624548736462,0.40794223826714804,0.17689530685920576,0.8836012907650159,0.8919275083900553,0.786719024181366,2.7158967046634013,2.6660867220005104,1.5123634520842104,94.49026784347625,46.67327563159018,0.1989644970414201
92,200,574,5.74,0.8200000000000001,2.9179291880400755,4.318273009762692,0.836032706530252,0.3760753091122015,0.8454812855340896,0.15478111444119877,0.367595818815331,0.40418118466898956,0.22822299651567945,0.8342602614542884,0.8638903370191311,0.7895519098707737,3.074575054278306,3.354678325868886,1.892142334967169,85.8067610537469,49.1878490083503,0.19691535150645625
93,168,481,5.726190476190476,0.7920917226257034,2.757568740113609,3.880142184706567,0.8397120998827683,0.3364461074414692,0.8479844790492672,0.1443670080696516,0.38461538461538464,0.4158004158004158,0.1995841995841996,0.8669934356534803,0.8254941275715828,0.8167594680562615,2.858672198894862,3.2263051760196686,1.5861997082829475,86.21050080398935,49.2437967892832,0.20378331900257954
94,212,603,5.688679245283019,0.7692584955432524,2.730767433718465,4.219083312257738,0.8509481643661733,0.37699699954026195,0.8590152512091108,0.1498262969027885,0.41956882255389716,0.39303482587064675,0.18739635157545606,0.8918036586446725,0.866052225672243,0.7277968140829981,3.0268531679635933,2.7359263315985474,2.0570298269786664,88.62263553788323,48.34891302271547,0.20346020761245676
95,192,545,5.677083333333333,0.8100256125923152,2.569996970345121,3.8555804100970543,0.8526670660994469,0.3496811392191737,0.8598207766884967,0.14430865681484767,0.4073394495412844,0.381651376146789,0.21100917431192662,0.8510984324657165,0.8799467775970697,0.8063545154488605,2.8338651082537196,2.8281970800688634,1.5936113230560136,88.98167402197423,47.87411218500253,0.20214395099540583
96,224,641,5.723214285714286,0.7929355656196093,2.4960651778951637,4.1228706582482735,0.8676372844603801,0.21174299457110748,0.8757870017382994,0.11161495559928782,0.40249609984399376,0.3962558502340094,0.20124804992199688,0.8962405788344007,0.888222480148781,0.7698986049770384,2.8069511552651725,2.6814650799345783,1.5092422532480816,95.07131406940728,46.79188375004381,0.20464816010329245
97,292,830,5.684931506849315,0.795995324705192,2.493905356705907,4.51592031996329,0.8620859408234975,0.12015771571597336,0.8704669980177947,0.0851096125050502,0.35903614457831323,0.37710843373493974,0.26385542168674697,0.8641724910512066,0.8617156970615204,0.8597758692693492,2.849705602898694,2.9949694272047416,1.2936244095297165,97.49210768700796,45.5794594024982,0.12534539060537553
98,232,668,5.758620689655173,0.8107115824488791,2.566394607865525,4.282450672199261,0.8640756547272562,0.209607613499943,0.8721265960007611,0.0954428865514344,0.405688622754491,0.4221556886227545,0.1721556886227545,0.8809867276916644,0.8963086205594083,0.7451835057009821,2.7457660421234213,2.7197276042074177,1.7677027500194051,95.39558811274343,46.469577036451085,0.22211981566820277
99,240,693,5.775,0.8362864341838867,2.62139742848333,4.305602175548833,0.8638679866838936,0.27975411879046364,0.8726024226091861,0.1205850443692415,0.4025974025974026,0.4126984126984127,0.1847041847041847,0.9069848602176994,0.89119156153052,0.7088355638552457,2.8166691044539105,2.866024730714051,1.6491770688444376,93.24067323588298,47.211173705831854,0.210727969348659
