dataset,split,sim_idx,target_index,rollout_steps,pred_p_ratio,true_p_ratio,final_pos_mse,initial_to_target_mse,pred_to_initial_mse,movement_fraction_mse,case,case_short,train_original_sim_idx,original_sim_idx
selected CV2 sim-56,other_trajectories,0,99,99,0.42038485147722116,-0.4644641463142634,0.00036613515112549067,0.0005089982878416777,0.000562029832508415,1.1041880610082377,selected trajectory sim 56,selected,56,0
selected CV2 sim-56,other_trajectories,1,99,99,0.3964135966554732,-0.1993038861912554,0.00024582730839028955,0.0006044502952136099,0.00041378525202162564,0.6845645627079987,selected trajectory sim 56,selected,56,1
selected CV2 sim-56,other_trajectories,2,99,99,0.40006503251625813,0.12766964008809878,7.687372271902859e-05,0.00045337373740039766,0.0006434673559851944,1.419286789029236,selected trajectory sim 56,selected,56,2
selected CV2 sim-56,other_trajectories,3,99,99,0.3948032665181886,-0.4390385093974183,0.0003766262379940599,0.0005182242603041232,0.0005979033885523677,1.153754145360706,selected trajectory sim 56,selected,56,3
selected CV2 sim-56,other_trajectories,4,99,99,0.4208185497976113,0.1306944011548746,7.813314005034044e-05,0.00041240689461119473,0.0006143602076917887,1.4896943182072397,selected trajectory sim 56,selected,56,4
selected CV2 sim-56,other_trajectories,5,99,99,0.39252155677040385,0.03180375053555538,0.00011007618741132319,0.00041381613118574023,0.0005999355926178396,1.4497636689483238,selected trajectory sim 56,selected,56,5
selected CV2 sim-56,other_trajectories,6,99,99,0.42537329724065664,0.3627939396559177,2.1181802367209457e-05,0.00045368066639639437,0.000497456407174468,1.0964902056016324,selected trajectory sim 56,selected,56,6
selected CV2 sim-56,other_trajectories,7,99,99,0.40974479194416324,-0.38191491495507063,0.0004126564599573612,0.0006033155950717628,0.0005801026127301157,0.9615243124307337,selected trajectory sim 56,selected,56,7
selected CV2 sim-56,other_trajectories,8,99,99,0.40633329163739934,-0.377031798373501,0.000416861439589411,0.00046213201130740345,0.0007209499017335474,1.5600518555161982,selected trajectory sim 56,selected,56,8
selected CV2 sim-56,other_trajectories,9,99,99,0.3980207723290585,0.16768259068500055,4.2849052988458425e-05,0.0004376746655907482,0.0004209525650367141,0.9617933093489348,selected trajectory sim 56,selected,56,9
selected CV2 sim-56,other_trajectories,10,99,99,0.40309808538323316,-0.44999008470494917,0.00040193620952777565,0.0005311139393597841,0.0004288784693926573,0.8075074623528736,selected trajectory sim 56,selected,56,10
selected CV2 sim-56,other_trajectories,11,99,99,0.4285993001535634,-0.0795926402267776,0.0001504319516243413,0.0005061579286120832,0.0003876315604429692,0.7658312525220721,selected trajectory sim 56,selected,56,11
selected CV2 sim-56,other_trajectories,12,99,99,0.4005129678059792,0.34378466874185454,2.684721584955696e-05,0.00044846610398963094,0.0005739720072597265,1.2798559404012335,selected trajectory sim 56,selected,56,12
selected CV2 sim-56,other_trajectories,13,99,99,0.3968417228510363,0.11065295510623148,0.00010676217789296061,0.00041336368303745985,0.0007019155309535563,1.6980580533726939,selected trajectory sim 56,selected,56,13
selected CV2 sim-56,other_trajectories,14,99,99,0.42706326842066156,-0.018366071380874285,0.00011974415247095749,0.0004410108958836645,0.0004816455184482038,1.0921397247637583,selected trajectory sim 56,selected,56,14
selected CV2 sim-56,other_trajectories,15,99,99,0.3953448374706186,0.008471440852258507,0.00012316761421971023,0.00039160597953014076,0.0005630893283523619,1.4378976772213015,selected trajectory sim 56,selected,56,15
selected CV2 sim-56,other_trajectories,16,99,99,0.37695383303124,-0.3693272164682625,0.00032826780807226896,0.0005409984150901437,0.0005649896338582039,1.04434619048572,selected trajectory sim 56,selected,56,16
selected CV2 sim-56,other_trajectories,17,99,99,0.4003568101957035,0.1781181689770182,6.670857692370191e-05,0.00044354802230373025,0.0006470097578130662,1.4587141082324806,selected trajectory sim 56,selected,56,17
selected CV2 sim-56,other_trajectories,18,99,99,0.4299955946417791,0.16343261214657592,5.54649050172884e-05,0.00039760436629876494,0.000529071781784296,1.330648822369181,selected trajectory sim 56,selected,56,18
selected CV2 sim-56,other_trajectories,19,99,99,0.4100529941706412,0.04023455706218364,9.432045044377446e-05,0.0004181400581728667,0.0005451914039440453,1.3038487781494814,selected trajectory sim 56,selected,56,19
selected CV2 sim-56,other_trajectories,20,99,99,0.4134470440043777,-0.15222946076930388,0.00019197064102627337,0.0004825952055398375,0.0006016567349433899,1.2467109661198739,selected trajectory sim 56,selected,56,20
selected CV2 sim-56,other_trajectories,21,99,99,0.396598616533246,-0.21625131995776134,0.000273909536190331,0.00047615758376196027,0.0007147964206524193,1.5011761757631878,selected trajectory sim 56,selected,56,21
selected CV2 sim-56,other_trajectories,22,99,99,0.4412320218481604,-0.4278195569729357,0.0004166110011283308,0.0006113375420682132,0.00042291160207241774,0.6917808460472875,selected trajectory sim 56,selected,56,22
selected CV2 sim-56,other_trajectories,23,99,99,0.4029697728147863,0.3478946810942195,4.362412801128812e-05,0.00043446748168207705,0.0006767974700778723,1.5577632357146605,selected trajectory sim 56,selected,56,23
selected CV2 sim-56,other_trajectories,24,99,99,0.3969636696256461,-0.43667618932065605,0.00041818266618065536,0.0005532592767849565,0.0003968079399783164,0.7172187735996151,selected trajectory sim 56,selected,56,24
selected CV2 sim-56,other_trajectories,25,99,99,0.4196870022135336,0.15731752969772383,5.47208110219799e-05,0.0004400796315167099,0.0005696025909855962,1.2943170967092765,selected trajectory sim 56,selected,56,25
selected CV2 sim-56,other_trajectories,26,99,99,0.4136711355444338,0.03600902244305794,0.00010110623406944796,0.000445607554866001,0.000586790731176734,1.316832995242166,selected trajectory sim 56,selected,56,26
selected CV2 sim-56,other_trajectories,27,99,99,0.3931672632527333,-0.34939850686256396,0.00035123975249007344,0.0005032595945522189,0.0006971004186198115,1.3851706478444088,selected trajectory sim 56,selected,56,27
selected CV2 sim-56,other_trajectories,28,99,99,0.39550544085989725,-0.43831696479188825,0.0003698473155964166,0.0005326986429281533,0.0006687176646664739,1.2553395311665285,selected trajectory sim 56,selected,56,28
selected CV2 sim-56,other_trajectories,29,99,99,0.42267128583147917,-0.4596440178158325,0.0004164592537563294,0.0005000184755772352,0.0004530693404376507,0.9061051992421177,selected trajectory sim 56,selected,56,29
selected CV2 sim-56,other_trajectories,30,99,99,0.4004246079613993,0.04931568393254364,0.00012580525071825832,0.000404362624976784,0.0006808824837207794,1.683841289139597,selected trajectory sim 56,selected,56,30
selected CV2 sim-56,other_trajectories,31,99,99,0.416096185928781,0.1361436160233285,6.530406972160563e-05,0.00043174592428840697,0.0005489577888511121,1.2714834303436469,selected trajectory sim 56,selected,56,31
selected CV2 sim-56,other_trajectories,32,99,99,0.3977062435348714,0.21357432486152705,6.636371836066246e-05,0.0004366798384580761,0.0006992730777710676,1.6013404242344063,selected trajectory sim 56,selected,56,32
selected CV2 sim-56,other_trajectories,33,99,99,0.4153976722940283,-0.40773714142933964,0.0003754159261006862,0.000527357158716768,0.000575338548514992,1.0909846183087346,selected trajectory sim 56,selected,56,33
selected CV2 sim-56,other_trajectories,34,99,99,0.4095521263434428,-0.4265894461741978,0.0003894710389431566,0.0005807453417219222,0.0006453465903177857,1.1112385136044647,selected trajectory sim 56,selected,56,34
selected CV2 sim-56,other_trajectories,35,99,99,0.4082129738771478,-0.1382051039598239,0.0002288108371431008,0.00044611224438995123,0.0006928410730324686,1.5530644624648526,selected trajectory sim 56,selected,56,35
selected CV2 sim-56,other_trajectories,36,99,99,0.3844009852399207,-0.4160832339872114,0.0004050753777846694,0.000495579035487026,0.0007536973571404815,1.5208418903349936,selected trajectory sim 56,selected,56,36
selected CV2 sim-56,other_trajectories,37,99,99,0.38904460551382836,-0.19805354884349075,0.0001951960293808952,0.0004680065030697733,0.0005159887368790805,1.102524715991294,selected trajectory sim 56,selected,56,37
selected CV2 sim-56,other_trajectories,38,99,99,0.43231485851476414,0.3542883359421385,3.214415119145997e-05,0.0004614321806002408,0.0005910380859859288,1.280877474165529,selected trajectory sim 56,selected,56,38
selected CV2 sim-56,other_trajectories,39,99,99,0.39515574641323464,0.35503936242589174,6.505211786134169e-05,0.00046267244033515453,0.0007893949514254928,1.7061637621070844,selected trajectory sim 56,selected,56,39
selected CV2 sim-56,other_trajectories,40,99,99,0.3872595151587349,-0.23555529897080357,0.0002208102378062904,0.0004782605974469334,0.0004139154916629195,0.8654601568109457,selected trajectory sim 56,selected,56,40
selected CV2 sim-56,other_trajectories,41,99,99,0.44259731003260167,-0.3375349566179408,0.0003303752455394715,0.0006218861672095954,0.00038046043482609093,0.611784688077591,selected trajectory sim 56,selected,56,41
selected CV2 sim-56,other_trajectories,42,99,99,0.39854613140154943,-0.3893688093340862,0.0003863555029965937,0.0005340508068911731,0.0006362505373544991,1.1913670556145266,selected trajectory sim 56,selected,56,42
selected CV2 sim-56,other_trajectories,43,99,99,0.3987914662720434,0.1806261189335656,6.343801942421123e-05,0.0004253768711350858,0.0006381345447152853,1.5001627686349561,selected trajectory sim 56,selected,56,43
selected CV2 sim-56,other_trajectories,44,99,99,0.42258268154631345,-0.09472723362063991,0.00015033585077617317,0.00047300622100010514,0.0005483805434778333,1.1593516514822146,selected trajectory sim 56,selected,56,44
selected CV2 sim-56,other_trajectories,45,99,99,0.4494887623327497,0.3422391993828219,2.1171581465750933e-05,0.00047962579992599785,0.0004410472174640745,0.9195652475995334,selected trajectory sim 56,selected,56,45
selected CV2 sim-56,other_trajectories,46,99,99,0.41765775850007,-0.2896008883663205,0.00026841473300009966,0.0005120388814248145,0.00043240832746960223,0.8444833842820102,selected trajectory sim 56,selected,56,46
selected CV2 sim-56,other_trajectories,47,99,99,0.39560322028624767,-0.4016358569635602,0.00041399543988518417,0.0005241594044491649,0.0006888239295221865,1.3141497103272741,selected trajectory sim 56,selected,56,47
selected CV2 sim-56,other_trajectories,48,99,99,0.39657922722438854,0.36278381577531477,3.651120641734451e-05,0.0004604624991770834,0.0006379770347848535,1.3855135563156948,selected trajectory sim 56,selected,56,48
selected CV2 sim-56,other_trajectories,49,99,99,0.3790368446131854,-0.429434812946165,0.0003807441971730441,0.0005206091445870697,0.0006224163225851953,1.1955539564693503,selected trajectory sim 56,selected,56,49
selected CV2 sim-56,other_trajectories,50,99,99,0.4129066186621089,-0.06186289670967086,0.00017152576765511185,0.00039967396878637373,0.0006174229783937335,1.5448165920551782,selected trajectory sim 56,selected,56,50
selected CV2 sim-56,other_trajectories,51,99,99,0.40188981247385364,0.20066846843965394,8.994343806989491e-05,0.0004372971598058939,0.0007685592281632125,1.7575216553072475,selected trajectory sim 56,selected,56,51
selected CV2 sim-56,other_trajectories,52,99,99,0.4247828994948369,0.03995725502950332,9.416977263754234e-05,0.0004627190064638853,0.0005414363695308566,1.1701191478355992,selected trajectory sim 56,selected,56,52
selected CV2 sim-56,other_trajectories,53,99,99,0.3933810536404205,-0.049418002348178565,0.00012900981528218836,0.000444421311840415,0.0004473392909858376,1.006565794816047,selected trajectory sim 56,selected,56,53
selected CV2 sim-56,other_trajectories,54,99,99,0.4040899755596642,0.3489494330700199,3.626957186497748e-05,0.00045206109643913805,0.0006337144295684993,1.4018335896635106,selected trajectory sim 56,selected,56,54
selected CV2 sim-56,other_trajectories,55,99,99,0.3997622492328391,0.20689655172413793,8.884642011253163e-05,0.0004071251896675676,0.0007405768847092986,1.819039704504667,selected trajectory sim 56,selected,56,55
selected CV2 sim-56,other_trajectories,56,99,99,0.4257898029402565,-0.02220414106160204,0.00011633355461526662,0.0004031455027870834,0.0004341701278463006,1.076956396250816,selected trajectory sim 56,selected,56,57
selected CV2 sim-56,other_trajectories,57,99,99,0.3961731322749407,0.16044853527247316,0.00010788916551973671,0.00041303675970993936,0.0007797846337780356,1.8879303486828871,selected trajectory sim 56,selected,56,58
selected CV2 sim-56,other_trajectories,58,99,99,0.3812199789852897,-0.024444514915118072,0.00014960180851630867,0.00043452842510305345,0.0007173437043093145,1.6508556468755482,selected trajectory sim 56,selected,56,59
selected CV2 sim-56,other_trajectories,59,99,99,0.41580383805747295,-0.36743067270492197,0.0003282422840129584,0.0005367213161662221,0.00043621272197924554,0.8127359745930994,selected trajectory sim 56,selected,56,60
selected CV2 sim-56,other_trajectories,60,99,99,0.4155391456786447,-0.568706819114369,0.0005475413636304438,0.0007164106937125325,0.0003556621086318046,0.4964500275515399,selected trajectory sim 56,selected,56,61
selected CV2 sim-56,other_trajectories,61,99,99,0.39547212776447743,-0.40406873794921666,0.0003706329152919352,0.0004830681427847594,0.0006280188099481165,1.3000625674211408,selected trajectory sim 56,selected,56,62
selected CV2 sim-56,other_trajectories,62,99,99,0.40564418289730025,-0.05262115820854995,0.0001633065694477409,0.0003760328399948776,0.0006283845868892968,1.6710896497706338,selected trajectory sim 56,selected,56,63
selected CV2 sim-56,other_trajectories,63,99,99,0.4346395028800045,0.3664815722140563,2.287546703882981e-05,0.0004930452560074627,0.0004780067829415202,0.9694987977620559,selected trajectory sim 56,selected,56,64
selected CV2 sim-56,other_trajectories,64,99,99,0.4097282317550583,-0.11640469931870608,0.00018538726726546884,0.0004822881310246885,0.0006115015712566674,1.2679175205026234,selected trajectory sim 56,selected,56,65
selected CV2 sim-56,other_trajectories,65,99,99,0.4009538054138878,-0.531035219000366,0.0004502654483076185,0.0006431324291042984,0.0004227222816552967,0.6572865284433399,selected trajectory sim 56,selected,56,66
selected CV2 sim-56,other_trajectories,66,99,99,0.4063583506694404,0.1547484379790462,7.391554390778765e-05,0.0004146473074797541,0.0006469318177551031,1.5601978020481677,selected trajectory sim 56,selected,56,67
selected CV2 sim-56,other_trajectories,67,99,99,0.3888335935620516,0.1667694383396314,7.833417475922033e-05,0.0004466174868866801,0.000708527397364378,1.5864300395030255,selected trajectory sim 56,selected,56,68
selected CV2 sim-56,other_trajectories,68,99,99,0.41277725597861425,-0.24304900765816526,0.0002466595615260303,0.000519165419973433,0.00041474419413134456,0.7988671397886401,selected trajectory sim 56,selected,56,69
selected CV2 sim-56,other_trajectories,69,99,99,0.3985617801923828,-0.1692572851169768,0.00027278027846477926,0.0004200634139124304,0.0007610128377564251,1.8116617933193098,selected trajectory sim 56,selected,56,70
selected CV2 sim-56,other_trajectories,70,99,99,0.39506376375890995,-0.4747974156811213,0.0004301310982555151,0.0005147475749254227,0.0006911142263561487,1.3426274547408568,selected trajectory sim 56,selected,56,71
selected CV2 sim-56,other_trajectories,71,99,99,0.4252639254876614,0.2057613393285895,4.0965307562146336e-05,0.0004204792494419962,0.0004987198044545949,1.186074711454677,selected trajectory sim 56,selected,56,72
selected CV2 sim-56,other_trajectories,72,99,99,0.3923935892160025,-0.45078594289498164,0.00041023475932888687,0.0005764088709838688,0.0005233771516941488,0.9079963512719703,selected trajectory sim 56,selected,56,73
selected CV2 sim-56,other_trajectories,73,99,99,0.42026899700769305,-0.2976900149031297,0.0003057385329157114,0.00043307055602781475,0.0006074047414585948,1.4025537709831817,selected trajectory sim 56,selected,56,74
selected CV2 sim-56,other_trajectories,74,99,99,0.4058461490840242,0.34058262206719925,1.9364066247362643e-05,0.00045091065112501383,0.0005378076457418501,1.1927144422071865,selected trajectory sim 56,selected,56,75
selected CV2 sim-56,other_trajectories,75,99,99,0.38256081525312297,-0.5412945405938566,0.0004403433413244784,0.0005980843561701477,0.00046911125537008047,0.784356337915356,selected trajectory sim 56,selected,56,76
selected CV2 sim-56,other_trajectories,76,99,99,0.41827941219605197,0.014790939300887561,9.411247447133064e-05,0.00043843858293257654,0.0004272635851521045,0.9745118285308605,selected trajectory sim 56,selected,56,77
selected CV2 sim-56,other_trajectories,77,99,99,0.43448816564394455,0.005193600983502373,0.00011589948553591967,0.0004839555767830461,0.00040112491114996374,0.828846552025136,selected trajectory sim 56,selected,56,78
selected CV2 sim-56,other_trajectories,78,99,99,0.3951099484576135,-0.4589857341684064,0.00039843900594860315,0.000502297654747963,0.000580049236305058,1.1547918466712896,selected trajectory sim 56,selected,56,79
selected CV2 sim-56,other_trajectories,79,99,99,0.42140436417154326,0.357715671765391,3.0590574169764295e-05,0.00048100948333740234,0.000634250114671886,1.3185813100216852,selected trajectory sim 56,selected,56,80
selected CV2 sim-56,other_trajectories,80,99,99,0.4133369541943671,-0.3225141623366356,0.0003390745259821415,0.000510115351062268,0.0006144535727798939,1.2045384862469855,selected trajectory sim 56,selected,56,81
selected CV2 sim-56,other_trajectories,81,99,99,0.39563665721703867,-0.25940249444068453,0.0003204143140465021,0.0004659129190258682,0.0007651194464415312,1.6421940993635564,selected trajectory sim 56,selected,56,82
selected CV2 sim-56,other_trajectories,82,99,99,0.3582855225097087,-0.3327648889702613,0.00031159771606326103,0.0005203172913752496,0.0005465951398946345,1.0505035080612637,selected trajectory sim 56,selected,56,83
selected CV2 sim-56,other_trajectories,83,99,99,0.40378553182238164,0.3440708785901981,6.478153227362782e-05,0.0004596376675181091,0.0007669076439924538,1.6685047771073696,selected trajectory sim 56,selected,56,84
selected CV2 sim-56,other_trajectories,84,99,99,0.4056248922774325,0.08332369790297997,8.716632146388292e-05,0.0004753803659696132,0.0006203448283486068,1.3049441515812623,selected trajectory sim 56,selected,56,85
selected CV2 sim-56,other_trajectories,85,99,99,0.4101266066436006,0.13498589844720832,9.208146366290748e-05,0.00041091025923378766,0.0006914170226082206,1.6826472619532198,selected trajectory sim 56,selected,56,86
selected CV2 sim-56,other_trajectories,86,99,99,0.41314264804537415,-0.06513869528101057,0.00015740971139166504,0.0005405376432463527,0.0004110992595087737,0.7605377065689636,selected trajectory sim 56,selected,56,87
selected CV2 sim-56,other_trajectories,87,99,99,0.4111562573862933,-0.3918131232438984,0.0003476606507319957,0.0004841744957957417,0.0005283341160975397,1.091206002557449,selected trajectory sim 56,selected,56,88
selected CV2 sim-56,other_trajectories,88,99,99,0.3944750851278116,-0.28148748716285604,0.00029593080398626626,0.00051583704771474,0.0007043787627480924,1.3655063471470872,selected trajectory sim 56,selected,56,89
selected CV2 sim-56,other_trajectories,89,99,99,0.39581874940875983,-0.10754975017229497,0.00022093621373642236,0.00041264836909249425,0.0007251435308717191,1.757291643891557,selected trajectory sim 56,selected,56,90
selected CV2 sim-56,other_trajectories,90,99,99,0.42147408124777,0.18968961237502197,5.61111191927921e-05,0.00044932347373105586,0.0006210305145941675,1.3821457166199322,selected trajectory sim 56,selected,56,91
selected CV2 sim-56,other_trajectories,91,99,99,0.3841919034787515,-0.47135017658245043,0.00040938600432127714,0.0004888609983026981,0.0005657737492583692,1.1573305115824508,selected trajectory sim 56,selected,56,92
selected CV2 sim-56,other_trajectories,92,99,99,0.4090772314103547,-0.39698130781769303,0.0003382779541425407,0.0006241644732654095,0.0005337181501090527,0.855092163956123,selected trajectory sim 56,selected,56,93
selected CV2 sim-56,other_trajectories,93,99,99,0.4107683637838322,-0.3644110036480869,0.0003216384502593428,0.0005368557176552713,0.0005822880193591118,1.0846266514628307,selected trajectory sim 56,selected,56,94
selected CV2 sim-56,other_trajectories,94,99,99,0.4031191098998063,-0.305597396773563,0.0002833199396263808,0.000405078666517511,0.0005668675876222551,1.3994012385190622,selected trajectory sim 56,selected,56,95
selected CV2 sim-56,other_trajectories,95,99,99,0.4022184300341297,0.178,6.828708865214139e-05,0.0004239640256855637,0.0006588699179701507,1.5540703410029577,selected trajectory sim 56,selected,56,96
selected CV2 sim-56,other_trajectories,96,99,99,0.41573350044047264,0.3486441734941832,7.409072713926435e-05,0.0004537535714916885,0.000802322756499052,1.7681905045098876,selected trajectory sim 56,selected,56,97
selected CV2 sim-56,other_trajectories,97,99,99,0.41562537445778514,0.18857266412605747,8.617714775027707e-05,0.0004066496912855655,0.0006917119026184082,1.7010019125593305,selected trajectory sim 56,selected,56,98
selected CV2 sim-56,other_trajectories,98,99,99,0.392476172442088,0.04549392723310389,0.00011353391892043874,0.0004306344490032643,0.0006789027829654515,1.5765175882626734,selected trajectory sim 56,selected,56,99
