case,case_short,train_original_sim_idx,original_sim_idx,frames_encoded,final_p_ratio,initial_z0,initial_z1
selected trajectory sim 56,selected,56,0,100,-0.4807224091848549,2.3798184394836426,2.388707399368286
selected trajectory sim 56,selected,56,1,100,-0.20260149053372217,2.0691208839416504,2.1413662433624268
selected trajectory sim 56,selected,56,2,100,0.12600592325434534,1.6786643266677856,1.881829857826233
selected trajectory sim 56,selected,56,3,100,-0.45584325610126514,2.2322466373443604,2.265728235244751
selected trajectory sim 56,selected,56,4,100,0.1278935707687713,1.6771665811538696,1.8521969318389893
selected trajectory sim 56,selected,56,5,100,0.026206553415310255,1.7547836303710938,1.9173153638839722
selected trajectory sim 56,selected,56,6,100,0.3630376812533941,1.5014723539352417,1.757798194885254
selected trajectory sim 56,selected,56,7,100,-0.3942740135525513,2.2045180797576904,2.2239458560943604
selected trajectory sim 56,selected,56,8,100,-0.3943129812633864,2.2593164443969727,2.2897305488586426
selected trajectory sim 56,selected,56,9,100,0.1672963915372404,1.7037585973739624,1.8934720754623413
selected trajectory sim 56,selected,56,10,100,-0.4575559254783025,2.3505442142486572,2.3718745708465576
selected trajectory sim 56,selected,56,11,100,-0.08124782558274382,1.964223027229309,2.096078634262085
selected trajectory sim 56,selected,56,12,100,0.34363610284625656,1.5218403339385986,1.7558822631835938
selected trajectory sim 56,selected,56,13,100,0.10598580935001119,1.7449629306793213,1.9273748397827148
selected trajectory sim 56,selected,56,14,100,-0.02043953611353658,1.8979041576385498,2.025320529937744
selected trajectory sim 56,selected,56,15,100,0.0034385083193314795,1.8147969245910645,1.9699956178665161
selected trajectory sim 56,selected,56,16,100,-0.3836751706292006,2.178492784500122,2.2389376163482666
selected trajectory sim 56,selected,56,17,100,0.17635764572024556,1.620160460472107,1.8178867101669312
selected trajectory sim 56,selected,56,18,100,0.16176244715164548,1.6104129552841187,1.8052767515182495
selected trajectory sim 56,selected,56,19,100,0.03700541385993479,1.772929310798645,1.9463646411895752
selected trajectory sim 56,selected,56,20,100,-0.1613288408896635,1.96516752243042,2.0783274173736572
selected trajectory sim 56,selected,56,21,100,-0.2291252278516337,2.0400991439819336,2.1280124187469482
selected trajectory sim 56,selected,56,22,100,-0.4346220503932809,2.2612617015838623,2.2764158248901367
selected trajectory sim 56,selected,56,23,100,0.3480696477983587,1.5040028095245361,1.7348544597625732
selected trajectory sim 56,selected,56,24,100,-0.4425836976874488,2.240950345993042,2.270876169204712
selected trajectory sim 56,selected,56,25,100,0.15575047961155963,1.6638211011886597,1.858342170715332
selected trajectory sim 56,selected,56,26,100,0.03234810147365195,1.7818613052368164,1.9361388683319092
selected trajectory sim 56,selected,56,27,100,-0.36685866738795003,2.1919023990631104,2.2272260189056396
selected trajectory sim 56,selected,56,28,100,-0.45477014026240226,2.2321646213531494,2.2438557147979736
selected trajectory sim 56,selected,56,29,100,-0.46988297457812184,2.411846399307251,2.4264113903045654
selected trajectory sim 56,selected,56,30,100,0.04379751958601948,1.7913681268692017,1.9336261749267578
selected trajectory sim 56,selected,56,31,100,0.13393114430878897,1.6645883321762085,1.8616477251052856
selected trajectory sim 56,selected,56,32,100,0.21262633834314057,1.612747311592102,1.8236325979232788
selected trajectory sim 56,selected,56,33,100,-0.4240335086854074,2.3084352016448975,2.334254264831543
selected trajectory sim 56,selected,56,34,100,-0.44394318861186965,2.3387343883514404,2.3391964435577393
selected trajectory sim 56,selected,56,35,100,-0.1496032734170133,1.9234107732772827,2.022704601287842
selected trajectory sim 56,selected,56,36,100,-0.4436555356265637,2.2312238216400146,2.260530710220337
selected trajectory sim 56,selected,56,37,100,-0.204619104548757,2.090576410293579,2.1677029132843018
selected trajectory sim 56,selected,56,38,100,0.35413357644997473,1.5239667892456055,1.7573524713516235
selected trajectory sim 56,selected,56,39,100,0.35508191711915005,1.5167485475540161,1.7534422874450684
selected trajectory sim 56,selected,56,40,100,-0.23919190542704324,2.220247507095337,2.3060426712036133
selected trajectory sim 56,selected,56,41,100,-0.3405376290549624,2.2851719856262207,2.327366352081299
selected trajectory sim 56,selected,56,42,100,-0.4103403225186684,2.2139923572540283,2.2466368675231934
selected trajectory sim 56,selected,56,43,100,0.17903333525441312,1.6375483274459839,1.8384323120117188
selected trajectory sim 56,selected,56,44,100,-0.10055141793182469,1.8839021921157837,2.0215163230895996
selected trajectory sim 56,selected,56,45,100,0.34223353528925654,1.529587745666504,1.770498514175415
selected trajectory sim 56,selected,56,46,100,-0.2944754113699857,2.1370651721954346,2.2089052200317383
selected trajectory sim 56,selected,56,47,100,-0.42437712851765547,2.228844404220581,2.268648862838745
selected trajectory sim 56,selected,56,48,100,0.3629131029241631,1.5238581895828247,1.7746028900146484
selected trajectory sim 56,selected,56,49,100,-0.44952385768512343,2.238022804260254,2.243706226348877
selected trajectory sim 56,selected,56,50,100,-0.0696914335517825,1.9123173952102661,2.0335588455200195
selected trajectory sim 56,selected,56,51,100,0.1984530464851873,1.6328225135803223,1.831892728805542
selected trajectory sim 56,selected,56,52,100,0.037337759212293,1.8570436239242554,1.988453984260559
selected trajectory sim 56,selected,56,53,100,-0.05223121954639464,1.868177056312561,2.0244252681732178
selected trajectory sim 56,selected,56,54,100,0.34876936421668947,1.4979397058486938,1.7398141622543335
selected trajectory sim 56,selected,56,55,100,0.20504416643351053,1.6090837717056274,1.8082547187805176
selected trajectory sim 56,selected,56,57,100,-0.02490996528939263,1.8490798473358154,1.9878227710723877
selected trajectory sim 56,selected,56,58,100,0.15807421313403752,1.655156135559082,1.8470686674118042
selected trajectory sim 56,selected,56,59,100,-0.0313026174804837,1.8277896642684937,1.9704644680023193
selected trajectory sim 56,selected,56,60,100,-0.3733590050206568,2.151299238204956,2.213979721069336
selected trajectory sim 56,selected,56,61,100,-0.5734598575106268,2.4261255264282227,2.4260854721069336
selected trajectory sim 56,selected,56,62,100,-0.4204057219757763,2.326979875564575,2.3339550495147705
selected trajectory sim 56,selected,56,63,100,-0.06000701508242722,1.9054239988327026,2.0275280475616455
selected trajectory sim 56,selected,56,64,100,0.3664375008215793,1.5154999494552612,1.7519121170043945
selected trajectory sim 56,selected,56,65,100,-0.12283631741223562,1.9029772281646729,2.0164644718170166
selected trajectory sim 56,selected,56,66,100,-0.5381298285827363,2.3126657009124756,2.3367555141448975
selected trajectory sim 56,selected,56,67,100,0.15301959837093992,1.6474609375,1.8290841579437256
selected trajectory sim 56,selected,56,68,100,0.16470512886983094,1.6505986452102661,1.842585563659668
selected trajectory sim 56,selected,56,69,100,-0.24695770209211376,2.1543359756469727,2.193530321121216
selected trajectory sim 56,selected,56,70,100,-0.1806314739996638,1.995441198348999,2.086580276489258
selected trajectory sim 56,selected,56,71,100,-0.4991540889734968,2.261108636856079,2.2577831745147705
selected trajectory sim 56,selected,56,72,100,0.20470544269913032,1.6105698347091675,1.8200384378433228
selected trajectory sim 56,selected,56,73,100,-0.4669767574585872,2.2738566398620605,2.2943243980407715
selected trajectory sim 56,selected,56,74,100,-0.31002572813366264,2.1310172080993652,2.2014732360839844
selected trajectory sim 56,selected,56,75,100,0.34077803793200123,1.5258208513259888,1.770571231842041
selected trajectory sim 56,selected,56,76,100,-0.5497968824564992,2.383470296859741,2.397608995437622
selected trajectory sim 56,selected,56,77,100,0.012487869430966034,1.7915676832199097,1.9597797393798828
selected trajectory sim 56,selected,56,78,100,0.0037402536317093908,1.8623063564300537,2.017179250717163
selected trajectory sim 56,selected,56,79,100,-0.4733047013994222,2.36529541015625,2.3742599487304688
selected trajectory sim 56,selected,56,80,100,0.35754182064374174,1.5376110076904297,1.7764091491699219
selected trajectory sim 56,selected,56,81,100,-0.3386047566176201,2.176095485687256,2.2287769317626953
selected trajectory sim 56,selected,56,82,100,-0.2792191185246228,2.1105098724365234,2.1694211959838867
selected trajectory sim 56,selected,56,83,100,-0.3408093698103313,2.282688856124878,2.2878425121307373
selected trajectory sim 56,selected,56,84,100,0.3437884787174968,1.5137598514556885,1.750909686088562
selected trajectory sim 56,selected,56,85,100,0.07935315397013996,1.7337372303009033,1.9109058380126953
selected trajectory sim 56,selected,56,86,100,0.13163828852070553,1.6723960638046265,1.8508862257003784
selected trajectory sim 56,selected,56,87,100,-0.06735705102337672,1.904597520828247,2.029282808303833
selected trajectory sim 56,selected,56,88,100,-0.39993156530899415,2.294361114501953,2.323735475540161
selected trajectory sim 56,selected,56,89,100,-0.2955698868201818,2.1004388332366943,2.1701183319091797
selected trajectory sim 56,selected,56,90,100,-0.11902162439303918,1.9413530826568604,2.0490424633026123
selected trajectory sim 56,selected,56,91,100,0.1881998080526484,1.6587657928466797,1.8648183345794678
selected trajectory sim 56,selected,56,92,100,-0.481852099538911,2.3670549392700195,2.362416982650757
selected trajectory sim 56,selected,56,93,100,-0.4068555070061775,2.2114439010620117,2.2353217601776123
selected trajectory sim 56,selected,56,94,100,-0.37791896579959694,2.1812002658843994,2.231031656265259
selected trajectory sim 56,selected,56,95,100,-0.31840194165154506,2.1446948051452637,2.1979005336761475
selected trajectory sim 56,selected,56,96,100,0.17662705918596525,1.6218489408493042,1.8149940967559814
selected trajectory sim 56,selected,56,97,100,0.3482703772786049,1.503853678703308,1.7338447570800781
selected trajectory sim 56,selected,56,98,100,0.18759853886729774,1.6425001621246338,1.8427534103393555
selected trajectory sim 56,selected,56,99,100,0.04117477594834443,1.819705605506897,1.971228837966919
