sim_idx,frame,trajectory_progress,p_ratio,final_p_ratio,horizontal_strain,x_compression,vertical_strain,mean_abs_x_disp,mean_abs_y_disp,mean_x_disp,mean_y_disp,rms_disp,max_node_disp,z0,z1,lambda1,lambda2,lambda3,lambda4,lambda5,lambda6,lambda7,lambda8,lambda9,lambda10,lambda11,lambda12,soft_mode_gap_6_5
0,0,0.0,,-0.4807224091848549,0.0,-0.0,0.0,0.0,0.0,0.0,0.0,0.0,0.0,3.228456497192383,-3.6058287620544434,-1.5133552541273085e-14,-1.6095756834404575e-15,8.197685605652208e-10,0.024540196491943347,0.026639547070277537,0.028744670039240732,0.05025834042266115,0.05974060455007163,0.06413452086919272,0.0722004186698503,0.08059700578128244,0.08807416930433239,0.0021051229689631953
0,1,0.006535947712418301,0.14456521739130435,-0.4807224091848549,-6.195578970571251e-05,6.195578970571251e-05,1.0423897728657503e-05,0.0002477061643730849,3.802338687819429e-05,-1.638738831388764e-05,-1.8300675037608016e-06,0.00028922699857503176,0.00050825608195737,3.136683464050293,-3.576936960220337,-2.9417061115597978e-05,-2.5985125951580952e-15,1.657632171584086e-15,0.024528830245840176,0.02663036260046576,0.028733011269778806,0.05025244533459193,0.05969570689539047,0.06409945106832998,0.07217514210530337,0.08057627008676559,0.08805886123597413,0.0021026486693130446
0,2,0.013071895424836602,0.049198151671649905,-0.4807224091848549,-0.00012259203419456909,0.00012259203419456909,9.182957522864943e-06,0.0004954665782861412,4.4519918446894735e-05,-3.270206070737913e-05,-1.465324316995975e-06,0.000574623525608331,0.0010211827466264367,3.064239978790283,-3.5541486740112305,-6.526022015986386e-05,-3.365644125965e-15,7.898200480048005e-17,0.024515814992626228,0.02662014311455264,0.028720265798309257,0.05023933677337067,0.059646210712064926,0.06406406387285538,0.07214635970412725,0.08055416858533869,0.08804211185009739,0.0021001226837566167
0,3,0.0196078431372549,-0.043256997455470736,-0.4807224091848549,-0.00018184589798005276,0.00018184589798005276,-3.8469146379569355e-06,0.0007420035544782877,7.279476267285645e-05,-4.909959534415975e-05,1.3417192121778498e-06,0.000862395332660526,0.0015574574936181307,2.9951329231262207,-3.532430410385132,-0.00010728791879936408,-5.176284736892694e-16,4.2881547155432325e-15,0.024500682580666823,0.026608106912263552,0.028704857235894318,0.05021444373808917,0.05959043664863415,0.06402714848601423,0.07211209006474521,0.08052812463720989,0.08802106436123208,0.002096750323630766
0,4,0.026143790849673203,-0.10947109471094711,-0.4807224091848549,-0.00024053424238688388,0.00024053424238688388,-2.1468265560211288e-05,0.000989518011920154,0.00013961827789898962,-6.533537089126185e-05,4.777889898832655e-06,0.0011573710944503546,0.002094946103170514,2.932359218597412,-3.5127556324005127,-0.00015226242861651306,-4.1883506999487684e-15,1.578185030346324e-15,0.024484465219793493,0.026595756752852442,0.028688636551539838,0.050186160808424446,0.05953259847296026,0.06398759767214789,0.07207595699247457,0.08050094960269094,0.08799766968206998,0.0020928797986873963
0,5,0.032679738562091505,-0.15971538040503558,-0.4807224091848549,-0.0002998509416588845,0.0002998509416588845,-4.23160610175263e-05,0.0012361586559563875,0.0002254930732306093,-8.143373997882009e-05,9.247194611816667e-06,0.0014574764063581824,0.0026462185196578503,2.8742876052856445,-3.494567632675171,-0.0001991204059643275,-1.2261239068933014e-14,2.163241351475841e-15,0.02446768268774441,0.026582730029530675,0.02867181395699429,0.050154388365078975,0.0594720842184601,0.06394805761949668,0.07203809139037581,0.08047257146809275,0.08797298070318096,0.002089083927463615
0,6,0.0392156862745098,-0.19484790353521514,-0.4807224091848549,-0.00035841361509268173,0.00035841361509268173,-6.440479668063386e-05,0.0014830507570877671,0.00031628974829800427,-9.760662942426279e-05,1.4032404578756541e-05,0.0017608309863135219,0.0031863742042332888,2.8182058334350586,-3.4770030975341797,-0.00024626813539744473,-1.3979534663451028e-15,7.542080824822344e-16,0.024450797498758035,0.02656990941989693,0.028655149697177258,0.050123317875355476,0.059412294015091835,0.06390892118806467,0.0720006036740324,0.08044427124153758,0.08794873393068087,0.0020852402772803293
0,7,0.0457516339869281,-0.22321498550043106,-0.4807224091848549,-0.00041710195949951285,0.00041710195949951285,-8.847903667300952e-05,0.001729747629724443,0.0004120904195588082,-0.000113936752313748,1.81315845111385e-05,0.0020671391393989325,0.00374124338850379,2.761016845703125,-3.459106206893921,-0.000294488846161751,-1.3548446006092224e-15,7.96255735102639e-15,0.024433582545245427,0.02655661171559351,0.02863806283774845,0.05008928884184885,0.059350912896901364,0.0638690258068426,0.07196198031850995,0.08041524953513035,0.08792297038982301,0.0020814511221549405
0,8,0.05228758169934641,-0.24606934431857191,-0.4807224091848549,-0.00047641865877151346,0.00047641865877151346,-0.00011385626388146738,0.0019767864141613245,0.0005110297934152186,-0.00013015097647439688,2.377442979195621e-05,0.0023755314759910107,0.004302246030420065,2.7067012786865234,-3.442101240158081,-0.0003431170757296351,-2.509666253514149e-15,3.268798895679119e-15,0.02441615098365797,0.026543509471884368,0.028620683370740495,0.05005508015550379,0.059289998618407974,0.06382850513241388,0.07192310982660056,0.08038625106582736,0.0878972204715399,0.0020771738988561265
0,9,0.058823529411764705,-0.264,-0.4807224091848549,-0.0005350441676918276,0.0005350441676918276,-0.00013923349108992524,0.002223812974989414,0.0006105894572101533,-0.00014613833627663553,2.828895958373323e-05,0.0026855694595724344,0.004873713944107294,2.652517080307007,-3.4251811504364014,-0.0003922311047296771,-1.301866963353871e-14,1.0436048809441493e-15,0.02439863155998486,0.02653033167404659,0.028603353832175167,0.050021967844682255,0.05922894193923095,0.06378796750033157,0.07188443712128478,0.08035770154570929,0.08787119449240545,0.002073022158128577
0,10,0.06535947712418301,-0.2799691918358365,-0.4807224091848549,-0.0005943608669638283,0.0005943608669638283,-0.00016591370551446527,0.0024720337241888046,0.0007133418112061918,-0.00016279827104881406,3.3871325285872445e-05,0.002997876377776265,0.005434727296233177,2.5994608402252197,-3.408586263656616,-0.0004418695529700637,-1.5089712792109343e-15,2.7436154098306495e-15,0.024381095142203886,0.026517192063595478,0.028585961291128337,0.04998827438977521,0.05916707756579917,0.06374762110295051,0.07184572114046532,0.0803281656259531,0.08784516536312287,0.0020687692275328587
0,11,0.0718954248366013,-0.29319921933643595,-0.4807224091848549,-0.0006529863758841424,0.0006529863758841424,-0.0001925939199390053,0.002719979267567396,0.000815299921669066,-0.00017917096556629986,3.861537334159948e-05,0.003310968168079853,0.006011518184095621,2.54767107963562,-3.3923757076263428,-0.0004917684745729002,-2.034143871576584e-15,-1.8982327161441235e-16,0.02436332916560196,0.026503797925462865,0.028568399451909667,0.04995262295566738,0.059105432796920446,0.06370890245784912,0.0718067843569148,0.08029911690597186,0.08781942905713669,0.002064601526446802
0,12,0.0784313725490196,-0.3051080820597549,-0.4807224091848549,-0.0007123030751561431,0.0007123030751561431,-0.00021989460446644163,0.0029684596229344606,0.0009190902346745133,-0.0001949761062860489,4.403459024615586e-05,0.0036255677696317434,0.006619675550609827,2.494387626647949,-3.375732660293579,-0.0005421390558313285,7.580116603900798e-16,2.222639805016474e-15,0.02434539855294315,0.026490470540871204,0.02855049113377869,0.049918499484014583,0.059043098476077374,0.06366768306315702,0.07176801481270643,0.08026963714095191,0.08779280493526892,0.002060020592907486
0,13,0.08496732026143791,-0.3147119908447421,-0.4807224091848549,-0.0007709285840764572,0.0007709285840764572,-0.00024781575909677423,0.0032169066835194826,0.0010220890399068594,-0.00021168537205085158,4.955088661517948e-05,0.003940328489989042,0.007218637969344854,2.444121837615967,-3.3600213527679443,-0.0005924732864783785,-1.0854321722953746e-15,1.866259838202981e-15,0.024327496002324936,0.02647713127981552,0.02853267652730619,0.04988363391703182,0.05898118804986121,0.0636264206304814,0.07172859315367183,0.08024024330463393,0.08776658027922765,0.0020555452474906727
0,14,0.0915032679738562,-0.32453929752716965,-0.4807224091848549,-0.0008295540929967713,0.0008295540929967713,-0.00027710194795347866,0.003465530928224325,0.0011283906642347574,-0.00022789993090555072,5.492925629368983e-05,0.004256779793649912,0.007821787148714066,2.390408992767334,-3.343235492706299,-0.0006435769209676506,-2.1365481442437915e-15,8.88061167003042e-15,0.024309242669871594,0.026463600490999037,0.02851454951430922,0.049847432951134814,0.0589178803676116,0.06358667556102408,0.07168859521474555,0.08021006675716147,0.08773972620306501,0.0020509490233101835
0,15,0.09803921568627451,-0.33252462873106897,-0.4807224091848549,-0.000888870792268772,0.000888870792268772,-0.0003057676667072868,0.0037146490067243576,0.0012327797012403607,-0.00024412378843408078,6.071008829167113e-05,0.00457385228946805,0.008435436524450779,2.34027361869812,-3.3275763988494873,-0.0006947177505720995,6.995489811811849e-15,7.910351609658408e-15,0.024290986589224458,0.0264501649526193,0.02849650014923003,0.04981172354373829,0.0588549667505088,0.06354634302274911,0.07164915593645318,0.0801799915573046,0.08771306491415068,0.0020463351966107275
0,16,0.10457516339869281,-0.3401585660117201,-0.4807224091848549,-0.0009474963011890862,0.0009474963011890862,-0.00033629479576978373,0.003963944502174854,0.0013399855233728886,-0.0002602175227366388,6.640556966885924e-05,0.0048924097791314125,0.009052793495357037,2.28948974609375,-3.3117024898529053,-0.0007463320297603956,-3.4115049661899843e-15,8.223334667123897e-16,0.024272657186928667,0.02643650840365223,0.028478083436393308,0.049774917832292945,0.05879182063916847,0.06350489367388518,0.07160941629471135,0.08015010471688463,0.0876857664504437,0.0020415750327410775
0,17,0.1111111111111111,-0.3468990361211177,-0.4807224091848549,-0.0010061218101094004,0.0010061218101094004,-0.0003662635017396741,0.004213122650980949,0.001445914851501584,-0.0002763655502349138,7.202204142231494e-05,0.005210723727941513,0.009671308100223541,2.2402114868164062,-3.296290874481201,-0.0007978133514618905,1.5609167695096211e-15,2.439577227357613e-15,0.02425428709241571,0.026422852383172494,0.028459966203553115,0.0497387357609988,0.058729330240622254,0.06346495154702611,0.07157007361872442,0.08012068272852935,0.08765975976147798,0.002037113820380621
0,18,0.11764705882352941,-0.35302412556328744,-0.4807224091848549,-0.001065438509381401,0.001065438509381401,-0.0003968526778124607,0.004462745040655136,0.0015518333530053496,-0.00029277591966092587,7.784575427649543e-05,0.0055299364030361176,0.01028964389115572,2.1893279552459717,-3.280397653579712,-0.0008497184919072798,2.0307450215200886e-15,6.3980135577333795e-15,0.024235790298253734,0.026409302229959533,0.028441454272992644,0.04970310500623222,0.05866503856382291,0.06342296806264867,0.07153028622730155,0.08009038964408219,0.08763171287873438,0.0020321520430331107
0,19,0.12418300653594772,-0.35881942830583313,-0.4807224091848549,-0.0011241268537882322,0.0011241268537882322,-0.00042737980687495767,0.004712217021733522,0.0016584123950451612,-0.0003089957754127681,8.33058002172038e-05,0.005849289707839489,0.010918039828538895,2.1393964290618896,-3.2647922039031982,-0.0009017307809949353,7.077279354317579e-16,2.3581213084292244e-15,0.024217216849689728,0.02639571442749746,0.028422913052684486,0.04966614394653214,0.0586013591345505,0.06338250014715047,0.07149026105196518,0.080060351770153,0.08760480619868925,0.0020271986251870246
0,20,0.13071895424836602,-0.36364890974330666,-0.4807224091848549,-0.0011826895272220293,0.0011826895272220293,-0.0004580310299580339,0.004961956758052111,0.001763941370882094,-0.00032520797685720026,8.899632666725665e-05,0.006168689578771591,0.011540901847183704,2.089463710784912,-3.249190092086792,-0.0009538346709673367,3.249369487056277e-15,8.710111173904832e-15,0.024198603566901976,0.02638194635708261,0.028404454582896508,0.049629832016655426,0.05853772424725304,0.06334228598566617,0.07145068462028208,0.08003032751374335,0.08757736615002258,0.002022508225813898
0,21,0.13725490196078433,-0.36874901404006943,-0.4807224091848549,-0.001240686681277174,0.001240686681277174,-0.0004898611462366131,0.005211501847952604,0.0018720064545050263,-0.0003419229469727725,9.486347698839381e-05,0.006488961633294821,0.012164115905761719,2.0390334129333496,-3.2334392070770264,-0.0010063293087058814,-3.7698156523759064e-15,-3.277604040492956e-16,0.024179883506691993,0.026368421326367728,0.02838571555654058,0.049592948984011564,0.058473911179947824,0.06330105285801736,0.07141084939337819,0.08000006218637042,0.08755075962098388,0.0020172942301728523
0,22,0.1437908496732026,-0.373111099954817,-0.4807224091848549,-0.0013000033805491745,0.0013000033805491745,-0.0005210707924122959,0.005461874417960644,0.0019781996961683035,-0.00035814291913993657,0.0001006655948003754,0.006809609476476908,0.012797261588275433,1.9911108016967773,-3.2184596061706543,-0.0010587168667004737,-5.758952316983708e-17,1.430779449365985e-15,0.024161224568062994,0.026354855075580923,0.028367140130182125,0.04955681105092395,0.058409987887253545,0.06326126111887174,0.07137112719889557,0.07996990443366445,0.08752383904664865,0.002012285054601201
0,23,0.1503267973856209,-0.3774944168287587,-0.4807224091848549,-0.0013580005346043192,0.0013580005346043192,-0.0005536454728143507,0.005712511949241161,0.002086611930280924,-0.0003739891108125448,0.00010698059486458078,0.007131579797714949,0.013430193066596985,1.9400652647018433,-3.202519655227661,-0.0011117118544328806,-1.09706929361693e-14,2.366913534772905e-15,0.024142187894138696,0.026340880394430586,0.028348145700312338,0.04951945520547271,0.0583451247203319,0.06322072136644905,0.07133110492647646,0.07993943338501093,0.0874959518721286,0.0020072653058817516
0,24,0.1568627450980392,-0.3812197928653625,-0.4807224091848549,-0.0014166260435246334,0.0014166260435246334,-0.0005854755890929298,0.005963199771940708,0.0021932346280664206,-0.00039033577195368707,0.00011218702275073156,0.007452863268554211,0.014063947834074497,1.8919824361801147,-3.1874852180480957,-0.0011644335992539684,6.8951629815303295e-15,7.544851415356748e-15,0.024123395993669618,0.026327277854011375,0.02832930651936965,0.04948231320542129,0.05828180693211084,0.06318040646979374,0.07129135445004983,0.07990942883777437,0.0874693950946418,0.002002028665358275
0,25,0.16339869281045752,-0.3848873177198409,-0.4807224091848549,-0.0014752515524449476,0.0014752515524449476,-0.0006180502694949845,0.006214088294655085,0.0023012671153992414,-0.0004067723057232797,0.00011824276589322835,0.0077750347554683685,0.014697244390845299,1.841532588005066,-3.171741008758545,-0.0012175490444272193,-1.4058632514645127e-15,1.2254128716552954e-15,0.024104368814049967,0.026313451326109075,0.028310254633617294,0.04944500146466963,0.05821694314040345,0.06313967389456808,0.07125109759007853,0.07987889452165617,0.08744170252347816,0.0019968033075082187
0,26,0.16993464052287582,-0.38826679132227016,-0.4807224091848549,-0.0015332487065000922,0.0015332487065000922,-0.0006506249498970392,0.006464556325227022,0.0024084129836410284,-0.00042277955799363554,0.00012424880696926266,0.008096931502223015,0.015330689959228039,1.7945283651351929,-3.1570465564727783,-0.001270626904088455,-1.1606409546602787e-15,1.0813395544627575e-15,0.024085410839117985,0.026299860145636622,0.0282915388482603,0.04940905842572625,0.058152880367599066,0.06309990985234325,0.07121167215795948,0.07984884503072359,0.08741466669829559,0.001991678702623678
0,27,0.17647058823529413,-0.39141910139945985,-0.4807224091848549,-0.0015918742154204064,0.0015918742154204064,-0.0006831375832888043,0.006715053226798773,0.002516253851354122,-0.00043933570850640535,0.00012974791752640158,0.008419306948781013,0.015968823805451393,1.7443779706954956,-3.141380548477173,-0.0013240963312114147,-3.2222408674629093e-15,7.898621679500498e-15,0.024066253602939944,0.02628587899007437,0.02827229110101179,0.04937137151060639,0.05808783915695762,0.06305918072897097,0.07117133381514566,0.07981831060471435,0.08738751600665358,0.0019864121109374223
0,28,0.1830065359477124,-0.39434174443151104,-0.4807224091848549,-0.0016505625598272377,0.0016505625598272377,-0.0007162706867834656,0.006966062821447849,0.002624025335535407,-0.0004555271880235523,0.000136092901811935,0.008742347359657288,0.016611654311418533,1.6945887804031372,-3.1258199214935303,-0.0013776504237919315,-3.215067297811373e-16,1.1555930594456264e-15,0.02404702415694644,0.026271870105750928,0.02825286708636502,0.04933272023734337,0.05802306364299288,0.06301844140317515,0.07113068939829233,0.07978768830057079,0.08735986858470805,0.001980996980614092
0,29,0.1895424836601307,-0.3971655523172753,-0.4807224091848549,-0.0017091252332610348,0.0017091252332610348,-0.0007494658372884166,0.007216909900307655,0.0027317977510392666,-0.00047174879000522196,0.00014120194828137755,0.009065067395567894,0.01725006476044655,1.646283507347107,-3.1107308864593506,-0.0014314216588300734,-4.641017551801349e-16,7.313423906072619e-16,0.024027688075859255,0.026258134132692602,0.028233583885030535,0.049296566459357725,0.05795739000247499,0.06297780083254009,0.07109113560960073,0.07975696499448126,0.08733256871297251,0.001975449752337932
0,30,0.19607843137254902,-0.4001104972375691,-0.4807224091848549,-0.001766431196964493,0.001766431196964493,-0.0007826609877933675,0.0074675846844911575,0.0028410220984369516,-0.0004883288056589663,0.00014773757720831782,0.009388432838022709,0.017888177186250687,1.5970592498779297,-3.0953657627105713,-0.0014851752723906936,2.0874560572908333e-15,4.086382799283383e-15,0.02400842304413936,0.026244367842373592,0.028214542211925164,0.04925997643499877,0.05789277554540599,0.062937617104717,0.07105120544120942,0.07972687237898918,0.0873049495968391,0.0019701743695515715
0,31,0.20261437908496732,-0.4023097075439753,-0.4807224091848549,-0.0018251195413713241,0.0018251195413713241,-0.0008158561382983185,0.007718509528785944,0.0029474550392478704,-0.00050444615771994,0.0001534627372166142,0.009710922837257385,0.018531477078795433,1.5484368801116943,-3.080169200897217,-0.00153888117169851,-7.463982630835842e-15,-2.387431154361322e-15,0.02398911889914924,0.026230767670964352,0.0281953089768295,0.049223137539685456,0.057828043281054106,0.06289747723981719,0.07101111094514438,0.07969608734744603,0.08727771013117616,0.0019645413058651494
0,32,0.20915032679738563,-0.4047890339064982,-0.4807224091848549,-0.0018831166954264688,0.0018831166954264688,-0.0008490512888032696,0.007969504222273827,0.0030560148879885674,-0.0005203304463066161,0.00015948204963933676,0.010034830309450626,0.01917022466659546,1.4998363256454468,-3.0649805068969727,-0.0015930419021724573,1.8923118843657537e-15,1.3125016925487908e-14,0.023969725189751098,0.026216687224272835,0.02817590112203606,0.049185333886391465,0.05776240331633459,0.06285766496704905,0.07097108906573331,0.07966533987871241,0.0872503847452841,0.001959213897763226
0,33,0.21568627450980393,-0.40685059934373535,-0.4807224091848549,-0.001941742204346783,0.001941742204346783,-0.0008821843922979308,0.008220931515097618,0.003162509761750698,-0.0005369075224734843,0.00016512052388861775,0.010358069092035294,0.019808640703558922,1.4502407312393188,-3.049502372741699,-0.00164702339321347,-1.4545280645390936e-15,6.611781970629786e-15,0.023950215625691353,0.026202886737819165,0.02815631411612282,0.049148355785057454,0.05769766240867408,0.06281667062945354,0.07093125059462925,0.07963520256268213,0.08722282038170491,0.0019534273783036564
0,34,0.2222222222222222,-0.4091743715571733,-0.4807224091848549,-0.001999048168050241,0.001999048168050241,-0.0009166825300189641,0.008471617475152016,0.00327158416621387,-0.0005528799956664443,0.00017166754696518183,0.01068185456097126,0.020452363416552544,1.3994699716567993,-3.0336365699768066,-0.0017015224090845933,1.3485200859302053e-15,1.1960323674537587e-14,0.023930548734051715,0.02618863130435725,0.02813639764717595,0.04910963483001229,0.057631572584260604,0.06277619347647052,0.07089056809815189,0.07960380846798891,0.08719485085812363,0.0019477663428186971
0,35,0.22875816993464052,-0.41113233460148074,-0.4807224091848549,-0.0020577365124570726,0.0020577365124570726,-0.0009498156335136254,0.008722429163753986,0.0033790257293730974,-0.0005692274426110089,0.0001776574063114822,0.011005018837749958,0.021090926602482796,1.3535487651824951,-3.019318103790283,-0.0017557035044617282,-2.728590789632372e-15,5.749598624964799e-15,0.023911106411168934,0.026174804233390258,0.02811703272388989,0.04907241891717923,0.05756651324565737,0.06273634759215825,0.07085063324001535,0.0795737752026841,0.08716775068497157,0.0019422284904996312
0,36,0.23529411764705882,-0.4131008656148321,-0.4807224091848549,-0.0021156708310257,0.0021156708310257,-0.0009836933011317622,0.008974051102995872,0.003486816305667162,-0.0005856996867805719,0.00018371516489423811,0.011329634115099907,0.021738611161708832,1.3041850328445435,-3.0038843154907227,-0.0018103520411366352,-5.9267225313271415e-15,3.4425985139868224e-15,0.023891361223061815,0.026160969793748316,0.028097376622907254,0.04903528391008405,0.057500697779324594,0.06269604388834239,0.0708105340631174,0.07954351352229345,0.08714032239493218,0.0019364068291589376
0,37,0.24183006535947713,-0.4149517636868672,-0.4807224091848549,-0.002173667985080845,0.002173667985080845,-0.001017570968749899,0.009225180372595787,0.0035954308696091175,-0.0006019195425324142,0.00019003752095159143,0.011653563939034939,0.022377746179699898,1.2549561262130737,-2.9885053634643555,-0.0018648667540036024,-2.4427886381019413e-15,4.697470056783592e-15,0.02387175271362461,0.02614711550351384,0.02807783407350053,0.04899813744521935,0.05743513310684474,0.06265608701475729,0.07077088463169481,0.0795127719624988,0.0871133234491747,0.0019307185699866912
0,38,0.24836601307189543,-0.4167345276872964,-0.4807224091848549,-0.0022316651391359895,0.0022316651391359895,-0.0010520070594606428,0.009476951323449612,0.0037030326202511787,-0.0006181932985782623,0.0001955309126060456,0.011977930553257465,0.023012183606624603,1.2074353694915771,-2.9736711978912354,-0.0019195213952996719,2.9481860487876303e-15,3.2232981016355695e-15,0.023851901313425305,0.0261332277909284,0.0280578495971984,0.04896090042782162,0.057369665388352836,0.06261555544353187,0.07073050372611725,0.07948188648023213,0.0870859741182517,0.00192462180627
0,39,0.2549019607843137,-0.41854270858422,-0.4807224091848549,-0.002289599457704617,0.002289599457704617,-0.0010871877142948618,0.009728040546178818,0.0038123989943414927,-0.0006343026179820299,0.00020168762421235442,0.012302628718316555,0.023664794862270355,1.1577515602111816,-2.9581668376922607,-0.0019746819381496377,-1.1930156262964574e-14,2.038491892844601e-15,0.02383200956562171,0.026118918995775457,0.028037930464995475,0.04892253401449,0.05730298367042652,0.06257534904411646,0.07069030889088647,0.07945073683546769,0.08705842686891149,0.0019190114692200187
0,40,0.26143790849673204,-0.42006022764946405,-0.4807224091848549,-0.0023475966117597617,0.0023475966117597617,-0.0011209412878924194,0.009980004280805588,0.003919275011867285,-0.0006504832417704165,0.00020772595598828048,0.012627176940441132,0.024308541789650917,1.109646201133728,-2.9431185722351074,-0.0020296207271850364,-6.214871787317281e-16,5.540348107876516e-15,0.02381219280160561,0.026104889162386524,0.028017849649563338,0.04888340638846027,0.05723736064632495,0.06253507691824607,0.070650030729346,0.07942071978965871,0.0870309209950515,0.0019129604871768145
0,41,0.2679738562091503,-0.42171223739000363,-0.4807224091848549,-0.0024055937658149064,0.0024055937658149064,-0.0011554394256134525,0.01023151632398367,0.004028732888400555,-0.0006667398847639561,0.00021373009076341987,0.012952453456819057,0.024951821193099022,1.0611422061920166,-2.927973508834839,-0.0020849187239475398,1.4826273271223308e-15,3.795914000054807e-15,0.023792160813897595,0.0260909057680454,0.027997902279128514,0.04884780219169549,0.05717119539712562,0.06249509226124064,0.0706097281592701,0.07938971494882166,0.08700295504207299,0.0019069965110831144
0,42,0.27450980392156865,-0.423010642356315,-0.4807224091848549,-0.002463590919870051,0.002463590919870051,-0.0011893170932315894,0.010483073070645332,0.004135543014854193,-0.0006831613718532026,0.00021964871848467737,0.013276525773108006,0.02559584751725197,1.0136216878890991,-2.913133382797241,-0.002139866157794278,-1.403440988179616e-15,-1.3347369026032747e-15,0.023772358764477218,0.026077054909271022,0.02797810847454194,0.0488100645063224,0.05710566365403755,0.06245580085268194,0.0705699980855379,0.07935907044609447,0.0869764531710549,0.0019010535652709167
0,43,0.28104575163398693,-0.42460490813311064,-0.4807224091848549,-0.0025222164287903655,0.0025222164287903655,-0.0012238152309526225,0.010735111311078072,0.004245283082127571,-0.000699507596436888,0.00022581459779758006,0.013602609746158123,0.026248237118124962,0.9645270705223083,-2.8977949619293213,-0.0021955177730555104,-1.451575983542528e-15,3.2909863241105733e-16,0.023752178599203824,0.026062875640952683,0.02795786555755066,0.04877272919370167,0.05703927098844924,0.062415122873076094,0.07053013065827458,0.0793285001077536,0.08694948865832926,0.0018949899165979778
0,44,0.2875816993464052,-0.4259059290324201,-0.4807224091848549,-0.002579522392493824,0.002579522392493824,-0.0012582513216633662,0.010987026616930962,0.00435302872210741,-0.0007157705840654671,0.00023152923677116632,0.013927550055086613,0.026887713000178337,0.9172767996788025,-2.8830459117889404,-0.0022509139664550052,-2.7654206038511513e-15,2.625542189459103e-15,0.023732120227522517,0.026048727664261865,0.027937857824709273,0.04873544411625208,0.056972758307057586,0.062375064643406745,0.07049035809755164,0.0792978364574589,0.08692165268079609,0.0018891301604474081
0,45,0.29411764705882354,-0.4273068801257182,-0.4807224091848549,-0.0026375195465489685,0.0026375195465489685,-0.0012933699294872957,0.011238537728786469,0.004462212789803743,-0.000732218089979142,0.00023795821471139789,0.014252827502787113,0.027535786852240562,0.8666452765464783,-2.867227077484131,-0.002306543806891402,-1.2037267987672314e-15,3.004577326089013e-15,0.023711967182749774,0.026034441231771094,0.02791745618803911,0.04869636216722417,0.056906617494236894,0.06233609183657653,0.07044981510809042,0.0792669504500645,0.08689419634574705,0.001883014956268015
0,46,0.3006535947712418,-0.42856971283763495,-0.4807224091848549,-0.002695516700604113,0.002695516700604113,-0.0013278680672083288,0.011490656062960625,0.004570585675537586,-0.0007480193744413555,0.00024432726786471903,0.014578581787645817,0.0281883105635643,0.8195281624794006,-2.8525071144104004,-0.0023622700306795696,-3.0460082385271244e-15,4.716251083489612e-15,0.023691734849333446,0.026020618879811813,0.02789732216391222,0.048660682309407885,0.05684034017957182,0.06229550485430326,0.07041000782612354,0.0792362041510084,0.0868669551571882,0.0018767032841004068
0,47,0.30718954248366015,-0.42980394000658234,-0.4807224091848549,-0.0027534510191727407,0.0027534510191727407,-0.0013630487220425479,0.01174231618642807,0.0046787746250629425,-0.0007646940648555756,0.00025003301561810076,0.01490395050495863,0.028836870566010475,0.7705461382865906,-2.8372135162353516,-0.0024181910366633808,6.871910584754149e-16,2.8227951888590165e-15,0.023671398946799996,0.026006383951950957,0.027876781091365575,0.04862200450623801,0.056773640518371665,0.06225537381925043,0.07036980958059527,0.07920518862698253,0.08683941741320464,0.001870397139414618
0,48,0.3137254901960784,-0.43100154225076537,-0.4807224091848549,-0.0028114481732278854,0.0028114481732278854,-0.0013974848127532914,0.01199389062821865,0.004787676502019167,-0.0007807171205058694,0.00025598256615921855,0.015229159966111183,0.029476266354322433,0.722541093826294,-2.8222267627716064,-0.0024741252476772335,-4.1438758083135035e-15,1.2510254121179245e-15,0.023651030140233835,0.025992406786626888,0.027856517345581585,0.048585192034650594,0.05670719373206615,0.06221452043089196,0.07032975516736695,0.07917443502002236,0.08681229761339772,0.0018641105589546972
0,49,0.3202614379084967,-0.43212924755913323,-0.4807224091848549,-0.00286944532728303,0.00286944532728303,-0.0014326654675875104,0.012246165424585342,0.004895900376141071,-0.0007972949533723295,0.000261996901826933,0.01555485837161541,0.030124448239803314,0.6729443073272705,-2.8067357540130615,-0.0025301603492678395,-3.898865410841727e-15,4.503022476036723e-15,0.023630635946035657,0.02597804680918835,0.027835709587657992,0.04854692291129085,0.05664050552269098,0.06217443294639605,0.07028923539625852,0.07914368095679714,0.08678446823019476,0.0018576627784696424
0,50,0.32679738562091504,-0.4333727392250666,-0.4807224091848549,-0.0029267512909864884,0.0029267512909864884,-0.0014684045455143362,0.012497755698859692,0.005005734972655773,-0.0008134322124533355,0.00026846802211366594,0.01588103547692299,0.03077753633260727,0.6246740221977234,-2.7916319370269775,-0.0025865590993412596,-4.224554590730826e-15,6.0031833121985885e-15,0.023610196701084545,0.0259639481825639,0.027815400753102973,0.04850887187602752,0.05657378489427045,0.062135238973351326,0.07024921561683457,0.07911262648497402,0.08675777243322723,0.0018514525705390743
0,51,0.3333333333333333,-0.4343074390191066,-0.4807224091848549,-0.002984748445041633,0.002984748445041633,-0.0015029026832353693,0.012750037014484406,0.005113363265991211,-0.0008292951970361173,0.0002744975208770484,0.016206415370106697,0.03142576664686203,0.5777991414070129,-2.777003049850464,-0.0026426691001294697,-4.762880524134638e-16,8.648661110324835e-16,0.023589725284637222,0.02594971419939895,0.027794872458035164,0.0484709300004483,0.056507134609375634,0.062095432706895735,0.07020918972227265,0.07908215183230681,0.08673048973847217,0.0018451582586362127
0,52,0.33986928104575165,-0.43547770294673777,-0.4807224091848549,-0.0030427455990967777,0.0030427455990967777,-0.001538641761162195,0.013001262210309505,0.005222988314926624,-0.0008459390955977142,0.00028028152883052826,0.01653226837515831,0.03207444027066231,0.528066098690033,-2.761481523513794,-0.002699369730039592,2.9452487514681874e-15,4.5450387145012865e-15,0.023569037178307738,0.025935261245534875,0.02777396240257814,0.04843241402254927,0.056440010808861046,0.062055443872785845,0.07016886354588343,0.07905139883868967,0.08670331096225538,0.0018387011570432654
0,53,0.3464052287581699,-0.43644474090132157,-0.4807224091848549,-0.0031006799176654053,0.0031006799176654053,-0.0015737603689861246,0.013253552839159966,0.00533121544867754,-0.0008625335758551955,0.0002867163857445121,0.016858216375112534,0.032722700387239456,0.48008424043655396,-2.7464935779571533,-0.0027558698465992935,-5.348656333644366e-15,-1.638755432528927e-15,0.02354843658726226,0.025921083792553923,0.027753124443503134,0.048394822572050245,0.05637311761684136,0.062015131193357186,0.07012910373393122,0.07902072933466577,0.08667629379570747,0.0018320406509492113
0,54,0.35294117647058826,-0.43742520176344835,-0.4807224091848549,-0.003158739907207067,0.003158739907207067,-0.0016089410238203437,0.013505752198398113,0.0054406034760177135,-0.0008787791593931615,0.0002924375294242054,0.017184551805257797,0.03336202725768089,0.4315044581890106,-2.7313175201416016,-0.002812560051049873,-7.892499647936997e-16,4.030887941488755e-15,0.023527739081423655,0.025906953296747515,0.027732424915376405,0.048357750825565135,0.05630622346118939,0.06197580564215311,0.07008879409983247,0.07898952586946162,0.08664889277258521,0.0018254716186288898
0,55,0.35947712418300654,-0.4384044508269982,-0.4807224091848549,-0.0032166742257756947,0.0032166742257756947,-0.0016440596316442731,0.013757373206317425,0.0055496846325695515,-0.0008943462162278593,0.0002987165644299239,0.017510587349534035,0.0340152382850647,0.3833918869495392,-2.7162904739379883,-0.002869515191787052,-2.708936556300499e-15,2.3485477541618707e-15,0.023506878252316378,0.02589244129621237,0.02771132024829012,0.04831963058040804,0.05623881652895524,0.061935093222680086,0.07004815222744568,0.07895821410642587,0.08662088499809098,0.0018188789520777494
0,56,0.3660130718954248,-0.43936046396938433,-0.4807224091848549,-0.0032746713798308394,0.0032746713798308394,-0.0016792402864784922,0.014009129256010056,0.005658920854330063,-0.0009107672376558185,0.00030507968040183187,0.017836445942521095,0.03466355428099632,0.33412033319473267,-2.7009100914001465,-0.0029262263203984947,6.181600776685371e-16,4.542794591433994e-15,0.023486171543153956,0.025878229771694086,0.027690579709006954,0.04828213902590418,0.0561723225715286,0.06189475373964819,0.07000869700907897,0.07892756083614993,0.0865943647046695,0.0018123499373128675
0,57,0.37254901960784315,-0.44035505940267844,-0.4807224091848549,-0.0033319773435342977,0.0033319773435342977,-0.0017156618815185039,0.014260725118219852,0.005768818315118551,-0.0009268185240216553,0.0003114056889899075,0.018162725493311882,0.03531252220273018,0.2866465449333191,-2.686077117919922,-0.00298338205005641,-3.737086201434477e-15,1.7160434573277376e-16,0.023465264095752933,0.025863835779957087,0.02766943699691504,0.04824481963839818,0.05610479663605039,0.06185600845828991,0.06996877724048181,0.07889696535333901,0.08656721514132693,0.001805601216957952
0,58,0.3790849673202614,-0.4411168141087294,-0.4807224091848549,-0.0033899744975894423,0.0033899744975894423,-0.0017507184423321436,0.01451251469552517,0.00587758794426918,-0.0009432416991330683,0.0003174118755850941,0.01848885975778103,0.03596537187695503,0.23985734581947327,-2.6714465618133545,-0.0030405174118903464,-1.3587725647402501e-15,8.095384718703813e-17,0.023444320335939406,0.025849674960479133,0.027648708217560467,0.04820804905050018,0.05603739220667503,0.06181584278034824,0.0699285661540043,0.07886574778602312,0.086540032415147,0.0017990332570813339
0,59,0.38562091503267976,-0.44212802606204715,-0.4807224091848549,-0.00344790881615807,0.00344790881615807,-0.0017865816142795486,0.014764619059860706,0.005988150369375944,-0.0009596520685590804,0.00032346139778383076,0.018815914168953896,0.03661372885107994,0.1904623955488205,-2.656034231185913,-0.003097965410975901,7.881220181461007e-16,2.2815606559618224e-15,0.023423258571193473,0.025835137647899263,0.02762735267975723,0.04816778351446589,0.055969909817083774,0.061776028548079585,0.06988788170812428,0.07883452875239244,0.08651288238688647,0.0017922150318579674
0,60,0.39215686274509803,-0.4427619345692877,-0.4807224091848549,-0.0035052776153480453,0.0035052776153480453,-0.001821700222103478,0.015016273595392704,0.0060958159156143665,-0.0009758468950167298,0.0003295429050922394,0.01914120465517044,0.03726252168416977,0.1415533721446991,-2.640765905380249,-0.0031549506628890667,-3.013877696855264e-15,-3.9741536113255617e-16,0.023402393999090998,0.02582069858512589,0.027606442874902805,0.048131154655769295,0.05590299869207203,0.061736338976849124,0.06984828785018152,0.07880401346843549,0.08648558142328136,0.0017857442897769166
0,61,0.39869281045751637,-0.44362256907978126,-0.4807224091848549,-0.0035639031242683593,0.0035639031242683593,-0.0018574393000303038,0.015268324874341488,0.006205701734870672,-0.0009921579621732235,0.0003358692047186196,0.019468242302536964,0.0379154235124588,0.09335789084434509,-2.625697374343872,-0.003212624178129619,-7.78529276569378e-15,-8.606979723863189e-17,0.023381297275673403,0.025806398516206714,0.027585197965757324,0.04809343652829347,0.055835309041593506,0.06169697266632545,0.06980836368085105,0.07877313557963755,0.08645884409158751,0.0017787994495506096
0,62,0.40522875816993464,-0.4443306223888973,-0.4807224091848549,-0.0036212090879718176,0.0036212090879718176,-0.0018933024719777088,0.015520070679485798,0.006313858088105917,-0.0010083933593705297,0.0003420991124585271,0.019793881103396416,0.03855488449335098,0.045582856982946396,-2.6107895374298096,-0.003269931843812115,-4.445128663126962e-15,6.761805812658676e-15,0.023360219127086457,0.02579202266689405,0.027563998913003866,0.04805598808794784,0.05576799071673006,0.06165748158626213,0.06976878416861715,0.07874211323324018,0.08643209083273351,0.0017719762461098146
0,63,0.4117647058823529,-0.4451798409790222,-0.4807224091848549,-0.003678515051675276,0.003678515051675276,-0.0019296620200074308,0.015771931037306786,0.0064239706844091415,-0.0010243671713396907,0.00034813338425010443,0.02012055367231369,0.0392037108540535,-0.004026536829769611,-2.5952961444854736,-0.003327707580010995,-6.686233630175565e-15,2.544354222465063e-16,0.023338932578356626,0.02577744892700391,0.027542480029998075,0.0480183250459644,0.05570022276015906,0.061617071337608846,0.06972821004082963,0.0787110280719301,0.08640469782084453,0.0017650311029941655
0,64,0.41830065359477125,-0.44583948156393727,-0.4807224091848549,-0.003737203396082107,0.003737203396082107,-0.00196478062783136,0.016023902222514153,0.006532608065754175,-0.0010412776609882712,0.00035428337287157774,0.0204468984156847,0.03985666111111641,-0.051600899547338486,-2.580441474914551,-0.003385433188628131,-4.777529823262354e-16,4.838469720109311e-15,0.023317745247411863,0.025763086242857107,0.027521331252671144,0.04798226946557467,0.05563271177144075,0.061577531380579045,0.06968858547471102,0.07868013243339099,0.08637750920655488,0.001758245009814037
0,65,0.42483660130718953,-0.4465326513619603,-0.4807224091848549,-0.0037951377146507345,0.0037951377146507345,-0.0020005817527684756,0.01627606898546219,0.006641111336648464,-0.0010569966398179531,0.00036022544372826815,0.020773055031895638,0.040505506098270416,-0.1009119376540184,-2.5650365352630615,-0.00344327218926194,-3.923563792769837e-15,-1.0789050746956379e-17,0.023296387835979364,0.025748353073313558,0.027499727058121006,0.04794329432270616,0.055565086633039884,0.061537514061956566,0.06964858336886671,0.07864922414240624,0.08635097952200713,0.001751373984807448
0,66,0.43137254901960786,-0.4473116120287163,-0.4807224091848549,-0.003853134868705879,0.003853134868705879,-0.002037003347808487,0.016528137028217316,0.00675205746665597,-0.0010735109681263566,0.0003667882701847702,0.0211006011813879,0.04116740822792053,-0.14807312190532684,-2.550306797027588,-0.00350164639930296,-4.987176618879148e-15,-2.4016544113436765e-15,0.02327484465762155,0.02573381236809768,0.027477854488992648,0.04790521049486829,0.05549728007022897,0.0614968442377634,0.06960806308838899,0.07861804110467926,0.08632346002386582,0.0017440421208949689
0,67,0.43790849673202614,-0.44795384298372143,-0.4807224091848549,-0.003910503667895854,0.003910503667895854,-0.002072866519755892,0.016779877245426178,0.006860850844532251,-0.0010897383326664567,0.0003726497234310955,0.021426832303404808,0.0418071448802948,-0.19580937922000885,-2.5354058742523193,-0.003559609401282219,2.3539151135660338e-15,3.0554397503356397e-15,0.0232536120953274,0.0257193328999371,0.0274565352074857,0.0478686691468123,0.05542969030268769,0.06145675551052378,0.06956865538401255,0.07858734189184281,0.08629642814861677,0.0017372023075485979
0,68,0.4444444444444444,-0.4487306511605243,-0.4807224091848549,-0.003968437986464482,0.003968437986464482,-0.002109226067785614,0.017031513154506683,0.0069715543650090694,-0.0011061307741329074,0.000378601485863328,0.02175372838973999,0.04246057942509651,-0.24515552818775177,-2.519989490509033,-0.003617943456076748,-2.3959551597159388e-15,-7.562000991075198e-16,0.02323204764481811,0.025704867261803793,0.027435026773983916,0.04783104012999018,0.05536183710281745,0.06141771294412905,0.06952815163727843,0.07855599553053304,0.0862691081995412,0.0017301595121801232
0,69,0.45098039215686275,-0.44932013349232897,-0.4807224091848549,-0.004026435140519627,0.004026435140519627,-0.0021450892397330192,0.01728290505707264,0.0070806159637868404,-0.0011221461463719606,0.000385366816772148,0.022080037742853165,0.04310903325676918,-0.29141098260879517,-2.50553822517395,-0.0036763130810132383,4.850682696799808e-15,1.1604581669763332e-14,0.023210526613835387,0.025690052423283684,0.027413217850378035,0.04779256939309351,0.05529395577864308,0.06137816847592866,0.06948815561604807,0.0785247865144535,0.08624273244410324,0.0017231654270943517
0,70,0.45751633986928103,-0.45013056066140217,-0.4807224091848549,-0.0040844322945747715,0.0040844322945747715,-0.0021814487877627412,0.01753484643995762,0.007191989570856094,-0.0011383616365492344,0.00039137512794695795,0.022407513111829758,0.04376206547021866,-0.34082144498825073,-2.4901061058044434,-0.003735147608122861,-9.002454205767833e-15,2.165919484712405e-15,0.02318874358472439,0.025675293507256863,0.027391107897317832,0.04775441363451778,0.05522534685727073,0.061337345434196326,0.0694477696288188,0.0784934242166711,0.08621487194985054,0.0017158143900609692
0,71,0.46405228758169936,-0.45067782504880494,-0.4807224091848549,-0.004141738258278229,0.004141738258278229,-0.0022179324298130425,0.017786575481295586,0.007301000412553549,-0.0011547576868906617,0.0003974319261033088,0.022734055295586586,0.044410962611436844,-0.38857540488243103,-2.4751996994018555,-0.003793450086368777,2.833723486423075e-15,6.641119298914873e-15,0.023167164635682528,0.025660787746968523,0.027369584282147502,0.04771731206575822,0.055158070843391215,0.0612982950795054,0.06940818507293489,0.07846276073629176,0.08618839420489244,0.0017087965351789795
0,72,0.47058823529411764,-0.4513659861023761,-0.4807224091848549,-0.0041997354123333745,0.0041997354123333745,-0.0022542919778427645,0.018038351088762283,0.007411508355289698,-0.0011707693338394165,0.0004037795588374138,0.02306143194437027,0.045064013451337814,-0.4372987151145935,-2.459991455078125,-0.003852401251091863,4.589955319764192e-16,2.684451268274651e-15,0.023145395809969254,0.02564590906532132,0.02734747958989668,0.04767814508354626,0.055090053915332345,0.06125933066223554,0.06936811250542477,0.07843193271812829,0.0861618020895855,0.0017015705245753618
0,73,0.477124183006536,-0.4519467158861396,-0.4807224091848549,-0.004257041376036832,0.004257041376036832,-0.0022901551497901693,0.01829022727906704,0.007521086372435093,-0.0011870920425280929,0.0004096290504094213,0.023388346657156944,0.0457175076007843,-0.48724737763404846,-2.4444024562835693,-0.003911298366909756,-3.418772128633952e-15,-2.5671827660634487e-15,0.023123549892400588,0.025631189025887784,0.027325600175607596,0.04764087821797075,0.05502188972503618,0.06121946796205541,0.06932808576992747,0.07840070699010576,0.08613478313959493,0.0016944111497198128
0,74,0.48366013071895425,-0.45252663940542637,-0.4807224091848549,-0.0043150385300919775,0.0043150385300919775,-0.002326576744830181,0.01854226179420948,0.007630910724401474,-0.0012035599211230874,0.0004160562821198255,0.023715604096651077,0.046365998685359955,-0.5338309407234192,-2.429839611053467,-0.003970284810693347,-2.2156930655040125e-15,-5.333780327770394e-16,0.023101764026029977,0.025616433742012577,0.027303544987042096,0.047603941491201736,0.05495362405427963,0.061179027772666476,0.06928815992600665,0.07836974721532944,0.0861077885158545,0.001687111245029519
0,75,0.49019607843137253,-0.45311315128803553,-0.4807224091848549,-0.004372344493795435,0.004372344493795435,-0.0023623778697672965,0.01879388652741909,0.007740153465420008,-0.0012199218617752194,0.00042223429773002863,0.024042237550020218,0.047014497220516205,-0.5832319259643555,-2.414416551589966,-0.0040292525816660735,-1.6027528721866046e-14,1.4751213377966472e-15,0.02307992210290963,0.025601632284928757,0.027281426589034156,0.047565865536789875,0.05488541989705864,0.061139341878105984,0.06924799214899678,0.07833839692544811,0.08608059896328431,0.001679794304105399
0,76,0.49673202614379086,-0.4536062250702936,-0.4807224091848549,-0.0044303416478505804,0.0044303416478505804,-0.002398116947694122,0.01904582791030407,0.007849142886698246,-0.0012362898560240865,0.00042875620420090854,0.02436879836022854,0.04766801744699478,-0.6297944784164429,-2.3998818397521973,-0.004088239731001171,-1.0718226298565533e-14,2.0578370070080897e-15,0.023058010218545512,0.02558684864859578,0.027259407396009815,0.047528913446727834,0.05481777326527071,0.061099527300626344,0.06920856088759052,0.07830778849105323,0.08605416781100439,0.0016725587474140345
0,77,0.5032679738562091,-0.45428534549522415,-0.4807224091848549,-0.004487647611554038,0.004487647611554038,-0.00243522105984732,0.01929841935634613,0.007961018942296505,-0.0012524814810603857,0.00043461794848553836,0.02469762973487377,0.04832133650779724,-0.6795822978019714,-2.3843274116516113,-0.004147909678688,-9.382126170020257e-15,-7.902922931084889e-16,0.02303589637459335,0.0255716946359699,0.02723700090085085,0.04748955088501009,0.05474956255698926,0.06106061086666692,0.06916790476363066,0.0782764243979559,0.0860273914910873,0.0016653062648809488
0,78,0.5098039215686274,-0.45472821355003573,-0.4807224091848549,-0.004546273120474353,0.004546273120474353,-0.0024716426548873315,0.01955004408955574,0.008069607429206371,-0.0012685141991823912,0.00044064701069146395,0.025023914873600006,0.048969853669404984,-0.7261778712272644,-2.369779109954834,-0.004207221400055764,4.257050011062294e-15,1.0921340523857881e-14,0.023013756284722017,0.025557029669720423,0.027214915005897258,0.04745312816030571,0.05468092876019655,0.06101980175598343,0.06912829226340612,0.0782452701940643,0.08600066381219736,0.0016578853361768342
0,79,0.5163398692810458,-0.4553638199875593,-0.4807224091848549,-0.0046035790841778106,0.0046035790841778106,-0.002508746767040529,0.019801855087280273,0.008180947043001652,-0.0012847152538597584,0.00044700028956867754,0.02535167895257473,0.04962339997291565,-0.7758778929710388,-2.354248046875,-0.0042668770868551364,-1.2949364593959648e-15,-1.1527583652073124e-15,0.022991639889291596,0.025542017017036022,0.02719236322130469,0.04741483659109503,0.05461308812800669,0.06098067269577068,0.06908800174619041,0.07821413224930057,0.08597347363043199,0.0016503462042686684
0,80,0.5228758169934641,-0.45577893262110325,-0.4807224091848549,-0.004660885047881269,0.004660885047881269,-0.0025445478919776444,0.02005431242287159,0.008289969526231289,-0.0013008203823119402,0.00045357036287896335,0.02567899413406849,0.05027192085981369,-0.822797954082489,-2.339601993560791,-0.004326259419123568,9.360439399098474e-16,1.3320780947338762e-14,0.022969573565162174,0.0255271426900459,0.027170248835092496,0.04737821479641794,0.05454408613462347,0.060940749695027135,0.06904831906245289,0.07818292886498125,0.08594669355754014,0.0016431061450465946
0,81,0.5294117647058824,-0.4564162338282006,-0.4807224091848549,-0.004718945037422931,0.004718945037422931,-0.0025816520041308418,0.02030583657324314,0.008401545695960522,-0.0013176504289731383,0.000459611153928563,0.026006527245044708,0.05092548578977585,-0.8711217641830444,-2.3245232105255127,-0.00438628745755011,-2.05102461081655e-15,-1.0230920223385747e-15,0.022947136448205816,0.025512040554026342,0.02714748035982468,0.04733937369093344,0.054476087320332295,0.06090155579723627,0.0690082676971752,0.07815190871235242,0.08592042650082313,0.0016354398057983367
0,82,0.5359477124183006,-0.4569033430966569,-0.4807224091848549,-0.0047762510011263885,0.0047762510011263885,-0.0026173910820576677,0.02055777981877327,0.008511357009410858,-0.0013332986272871494,0.00046584822121076286,0.026333723217248917,0.05158751830458641,-0.9190329313278198,-2.309553623199463,-0.00444599888546893,-8.528588524040596e-15,1.4875148310629507e-15,0.022925009538888954,0.025497273080663827,0.027125253342286788,0.047302964868939125,0.0544081549202835,0.0608622997936871,0.06896827678602072,0.07812070858123311,0.08589317482073776,0.0016279802616229605
0,83,0.5424836601307189,-0.45731808717979416,-0.4807224091848549,-0.0048341853196950165,0.0048341853196950165,-0.0026538126770976793,0.02080981247127056,0.00862109288573265,-0.001349464408122003,0.0004720746073871851,0.026660997420549393,0.052236057817935944,-0.9680715799331665,-2.2942419052124023,-0.004505895790331992,-2.618283208402419e-15,2.351218184383542e-16,0.022902594346876737,0.025482021209533263,0.02710267728329724,0.047265040401905406,0.05433959616381648,0.060822169088534744,0.06892851668143733,0.07808963020510618,0.08586642739999144,0.0016206560737639757
0,84,0.5490196078431373,-0.4578359974760753,-0.4807224091848549,-0.004892182473750162,0.004892182473750162,-0.0026909167892508767,0.021061154082417488,0.008731107227504253,-0.001365743693895638,0.0004778943839482963,0.026988007128238678,0.0528850220143795,-1.0176929235458374,-2.2787554264068604,-0.004566077574050191,-8.332676624759094e-16,-7.076053520461389e-16,0.022880113481248875,0.025466756795023082,0.027079965478908223,0.04722675830757634,0.054270699263425176,0.060782229940918975,0.0688881950508205,0.07805836296414188,0.08583962349217858,0.0016132086838851409
0,85,0.5555555555555556,-0.45828678323676897,-0.4807224091848549,-0.004949551272940137,0.004949551272940137,-0.002726717914187992,0.021313106641173363,0.008841024711728096,-0.0013821027241647243,0.0004844215582124889,0.02731519192457199,0.053529299795627594,-1.0633478164672852,-2.2644877433776855,-0.004625976836251322,5.140807573751227e-15,1.3687172446533782e-14,0.022857862113610385,0.02545182630987338,0.02705749377934782,0.04718967013400233,0.0542030068750603,0.0607430309176612,0.06884849866134597,0.07802782631131244,0.08581293191377876,0.00160566746947444
0,86,0.5620915032679739,-0.4588094810097327,-0.4807224091848549,-0.0050068572366435945,0.0050068572366435945,-0.0027638220263411896,0.021565014496445656,0.008951899595558643,-0.0013987354468554258,0.0004910515854135156,0.027642834931612015,0.05417807027697563,-1.114466905593872,-2.2485086917877197,-0.004686443200636066,-7.055758609757892e-16,1.1775580802406784e-16,0.022835174170400808,0.025436512533963573,0.027034598628700685,0.04715167129687847,0.05413420004862657,0.060703345828705735,0.0688083297489034,0.07799566076607556,0.08578616160943557,0.0015980860947371126
0,87,0.5686274509803921,-0.4592495288137529,-0.4807224091848549,-0.0050648543906987396,0.0050648543906987396,-0.0028008020444738077,0.021816788241267204,0.009062509052455425,-0.0014148554764688015,0.000497155066113919,0.027970440685749054,0.05484055355191231,-1.1599880456924438,-2.2342960834503174,-0.004746881452638185,-1.6461276939007969e-15,1.4948656545556214e-15,0.022812592933204943,0.025421444836418422,0.027011837659394484,0.04711437928166162,0.054065537126918556,0.06066349629428758,0.06876853277635386,0.07796510169908619,0.08575954936741868,0.0015903928229760618
0,88,0.5751633986928104,-0.4598131661992685,-0.4807224091848549,-0.00512209751891568,0.00512209751891568,-0.002838588673740191,0.022068524733185768,0.009175173006951809,-0.001430955482646823,0.0005030126194469631,0.02829909697175026,0.05549373850226402,-1.2085083723068237,-2.219156503677368,-0.004807714986073445,2.0400803658143712e-15,6.185509671352433e-15,0.02278986331131807,0.02540611755545801,0.02698893583546516,0.04707585304426138,0.05399740032428346,0.060623754654355544,0.06872833895383239,0.07793381397163159,0.08573277509812774,0.0015828182800071526
0,89,0.5816993464052288,-0.4602596629220453,-0.4807224091848549,-0.0051801575084573425,0.0051801575084573425,-0.0028756307388830993,0.022320549935102463,0.009285179898142815,-0.0014473960036411881,0.0005093239014968276,0.02862679772078991,0.05614735186100006,-1.2563002109527588,-2.204242467880249,-0.004868516674556733,-3.223181477643866e-15,-2.854242761864127e-15,0.02276712351366845,0.025390875358812084,0.02696597131648208,0.04703855721818455,0.053928364497097564,0.06058330121134417,0.06868837535329096,0.0779026412133224,0.08570630249354179,0.001575095957669994
0,90,0.5882352941176471,-0.4607018641541378,-0.4807224091848549,-0.00523809182702597,0.00523809182702597,-0.002911493910830504,0.02257215417921543,0.009396498091518879,-0.0014635581756010652,0.0005161166773177683,0.028954455628991127,0.05679591745138168,-1.3056464195251465,-2.1888315677642822,-0.004929272416041908,-1.972009962339571e-15,3.791932566225875e-15,0.022744283211312583,0.02537558123890753,0.026943132680577297,0.04700171807233648,0.05385956871382036,0.060544657682979404,0.06864883588302366,0.07787157994569088,0.08568005039967973,0.001567551441669767
0,91,0.5947712418300654,-0.4611856633259725,-0.4807224091848549,-0.005295397790729428,0.005295397790729428,-0.002948598022983702,0.022824041545391083,0.009507885202765465,-0.0014797369949519634,0.0005222775507718325,0.02928253449499607,0.05744911730289459,-1.3534361124038696,-2.173891305923462,-0.004990282786572039,-2.0209546006154024e-15,-5.1689078050634755e-17,0.02272141247563553,0.025360157172403832,0.026920017756332397,0.046963728273606106,0.05379064373383835,0.06050493576730587,0.06860835841138285,0.07784020493120503,0.08565321663831725,0.001559860583928565
0,92,0.6013071895424836,-0.46154215421542155,-0.4807224091848549,-0.005352703754432886,0.005352703754432886,-0.00298557804111632,0.023076295852661133,0.009617277421057224,-0.0014957585372030735,0.0005283270147629082,0.02960995025932789,0.05810274928808212,-1.4022983312606812,-2.1586451530456543,-0.00505103528019429,-3.5070323561430027e-15,-9.778094932432222e-16,0.02269861997365168,0.025344650320346142,0.026896941442937743,0.04692578485846078,0.053722377450126924,0.06046574443391526,0.06856835317901866,0.07780891749780312,0.0856265683575455,0.0015522911225916008
0,93,0.6078431372549019,-0.46197452304916126,-0.4807224091848549,-0.005411392098839718,0.005411392098839718,-0.0030226821532695174,0.023328127339482307,0.009728026576340199,-0.0015122391050681472,0.000534645514562726,0.029937852174043655,0.05876484140753746,-1.4491828680038452,-2.1439809799194336,-0.005112415642357873,-9.04143136683407e-15,-2.3604896277226547e-15,0.022675626128852287,0.02532925891534024,0.02687373632396145,0.04688878527891488,0.0536535134816168,0.06042561358993827,0.06852848055485655,0.07777730706743284,0.08559968213884316,0.0015444774086212087
0,94,0.6143790849673203,-0.4623204406911051,-0.4807224091848549,-0.005468698062543176,0.005468698062543176,-0.0030591657953198187,0.02358020469546318,0.009837765246629715,-0.001528548775240779,0.0005406640702858567,0.03026530146598816,0.05940454453229904,-1.4975156784057617,-2.1289055347442627,-0.005173419660411575,-3.643768001052665e-15,-2.277283679649586e-15,0.022652636611761756,0.02531370807878107,0.02685049858736525,0.046850697113551526,0.05358472861316368,0.06038605252767263,0.06848840772909266,0.07774610921234976,0.08557313483168115,0.0015367905085841814
0,95,0.6209150326797386,-0.4628275902144227,-0.4807224091848549,-0.005526004026246634,0.005526004026246634,-0.0030968903775759125,0.02383212372660637,0.009950224310159683,-0.0015448506455868483,0.0005470055621117353,0.030593903735280037,0.060058191418647766,-1.546582579612732,-2.11358904838562,-0.0052349336731504215,-2.3061992923205014e-15,-2.1267661809511828e-15,0.022629467979917425,0.02529820765442425,0.026827187435624622,0.04681301583637076,0.053516103983396734,0.06034597592661056,0.0684484823569692,0.0777149699738163,0.08554650562923903,0.0015289797812003715
0,96,0.6274509803921569,-0.46316667145855495,-0.4807224091848549,-0.005584692370653465,0.005584692370653465,-0.003133311972615924,0.024083752185106277,0.010060043074190617,-0.0015608754474669695,0.0005532752256840467,0.03092106431722641,0.06071564555168152,-1.5944613218307495,-2.0986335277557373,-0.005296319174265873,1.587018035320495e-15,9.871712912327399e-15,0.022606401582311243,0.025282525557453202,0.026803913431400338,0.04677620157028375,0.05344739338692395,0.060305883062523935,0.06840896600189007,0.07768404736207611,0.08552046133251924,0.001521387873947136
0,97,0.6339869281045751,-0.46366906065400243,-0.4807224091848549,-0.005641369979491754,0.005641369979491754,-0.0031710986018823077,0.024335522204637527,0.010173000395298004,-0.001577251241542399,0.0005596908158622682,0.031250063329935074,0.06136951968073845,-1.6435657739639282,-2.083306312561035,-0.005358279405601421,-4.046973902630162e-16,3.0609831333210813e-15,0.022582990294738713,0.025266622246309794,0.026780396867328048,0.04673770914216948,0.05337797395783961,0.06026680815316194,0.06836853876175862,0.07765222787624536,0.0854930861611619,0.0015137746210182532
0,98,0.6405228758169934,-0.46405596926647363,-0.4807224091848549,-0.005699304298060382,0.005699304298060382,-0.003208140667025216,0.024587178602814674,0.01028298120945692,-0.0015937573043629527,0.0005659448215737939,0.03157739341259003,0.06202276051044464,-1.6917697191238403,-2.06825590133667,-0.005419867781526984,-1.9251185113945368e-15,1.8545189371636954e-15,0.022559706229563128,0.02525104334159786,0.02675705679183563,0.04670056120578401,0.05330951709486487,0.0602278403609919,0.06832827264867847,0.0776208163842562,0.08546653610316692,0.0015060134502377712
0,99,0.6470588235294118,-0.4644641463142634,-0.4807224091848549,-0.0057566102617638394,0.0057566102617638394,-0.0032451827321681235,0.024839239194989204,0.01039519626647234,-0.0016102573135867715,0.0005721643683500588,0.03190605714917183,0.06267599761486053,-1.739123821258545,-2.0534496307373047,-0.005481706612557473,3.190172959399256e-15,4.016825067704045e-15,0.022536515233538484,0.025235444918111197,0.026733832330821872,0.046663589528432005,0.05324104808158389,0.06018773045212222,0.06828866485917906,0.07758970478510363,0.08544035521059375,0.001498387412710675
0,100,0.6535947712418301,-0.46487262289199854,-0.4807224091848549,-0.005814670251305502,0.005814670251305502,-0.003282286844321321,0.02509128302335739,0.010506418533623219,-0.0016262541757896543,0.0005786924157291651,0.03223452717065811,0.06333854049444199,-1.786169409751892,-2.0387473106384277,-0.005543862928149901,-2.7180846281073043e-15,7.046582376812096e-15,0.02251301305367742,0.025219698009755195,0.026710232213445283,0.04662621588349435,0.05317210951234641,0.06014842396560871,0.06824870577820685,0.07755837941172913,0.0854141887573204,0.0014905342036900873
0,101,0.6601307189542484,-0.46518262656515585,-0.4807224091848549,-0.0058719762150089595,0.0058719762150089595,-0.0033193909564745187,0.025343157351017,0.0106166647747159,-0.0016422655899077654,0.0005850867019034922,0.03256206586956978,0.0639871284365654,-1.8340595960617065,-2.0237934589385986,-0.005605740183063538,-1.6850885461172663e-15,1.094097970329798e-15,0.022489593412103274,0.02520368795295037,0.026686374250859558,0.04658724436805864,0.053103261376733046,0.06010815221479554,0.06820823678543428,0.07752679874418944,0.08538725108593037,0.0014826862979091873
0,102,0.6666666666666666,-0.46558106309056074,-0.4807224091848549,-0.0059299105335775875,0.0059299105335775875,-0.003356495068627716,0.025594506412744522,0.010727853514254093,-0.0016583431279286742,0.0005909237079322338,0.03288983553647995,0.06464038789272308,-1.8846838474273682,-2.0080206394195557,-0.005667966221376192,7.106269207489714e-16,1.339774086187252e-14,0.022465994811878248,0.02518775742847188,0.026662730531095347,0.04654968384579087,0.05303388816287354,0.06006897939373573,0.06816814136736661,0.07749562501369439,0.08536089560862589,0.0014749731026234662
0,103,0.673202614379085,-0.4659227937038764,-0.4807224091848549,-0.005987216497281045,0.005987216497281045,-0.003393537133770624,0.025846747681498528,0.010838079266250134,-0.001674829749390483,0.0005972172948531806,0.03321779519319534,0.06528940796852112,-1.9312890768051147,-1.9934557676315308,-0.005730127761926669,-7.548055220914165e-15,6.115649499564161e-16,0.022442484190898365,0.025172022367343935,0.02663923752596265,0.0465133315993026,0.05296523143212761,0.060029759271272506,0.0681287208678744,0.0774646880482806,0.08533484585119608,0.0014672151586187163
0,104,0.6797385620915033,-0.466393847231732,-0.4807224091848549,-0.006045276486822708,0.006045276486822708,-0.003431944233139904,0.026098405942320824,0.010951407253742218,-0.0016912933206185699,0.0006039092550054193,0.03354702517390251,0.06594733893871307,-1.9804884195327759,-1.9780937433242798,-0.0057929594176104335,1.0135864722850482e-15,3.638234224734931e-15,0.02241859878001253,0.025155740993933712,0.026615178827161214,0.04647519893595212,0.05289592662867293,0.059989229382662976,0.06808853394750058,0.07743266895411337,0.08530767762049901,0.0014594378332275018
0,105,0.6862745098039216,-0.4666729751184149,-0.4807224091848549,-0.0061025824505261655,0.0061025824505261655,-0.0034690483452931016,0.02635023184120655,0.011061197146773338,-0.0017073685303330421,0.0006098303711041808,0.03387482464313507,0.06660521775484085,-2.0280747413635254,-1.9632211923599243,-0.005855303226012354,-4.1986702319868874e-15,-2.444431991832043e-15,0.022395052488421094,0.025139641548149336,0.026591427688413303,0.04643674193968805,0.05282752442833549,0.05994960778456007,0.06804831206127303,0.07740159190119189,0.08528175719233494,0.0014517861402639672
0,106,0.6928104575163399,-0.46703917596638045,-0.4807224091848549,-0.0061605167690947935,0.0061605167690947935,-0.003506152457446299,0.02660175785422325,0.011173315346240997,-0.0017239010194316506,0.0006157917669042945,0.03420296311378479,0.06725849211215973,-2.0763230323791504,-1.9481629133224487,-0.005917907456681859,-1.9904751338748943e-15,7.350319018786184e-16,0.022371312198603808,0.025123520018650942,0.02656754221698494,0.04639945197055067,0.0527591726952098,0.05991017665999937,0.06800823366723216,0.07737003390902791,0.08525508822180174,0.0014440221983339982
0,107,0.6993464052287581,-0.46741401457895904,-0.4807224091848549,-0.006217822732798251,0.006217822732798251,-0.003543877039702393,0.026853101328015327,0.011284496635198593,-0.0017400529468432069,0.0006222674273885787,0.03453083336353302,0.06791199743747711,-2.1241507530212402,-1.9332445859909058,-0.0059807012593146025,-2.1203222419170745e-15,3.029192132377218e-16,0.022347487878827368,0.025107502419079324,0.02654394705818337,0.04636366744476428,0.05268971090886121,0.05987100435775078,0.06796901419465848,0.07733909482777929,0.08522929520034474,0.001436444639104046
0,108,0.7058823529411765,-0.46773995706838395,-0.4807224091848549,-0.006275882722339913,0.006275882722339913,-0.0035809191048453005,0.02710515446960926,0.011396345682442188,-0.0017564798472449183,0.0006288853473961353,0.034859754145145416,0.06856569647789001,-2.1719470024108887,-1.9183050394058228,-0.006043689306035049,-1.042137629504588e-14,1.403974833479272e-15,0.022323672358424976,0.025091008770011424,0.02651982789572389,0.04632451087693982,0.052620579347420926,0.05983071834349113,0.06792881337073653,0.07730768921483186,0.08520276832968267,0.001428819125712466
0,109,0.7124183006535948,-0.4681393028779201,-0.4807224091848549,-0.006333817040908541,0.006333817040908541,-0.0036193262042145805,0.027356717735528946,0.011509004980325699,-0.0017723855562508106,0.0006355888908728957,0.0351884663105011,0.06921897828578949,-2.220146656036377,-1.9032527208328247,-0.0061069492730276165,-7.615965717827598e-15,4.469974781026337e-15,0.02229954303327515,0.025074694851284104,0.02649536074661659,0.046285985708059654,0.052551343841295006,0.059790879940271977,0.06788858116954172,0.07727638165947104,0.08517662412933244,0.0014206658953324867
0,110,0.7189542483660131,-0.46845675976756557,-0.4807224091848549,-0.006390494649746829,0.006390494649746829,-0.003656430316367778,0.027608651667833328,0.011619939468801022,-0.001788897207006812,0.0006416203104890883,0.03551667183637619,0.06988111883401871,-2.2683284282684326,-1.8882274627685547,-0.006169890907817473,-8.927013727239243e-16,4.552317385704769e-15,0.02227553009063376,0.0250584202860466,0.02647177641832182,0.046250692066356486,0.052482986202544435,0.05975187781464355,0.06784869300705766,0.07724460212502414,0.08515004723301797,0.0014133561322752196
0,111,0.7254901960784313,-0.46883516002625664,-0.4807224091848549,-0.006447800613450288,0.006447800613450288,-0.0036941548986238718,0.02786017209291458,0.011731993407011032,-0.001805235049687326,0.0006477945134975016,0.03584504872560501,0.0705348327755928,-2.316147804260254,-1.8732813596725464,-0.0062332466876691695,2.0889284387937233e-15,3.3065246792125763e-15,0.02225141359032403,0.025041950184780604,0.026447539197442017,0.046212183878343194,0.052414206457271184,0.05971254353075038,0.06780879731333724,0.07721361061099907,0.08512409207739027,0.0014055890126614123
0,112,0.7320261437908496,-0.46912332925915706,-0.4807224091848549,-0.006505797767505432,0.006505797767505432,-0.003731259010777069,0.02811192348599434,0.01184277143329382,-0.0018214206211268902,0.0006541972397826612,0.036173295229673386,0.07118812948465347,-2.3637919425964355,-1.858413577079773,-0.006296465098735457,-3.0695303287924673e-15,2.2784068172973066e-15,0.022227393554896856,0.02502556279147294,0.026423696649887796,0.046174811983937594,0.05234519471752774,0.05967267473203036,0.06776847464597745,0.07718233347573888,0.08509776749485452,0.0013981338584148559
0,113,0.738562091503268,-0.4695388823759281,-0.4807224091848549,-0.006563794921560577,0.006563794921560577,-0.0037696040631360595,0.028363991528749466,0.011956688947975636,-0.0018377149244770408,0.0006606020033359528,0.036502934992313385,0.07184142619371414,-2.4126596450805664,-1.843152642250061,-0.006360307957934637,7.761445429563323e-16,6.852362230325274e-15,0.022203030208386005,0.025008847299648185,0.026399379904825517,0.04613845299607178,0.052275394657476826,0.05963353950595823,0.06772846498057121,0.07715049686094792,0.08507116509354,0.0013905326051773317
0,114,0.7450980392156863,-0.46981698460346666,-0.4807224091848549,-0.006621100885264035,0.006621100885264035,-0.003806708175289257,0.028615865856409073,0.012067767791450024,-0.0018539652228355408,0.0006669147405773401,0.03683143109083176,0.07250400632619858,-2.46101450920105,-1.8280524015426636,-0.006423925610518966,-3.888610064739703e-15,-1.2465164207189263e-15,0.022178749223118077,0.02499220321732637,0.026374874634881144,0.04610028567783436,0.052205930174909126,0.05959289074090426,0.06768839366384005,0.0771192086126658,0.08504420479374024,0.001382671417554774
0,115,0.7516339869281046,-0.47016755700826024,-0.4807224091848549,-0.006678406848967494,0.006678406848967494,-0.0038450532276482472,0.028867371380329132,0.012180359102785587,-0.0018696935148909688,0.0006733581540174782,0.03716019168496132,0.07315731048583984,-2.5093631744384766,-1.8129578828811646,-0.006487737074891559,-1.8184805797480436e-15,1.0159439545922933e-14,0.022154346748411703,0.0249752894196019,0.02635064317443069,0.04606217610343738,0.05213777485734172,0.05955335691676529,0.06764872258066279,0.07708768455388174,0.0850185055092943,0.001375353754828789
0,116,0.7581699346405228,-0.4705196591119972,-0.4807224091848549,-0.006736404003022638,0.006736404003022638,-0.0038821573398014446,0.02911902405321598,0.01229217741638422,-0.0018864375306293368,0.0006798727554269135,0.037488557398319244,0.07381103932857513,-2.5568370819091797,-1.798134684562683,-0.006551429424341546,-5.657218865633086e-15,8.649865273915713e-15,0.022130001961769084,0.02495860952374164,0.026326881398367762,0.04602622451551325,0.052069052153924406,0.059514811297318115,0.06760891105267308,0.07705660799921385,0.08499250694849271,0.0013682718746261223
0,117,0.7647058823529411,-0.4707533506625844,-0.4807224091848549,-0.006793772802212613,0.006793772802212613,-0.003919881922057538,0.02937084250152111,0.012402607128024101,-0.0019028569804504514,0.000685703766066581,0.037816718220710754,0.07445965707302094,-2.6047170162200928,-1.783176064491272,-0.006615313766826711,-3.9281814333737384e-15,3.6880273569815423e-16,0.02210564238903368,0.024941714145089385,0.026302424209105727,0.04598809609121002,0.05199998248733484,0.059474080005254226,0.06756873477186484,0.07702473402349264,0.08496600860140889,0.001360710064016342
0,118,0.7712418300653595,-0.47111678640922017,-0.4807224091848549,-0.006851707120781241,0.006851707120781241,-0.003958289021426818,0.029622701928019524,0.012516200542449951,-0.001919092726893723,0.0006923013716004789,0.03814634308218956,0.075126513838768,-2.6536312103271484,-1.767907738685608,-0.00667980332741841,-6.0186953951822756e-15,-2.0307757827695536e-15,0.022080806719633552,0.024924442491311677,0.026277469136178812,0.045949413378733525,0.05193067443643781,0.05943440679053247,0.06752804154917542,0.07699322175235168,0.084939848601893,0.0013530266448671356
0,119,0.7777777777777778,-0.4714195601153978,-0.4807224091848549,-0.006909013084484699,0.006909013084484699,-0.003995331086569726,0.029874026775360107,0.0126276183873415,-0.001935192383825779,0.0006985345389693975,0.038474395871162415,0.0757804736495018,-2.7006936073303223,-1.7532204389572144,-0.00674386101588495,-6.755875247051875e-15,3.196955897631366e-15,0.02205632071172407,0.024907628054616944,0.02625334495457992,0.04591247212672113,0.05186162201249109,0.05939492737531277,0.0674876820924889,0.07696146531736939,0.08491361344000342,0.001345716899962976
0,120,0.7843137254901961,-0.47177543614344786,-0.4807224091848549,-0.006967010238539844,0.006967010238539844,-0.004033800232949296,0.030126063153147697,0.012740883976221085,-0.001951631624251604,0.0007048684637993574,0.03880426287651062,0.07643380016088486,-2.7494781017303467,-1.7379915714263916,-0.006808299088046536,-7.202250382903114e-15,8.111702651510602e-15,0.022031623059060697,0.02489057399195939,0.026228941148583203,0.045875434022739976,0.051792497779366266,0.05935535700624662,0.0674482996710919,0.07693061810142873,0.08488773306627652,0.0013383671566238146
0,121,0.7908496732026143,-0.4720607957085382,-0.4807224091848549,-0.007024316202243302,0.007024316202243302,-0.004071524815205389,0.030377797782421112,0.012852538377046585,-0.0019672575872391462,0.0007114413310773671,0.03913268446922302,0.07709597051143646,-2.7961742877960205,-1.7234041690826416,-0.006872644349118544,-1.4398029961532435e-15,1.3525223667187152e-15,0.02200696006855362,0.024873340397434267,0.026204413416319513,0.04583777738286965,0.05172429738145547,0.05931617659506916,0.06740836353366325,0.0768988812665985,0.08486199944944894,0.0013310730188852461
0,122,0.7973856209150327,-0.47239941007754044,-0.4807224091848549,-0.007081685001433278,0.007081685001433278,-0.004109869867564379,0.030629675835371017,0.012966044247150421,-0.0019839704036712646,0.0007178154774010181,0.039462365210056305,0.07774971425533295,-2.84552001953125,-1.7079997062683105,-0.006937539586044705,8.715716387315873e-16,1.3625388630833146e-15,0.021982016990615087,0.024855772152090963,0.026179685781997638,0.04580031285276839,0.051654606872680975,0.05927606264712735,0.06736819264195375,0.07686722178010365,0.08483532593285868,0.001323913629906675
0,123,0.803921568627451,-0.472679544995625,-0.4807224091848549,-0.007139619320001905,0.007139619320001905,-0.0041475944498204735,0.030881866812705994,0.013078543357551098,-0.002000311389565468,0.0007243978907354176,0.03979134559631348,0.078403040766716,-2.89363431930542,-1.6929818391799927,-0.007002041377689436,7.0860986058061196e-15,7.137560143640633e-15,0.02195724609631738,0.024838761831676062,0.026155387473501983,0.045763656271570974,0.05158574061564302,0.059237016750470106,0.0673284360196855,0.07683589525333516,0.08480969609245434,0.0013166256418259206
0,124,0.8104575163398693,-0.4729818751557882,-0.4807224091848549,-0.007196925283705364,0.007196925283705364,-0.004186001549189753,0.031133320182561874,0.01319048274308443,-0.0020160949788987637,0.0007303889142349362,0.04011993482708931,0.07906563580036163,-2.9415361881256104,-1.6780256032943726,-0.007066905128746638,-7.802445277665458e-15,4.0760886202239944e-16,0.021932287537458007,0.02482114739267038,0.026130880263668294,0.04572634883893495,0.051517030108560444,0.05919743471274874,0.0672882784497161,0.07680435999090865,0.08478383849662684,0.0013097328709979136
0,125,0.8169934640522876,-0.4732958910641905,-0.4807224091848549,-0.007254922437760508,0.007254922437760508,-0.004224408648559033,0.031385380774736404,0.013303146697580814,-0.0020329980179667473,0.0007368496735580266,0.040449440479278564,0.07971896976232529,-2.9903876781463623,-1.66276216506958,-0.007132138892626646,-4.36382935924273e-15,-2.1050629029003187e-15,0.021907095576609036,0.024803361804884842,0.026105647432203657,0.045687465265669386,0.0514477331064048,0.05915676869437303,0.06724761439944033,0.07677212691993066,0.08475696507828633,0.0013022856273188152
0,126,0.8235294117647058,-0.47354034981668136,-0.4807224091848549,-0.007312919591815653,0.007312919591815653,-0.00426145071370194,0.03163699060678482,0.013414439745247364,-0.002049134112894535,0.0007428830722346902,0.04077770560979843,0.08038114756345749,-3.0376977920532227,-1.6480000019073486,-0.007196766305408402,-9.385933267770564e-15,-1.421910324242904e-16,0.021882283395676928,0.024785835404533656,0.02608150405331441,0.04565162533407172,0.051378875197021695,0.059117436384679756,0.06720817496466791,0.07674154138439164,0.08473130050499512,0.0012956686487807546
0,127,0.8300653594771242,-0.4738493496560326,-0.4807224091848549,-0.007370225555519111,0.007370225555519111,-0.004299237342968324,0.03188878297805786,0.01352762058377266,-0.002064997097477317,0.0007495465688407421,0.04110714793205261,0.08103490620851517,-3.086510419845581,-1.6327604055404663,-0.007262120492880752,-2.4947642028859967e-15,-3.3584292331230745e-16,0.021857061843953897,0.024768010378226003,0.02605694740343948,0.04561400880893303,0.05131024648774855,0.059078669271371675,0.06716826181314987,0.07670950008466762,0.08470529418134382,0.0012889370252134776
0,128,0.8366013071895425,-0.4740945153501207,-0.4807224091848549,-0.0074269031643573995,0.0074269031643573995,-0.004337582395327314,0.03214031830430031,0.013638590462505817,-0.0020810412243008614,0.0007561260717920959,0.041435372084379196,0.08168824762105942,-3.1337385177612305,-1.6179965734481812,-0.007327227191751177,-1.6882211017890206e-15,-1.6782938106082029e-15,0.021831960441740923,0.024750193274977704,0.026032180995673913,0.04557636232309503,0.05124134729019361,0.05903824274170344,0.06712787469158912,0.07667801195126073,0.08467901373613293,0.0012819877206962094
0,129,0.8431372549019608,-0.47444487228853804,-0.4807224091848549,-0.0074848374829260276,0.0074848374829260276,-0.004375989494696594,0.03239180147647858,0.01375279389321804,-0.002097503049299121,0.0007623283308930695,0.04176503047347069,0.08235043287277222,-3.1827664375305176,-1.6027032136917114,-0.007392814138749593,2.3340999405731802e-15,8.68971538884981e-15,0.021806543511231503,0.02473211255939594,0.026007311814689456,0.04553930763653945,0.051172059655848534,0.058998721388035025,0.06708764407084591,0.07664661325865915,0.08465279071192723,0.0012751992552935167
0,130,0.8496732026143791,-0.4746901813272424,-0.4807224091848549,-0.0075422062821160025,0.0075422062821160025,-0.004413776123962977,0.03264274448156357,0.013864321634173393,-0.002113854046911001,0.0007687088800594211,0.04209296405315399,0.0830044224858284,-3.2285900115966797,-1.5884016752243042,-0.007458168861575243,-2.119654359062591e-15,2.155609046978527e-15,0.021781383524393464,0.024714285004637227,0.025982806939875133,0.04550268262408137,0.051102990052529385,0.058958389480489815,0.06704786252902846,0.07661501897057213,0.08462689413303731,0.001268521935237906
0,131,0.8562091503267973,-0.47500779426510614,-0.4807224091848549,-0.007600203436171148,0.007600203436171148,-0.004452121176321967,0.03289472311735153,0.013977915048599243,-0.002130319131538272,0.000775021908339113,0.04242248088121414,0.08365777134895325,-3.278365135192871,-1.5728552341461182,-0.007523916710380191,-7.887330813082685e-15,-1.6986915511192521e-15,0.021755930420086233,0.024695972411142096,0.02595807070921387,0.045465319726916475,0.051034288680822854,0.05891875932884527,0.0670077399118441,0.07658340973494206,0.08460089359408705,0.0012620982980717753
0,132,0.8627450980392157,-0.47528556854481296,-0.4807224091848549,-0.0076575093998746055,0.0076575093998746055,-0.004491148745794144,0.03314664959907532,0.014090519398450851,-0.0021465662866830826,0.0007814404089003801,0.04275191202759743,0.0843246728181839,-3.327167510986328,-1.5576190948486328,-0.007589976244940691,-3.440070420457835e-15,4.708353623318263e-15,0.021730254753937993,0.024677570671677376,0.025933060586063508,0.04542704425553157,0.05096539964702124,0.05887941526308879,0.06696720057632098,0.07655159020368936,0.08457467485324936,0.0012554899143861313
0,133,0.869281045751634,-0.4755460943465126,-0.4807224091848549,-0.0077154437184432335,0.0077154437184432335,-0.004528873328050237,0.03339863196015358,0.014203229919075966,-0.002162896329537034,0.0007875104201957583,0.0430813767015934,0.08497844636440277,-3.372784376144409,-1.54336678981781,-0.0076558642674486865,-1.2638748179077194e-14,3.422121426619968e-15,0.02170478555206453,0.024659084582150968,0.025908366220195676,0.045389385787713066,0.050897015265766545,0.058840717029962464,0.06692705469754967,0.07651969586702889,0.08454940038197431,0.0012492816380447087
0,134,0.8758169934640523,-0.47587274913919503,-0.4807224091848549,-0.0077728125176332085,0.0077728125176332085,-0.004567280427419517,0.033650513738393784,0.014317133463919163,-0.002179168863222003,0.0007942771189846098,0.04341144114732742,0.08564063161611557,-3.4220659732818604,-1.5279803276062012,-0.0077221179617340706,4.590748182400593e-15,5.8467097020936116e-15,0.02167908984034263,0.02464060451951938,0.025883438435118748,0.045352063704551485,0.050827638877445694,0.05880096604735546,0.0668870726087804,0.07648833458030868,0.08452327055237933,0.0012428339155993694
0,135,0.8823529411764706,-0.4760987854184808,-0.4807224091848549,-0.007830809671688354,0.007830809671688354,-0.004605625479778507,0.0339023619890213,0.014428828842937946,-0.002195034408941865,0.0008007029537111521,0.04374034330248833,0.08629441261291504,-3.4693379402160645,-1.5132263898849487,-0.007788078189004954,1.9785887226837915e-15,3.2296983864802524e-15,0.0216535807843563,0.02462221560288479,0.02585893508932214,0.04531546493107684,0.050758472373763124,0.05876133769976381,0.06684712791750326,0.07645696329489979,0.0844973137881114,0.0012367194864373494
0,136,0.8888888888888888,-0.4763904782774545,-0.4807224091848549,-0.007888115635391811,0.007888115635391811,-0.004644032579147787,0.03415427356958389,0.014542896300554276,-0.0022115560714155436,0.0008071842603385448,0.044070374220609665,0.08694776892662048,-3.519381284713745,-1.4975954294204712,-0.007854520438298708,-2.2355953290451414e-15,1.2629189409715451e-15,0.02162773856752209,0.024603154129538438,0.025833792470590325,0.04527764016195306,0.05068984799095127,0.05872077246584223,0.06680719697124543,0.07642523426207785,0.08447130982612835,0.0012306383410518873
0,137,0.8954248366013072,-0.47664127426612474,-0.4807224091848549,-0.00794542159909527,0.00794542159909527,-0.004682439678517066,0.03440559655427933,0.014655251055955887,-0.002227863296866417,0.0008135505486279726,0.044399213045835495,0.08760996907949448,-3.565127372741699,-1.4833301305770874,-0.007920768725564572,-3.867008999150891e-15,5.144280671903196e-16,0.02160193274350326,0.024584325772199517,0.02580904262660555,0.04524066196829357,0.05062093588258337,0.058680969609684226,0.06676666563539092,0.07639323420398317,0.08444486722563219,0.0012247168544060327
0,138,0.9019607843137255,-0.47695033333733255,-0.4807224091848549,-0.008002727562798727,0.008002727562798727,-0.004720784730876056,0.03465760871767998,0.014768842607736588,-0.0022440128959715366,0.0008200402371585369,0.04472925141453743,0.0882684662938118,-3.6140480041503906,-1.4680486917495728,-0.00798737827807039,-4.1012719585160116e-15,-7.306079022854908e-17,0.021575971916123402,0.024565328148566608,0.02578445289517272,0.045204003892048795,0.05055282804690208,0.058642733512775415,0.06672685147699757,0.0763615469652423,0.0844200443056396,0.0012191247466061123
0,139,0.9084967320261438,-0.4771938601297536,-0.4807224091848549,-0.008060787552340389,0.008060787552340389,-0.004759191830245336,0.03490934893488884,0.014881721697747707,-0.0022604919504374266,0.0008265125215984881,0.04505845159292221,0.08893066644668579,-3.6616992950439453,-1.4531679153442383,-0.008053823279905677,2.390056643999229e-15,9.875265034511933e-15,0.02155015760547664,0.02454629758182384,0.025759710902771973,0.04516718683556478,0.05048408957656428,0.058602669003377184,0.06668693215684889,0.07632995433836785,0.08439383027164882,0.0012134133209481326
0,140,0.9150326797385621,-0.4774674981669676,-0.4807224091848549,-0.008118093516043848,0.008118093516043848,-0.004798219399717512,0.03516088053584099,0.014994940720498562,-0.0022764946334064007,0.000832656747661531,0.04538824036717415,0.08958403021097183,-3.711184024810791,-1.4377241134643555,-0.008120941635339551,1.4551503524531092e-15,2.7447547983801706e-15,0.02152399499911005,0.02452677242463552,0.0257346371372507,0.04512965818406652,0.050414448422265196,0.05856176494315446,0.06664630809420201,0.07629822274031993,0.08436733237715449,0.0012078647126151816
0,141,0.9215686274509803,-0.47774711833891076,-0.4807224091848549,-0.008175399479747306,0.008175399479747306,-0.004836626499086792,0.03541339561343193,0.015108837746083736,-0.002292896155267954,0.0008389250142499804,0.04571866989135742,0.09024665504693985,-3.758944511413574,-1.4228144884109497,-0.008187956198128519,1.2759567572197608e-15,2.9990565745310633e-15,0.02149782155488283,0.02450744596705304,0.02570975177946002,0.045091808888506335,0.05034570985600814,0.05852311314472075,0.0666060240683146,0.07626631895150715,0.08434136400563265,0.0012023058124069792
0,142,0.9281045751633987,-0.477991185592252,-0.4807224091848549,-0.008232705443450764,0.008232705443450764,-0.004874351081342886,0.03566495329141617,0.015221240930259228,-0.0023091656621545553,0.0008456422365270555,0.046047817915678024,0.09090497344732285,-3.8051223754882812,-1.4083999395370483,-0.008254902752720214,-3.084750527278636e-15,1.7491146922679235e-15,0.021471695293901208,0.0244877115304934,0.02568512941685237,0.04505481841293654,0.05027709374958821,0.05848287494360779,0.06656605612908303,0.0762345775493366,0.08431563635821192,0.001197417886358968
0,143,0.934640522875817,-0.4782840250387854,-0.4807224091848549,-0.008290011407154222,0.008290011407154222,-0.004913378650815062,0.03591644763946533,0.015335734002292156,-0.0023251178208738565,0.0008518201066181064,0.04637795686721802,0.09156717360019684,-3.8544273376464844,-1.3930085897445679,-0.008322066246145399,-4.468770925605763e-15,6.593751976414553e-15,0.021445440859716634,0.024468198432299568,0.02565992845604172,0.04501750906527913,0.05020826781862591,0.058442835395417926,0.0665259074870399,0.07620335615392491,0.08428971435597472,0.0011917300237421526
0,144,0.9411764705882353,-0.4784811484896564,-0.4807224091848549,-0.008348008561209368,0.008348008561209368,-0.004951103233071155,0.036168456077575684,0.015447275713086128,-0.002341408981010318,0.0008579845889471471,0.046706974506378174,0.0922209694981575,-3.9018616676330566,-1.3782027959823608,-0.008389237001442784,-2.1805587118539287e-15,-1.7987923582833146e-15,0.021419155372756293,0.024448257968222406,0.02563541799663418,0.044980571478750286,0.0501394119385359,0.058402936827608234,0.06648582893336182,0.0761715604003913,0.08426404539178511,0.0011871600284117725
0,145,0.9477124183006536,-0.4787869330400131,-0.4807224091848549,-0.008405377360399343,0.008405377360399343,-0.004990813319656518,0.036419641226530075,0.015562090091407299,-0.002357945777475834,0.0008643955225124955,0.04703671857714653,0.09288317710161209,-3.9503397941589355,-1.3630526065826416,-0.008456692512827923,-4.666628028672314e-15,6.9311632553087245e-15,0.02139283567765817,0.0244282493451262,0.025610484180293883,0.044941982776787806,0.05007133106576422,0.058363872529045104,0.06644549832422966,0.07613972026606033,0.0842385962214536,0.0011822348351676823
0,146,0.954248366013072,-0.4789665664984597,-0.4807224091848549,-0.0084626833241028,0.0084626833241028,-0.005028537901912612,0.03667149692773819,0.015673965215682983,-0.0023741319309920073,0.0008710156544111669,0.0473659448325634,0.09353697299957275,-3.997878074645996,-1.348214864730835,-0.00852395579701834,2.203219053761567e-15,2.597528023339794e-15,0.021366507619261146,0.02440817274367534,0.025586123922516968,0.044906852587742296,0.05000263016289315,0.05832348919239278,0.06640582569490039,0.07610835965945231,0.08421279604430795,0.001177951178841629
0,147,0.9607843137254902,-0.47923307090752776,-0.4807224091848549,-0.008519360932941089,0.008519360932941089,-0.005066945001281891,0.03692245855927467,0.015787160024046898,-0.002390466397628188,0.0008775701862759888,0.04769477993249893,0.09419035166501999,-4.046112537384033,-1.3331509828567505,-0.008591427644920824,-1.3242227817138313e-14,-1.4210456499831492e-16,0.021340099029734966,0.024387971391718194,0.025561608830469606,0.0448697252610141,0.049934613901816194,0.05828370223457415,0.06636583554416549,0.07607664516233238,0.08418689940395506,0.0011736374387514119
0,148,0.9673202614379085,-0.4795039023317038,-0.4807224091848549,-0.008577923606374886,0.008577923606374886,-0.0051059725707540676,0.03717375919222832,0.01590064913034439,-0.002406369661912322,0.0008838634239509702,0.048024099320173264,0.09485729038715363,-4.095880031585693,-1.3176194429397583,-0.008659483050160621,-6.168193459530645e-15,6.5074807527097124e-15,0.02131331155317653,0.024367165513144717,0.02553620878219107,0.04483081751084528,0.04986539675684412,0.058243533691482496,0.0663251144774501,0.07604482344833652,0.08416108866638566,0.0011690432690463527
0,149,0.9738562091503268,-0.47971228670585314,-0.4807224091848549,-0.008635292405564862,0.008635292405564862,-0.0051443176231130575,0.03742530569434166,0.016013262793421745,-0.002422908553853631,0.0008902766276150942,0.0483536571264267,0.09551109373569489,-4.143294811248779,-1.3028255701065063,-0.008727233486804126,-2.775055967844753e-15,4.7583102826042955e-15,0.0212867467985502,0.024346650848924727,0.025511880552142176,0.04479491362416049,0.049796806526881586,0.0582038737327259,0.06628491051849124,0.07601282237047952,0.084135198414985,0.0011652297032174498
0,150,0.9803921568627451,-0.4800169238976472,-0.4807224091848549,-0.008692661204754837,0.008692661204754837,-0.005183407239595523,0.03767695277929306,0.016128890216350555,-0.0024392730556428432,0.0008971162606030703,0.04868431016802788,0.09617804735898972,-4.192074775695801,-1.287591814994812,-0.008795549481458314,-4.5094998653169916e-15,-1.7752257353085022e-15,0.021259850087839906,0.024325793728594683,0.025487055891100355,0.04475710873117289,0.04972834967000005,0.058164807883455405,0.0662445974324994,0.07598113237881854,0.08410960697917615,0.0011612621625056718
0,151,0.9869281045751634,-0.48023668466045105,-0.4807224091848549,-0.008749967168458295,0.008749967168458295,-0.005221752291954513,0.03792829439043999,0.016241690143942833,-0.002455594250932336,0.0009033743990585208,0.04901346191763878,0.0968402549624443,-4.23769998550415,-1.2733443975448608,-0.008863500665994048,-3.0772999335954605e-15,3.7307547895891976e-15,0.021233168336096814,0.024305004442102707,0.025462881355198808,0.04472100600169382,0.04966011798142906,0.05812540841926345,0.0662048166091106,0.07594954573318108,0.08408410333615547,0.0011578769130961009
0,152,0.9934640522875817,-0.48052150803102034,-0.4807224091848549,-0.008807901487026922,0.008807901487026922,-0.005261462378539875,0.03818049281835556,0.01635725237429142,-0.0024717715568840504,0.0009096467401832342,0.049344662576913834,0.0974988043308258,-4.2872748374938965,-1.2578672170639038,-0.008932117328544723,-4.835302438854716e-15,4.8164068054422065e-15,0.02120608835408662,0.02428365371718306,0.025437784210423857,0.04468281082309353,0.0495916377656054,0.058084460684976025,0.06616415556003473,0.07591773376446537,0.0840581900516166,0.0011541304932407952
0,153,1.0,-0.4807224091848549,-0.4807224091848549,-0.00886457909586521,0.00886457909586521,-0.005299807430898865,0.038432296365499496,0.016469242051243782,-0.0024879206903278828,0.0009158553439192474,0.04967391490936279,0.09815627336502075,-4.333815097808838,-1.2433375120162964,-0.009000040274485107,-1.2846284249823402e-15,1.5774396539704954e-15,0.021179418531581833,0.024262513697611617,0.025413665936275195,0.044646771809434924,0.049523267600045585,0.05804517195889739,0.06612467474119679,0.07588609657366593,0.0840330948148311,0.0011511522386635775
