dataset,split,sim_idx,frames,final_p_ratio,mean_x_compression,final_x_compression,mean_axis_p_ratio,initial_axis_p_ratio,final_axis_p_ratio,slope_axis_p_ratio,range_axis_p_ratio,early_slope_axis_p_ratio,mean_axis_x_compression,initial_axis_x_compression,final_axis_x_compression,slope_axis_x_compression,range_axis_x_compression,early_slope_axis_x_compression,original_sim_idx,abs_final_p_ratio_diff,raw_frames,node_count,edge_count,edge_density,mean_degree,std_degree,max_degree,min_degree,x_span0,y_span0,aspect_ratio0,x_center0,y_center0,edge_len_mean,edge_len_std,edge_len_min,edge_len_max,stiffness_mean,stiffness_std,stiffness_min,stiffness_max,left_mean_degree,right_mean_degree,top_mean_degree,bottom_mean_degree,left_right_degree_asymmetry,top_bottom_degree_asymmetry,hessian_lambda1,hessian_lambda2,hessian_lambda3,hessian_lambda4,hessian_lambda5,hessian_lambda6,hessian_lambda7,hessian_lambda8,hessian_lambda9,hessian_lambda10,hessian_lambda11,hessian_lambda12,hessian_mode5_participation,hessian_mode5_x_fraction,hessian_mode6_participation,hessian_mode6_x_fraction,hessian_gap_6_5
dePablo CV2,test,0,157,0.1530195983709399,0.00521519000944766,0.0104359503280486,0.9932928038449018,0.8296180220574163,1.144622374830327,0.3150043527729107,0.3150043527729107,0.34120932337079174,0.036634972581936966,-1.8961952041679333,1.9727003194030133,3.868895523570947,3.868895523570947,3.856852243351508,67,2.7755575615628914e-17,157,208,606,0.02814938684503902,5.826923076923077,0.7837570720121091,8.0,4.0,15.777189254760742,15.605569839477539,1.0109973180760792,0.012214899063110352,-0.017284870147705078,2.5270030017536467,4.054747357386601,0.4182542562484741,21.06146812438965,0.864303645767001,0.21574078727163162,0.44842493534088135,2.3909060955047607,5.875,5.71875,5.84375,5.84375,-0.15625,0.0,-4.3572578802781973e-16,-3.743788278691848e-16,1.3340487452829173e-09,0.022969163647082964,0.033685610044877606,0.04096991423259563,0.042146879595352044,0.07808994719508947,0.10361971742227538,0.12688151728867417,0.12890013580841872,0.14144264573238316,0.5608870150897137,0.49825644901196353,0.6148674065158011,0.7715856286753029,0.007284304187718027
dePablo CV2,test,1,121,-0.2469577020921137,0.003580198405730988,0.0070975691877715,-0.7402990764798707,-0.6966452612746995,-0.8196440952744579,-0.12299883399975842,0.1257495904698499,-0.04405877360020716,-0.012718537978244064,-1.1874755597391569,1.2272358528310447,2.4147114125702016,2.4147114125702016,2.244278075951126,69,5.551115123125783e-17,121,124,355,0.04655127196433255,5.725806451612903,0.7863626931128328,8.0,4.0,12.0548095703125,12.076519966125488,0.9982022639076583,-0.053244829177856445,-0.04008007049560547,2.5612455390708546,3.32583111260913,0.35217875242233276,15.746223449707031,0.8363386904689628,0.32266296327197386,0.39025813341140747,2.839524984359741,5.578947368421052,5.7894736842105265,5.894736842105263,5.684210526315789,0.21052631578947434,0.21052631578947345,5.899417781281415e-17,4.506696213492931e-16,4.0604356621754853e-10,0.02722743952531903,0.04073338398391742,0.05561730726325683,0.058616785119183855,0.08881061480676543,0.09815652168270653,0.11953123887860807,0.1289677470637044,0.13347660331283412,0.6636868270277843,0.48151004817808907,0.7233842387499921,0.9146615422283068,0.014883923279339413
dePablo CV2,test,2,146,0.0034385083193314,0.00517491753637718,0.0103439418115425,0.4503719528531907,0.3775776826597268,0.5095018800022153,0.1319241973424885,0.1319241973424885,0.15823988756596846,-0.1261092316938626,-1.7608919746340197,1.481723762553414,3.2426157371874336,3.2426157371874336,3.2894677141898123,15,7.936359902593892e-17,146,180,522,0.03240223463687151,5.8,0.8259674462242578,8.0,4.0,14.64622974395752,14.562509536743164,1.0057490233399071,0.021275043487548828,0.037325143814086914,2.6304658378449437,3.9729853287511383,0.2725355327129364,19.712862014770508,0.8644931942681243,0.2970250648596757,0.41142112016677856,3.6691462993621826,5.814814814814815,5.62962962962963,5.962962962962963,5.814814814814815,-0.18518518518518512,0.14814814814814792,-1.9543265026709554e-10,-1.2466570724504983e-15,-9.202438155243547e-16,0.03413084175438123,0.03620510220801066,0.044557368080361294,0.07833949157625783,0.0837845391574016,0.10417077321614925,0.11782101699101666,0.12564652492525924,0.13950053373462395,0.7137983796422023,0.7312644571793683,0.6376063247083069,0.20925927993080906,0.008352265872350634
dePablo CV2,test,3,149,-0.3408093698103313,0.005240204903633684,0.0102045063208316,-1.2620253593150725,-1.1569643234620453,-1.448510902277075,-0.29154657881502977,0.29425278676769406,-0.11582807435633174,-0.09754216838095993,-1.2394894889105708,1.1744654581878329,2.4139549470984036,2.4139549470984036,2.0874489387910944,83,0.0,149,188,543,0.030890886335191717,5.776595744680851,0.833529477444635,8.0,4.0,14.779629707336426,14.967140197753906,0.9874718558161418,-0.09009504318237305,0.03513002395629883,2.8279637031902047,4.105318423180993,0.28775665163993835,19.732707977294922,0.8460886245713488,0.3811138006118514,0.32705697417259216,3.475053071975708,5.793103448275862,5.758620689655173,5.793103448275862,5.862068965517241,-0.0344827586206895,-0.068965517241379,-1.6197576113675285e-10,-2.0031834543110728e-16,5.848531830475981e-16,0.019221003831456626,0.026415453089241984,0.02776614024359699,0.04001712678426045,0.047932400284681875,0.055691111770582405,0.05755142991731717,0.06684305886673941,0.07832117895243673,0.4295164781797145,0.3050776808557762,0.5495636093290857,0.5707126264147229,0.0013506871543550077
dePablo CV2,test,4,158,-0.1228363174122356,0.004584875652151397,0.0091382314423096,0.035454872220308,0.0245469454329681,0.0230437194074372,-0.0015032260255309002,0.0178516822929886,0.04357489798607163,-0.28421898891823827,-1.7267089204052093,1.1397587745611413,2.8664676949663503,2.8664676949663503,2.8888835812672036,65,2.7755575615628914e-17,158,212,602,0.02691585442189037,5.679245283018868,0.7776011711318821,7.0,4.0,15.778850555419922,15.762090682983398,1.0010633026273994,0.0793449878692627,-0.061734914779663086,2.590394287905424,4.083713999935713,0.24615487456321716,21.44971466064453,0.8671852617069732,0.3563228972548682,0.3998429775238037,4.062446117401123,5.75,5.6875,5.5625,5.6875,-0.0625,-0.125,-1.0195240832223042e-15,1.4911600911297467e-16,1.7698905460387848e-11,0.005273509455279691,0.024175360155403627,0.031280391225515514,0.032834671198711335,0.04970562970720069,0.06252582055690423,0.0691333946894825,0.08464601873761401,0.08981416635735219,0.7220024604841275,0.46291623038581353,0.6969656709806018,0.6744913744688855,0.007105031070111886
dePablo CV2,test,5,177,-0.4243771285176554,0.00512759610176795,0.0103049639874723,-1.1342396658384046,-0.909076511256472,-1.4602518208748223,-0.5511753096183503,0.5546830662536159,-0.3323264150903705,0.14079376641525493,-1.3428687846488343,1.883720617327426,3.22658940197626,3.22658940197626,2.6274467987881227,47,5.551115123125783e-17,177,264,756,0.021776702385067404,5.7272727272727275,0.74965556829412,7.0,4.0,17.6837100982666,17.74681854248047,0.9964439573176,-0.05693531036376953,-0.018129825592041016,2.802710681601807,4.5552289817090275,0.28204429149627686,23.455350875854492,0.8586354150816247,0.4035165857608769,0.32002905011177063,3.5455315113067627,5.8,5.7,5.675,5.625,-0.09999999999999964,0.04999999999999982,-4.3083215017929317e-10,-1.850383282686415e-16,-1.4805653454671677e-16,0.004644335816932907,0.015889985177750962,0.0177418418524935,0.023614632175374677,0.03375609691603679,0.03698816770471728,0.050153775122976856,0.0544791335964189,0.05649104902244763,0.8554156678926207,0.465080082142175,0.4717109713455174,0.7295303727919831,0.0018518566747425386
dePablo CV2,test,6,154,-0.3836751706292006,0.0046908258739849955,0.0093633507560799,-0.8136458502796402,-0.6592814452756632,-1.0735902480855652,-0.414308802809902,0.41778331712818695,-0.1855153449706873,0.1085255625958761,-1.2308478045687623,1.5842692881175098,2.815117092686272,2.815117092686272,2.4956521483064313,16,0.0,154,200,576,0.028944723618090452,5.76,0.8077128202523468,7.0,4.0,15.426069259643555,15.22007942199707,1.013534084280058,0.022464990615844727,0.06205010414123535,2.665400063024006,4.022423999285221,0.24450330436229706,20.694242477416992,0.8459966351381607,0.3759885775270037,0.3738531470298767,4.089723587036133,5.966666666666667,5.766666666666667,5.8,5.833333333333333,-0.20000000000000018,-0.033333333333333215,1.8638602158102453e-17,3.2800741573159483e-16,4.401966205744502e-10,0.026514790502741564,0.028696774645197338,0.03373194716061547,0.043983269536414724,0.054581626547919766,0.07310608339635069,0.07454031245296361,0.08002903505926207,0.08530048568580006,0.6514458004552264,0.804007227276505,0.701907540721121,0.07504345537667481,0.005035172515418133
dePablo CV2,test,7,137,0.1617624471516454,0.004532736437131622,0.0090144648993035,1.0241609040034307,0.9022517993782626,1.1367520737642636,0.23450027438600096,0.23450027438600096,0.2551760346512107,-0.06353886522974064,-1.9930029631122408,1.8698404694795885,3.8628434325918293,3.8628434325918293,3.854267975747294,18,8.326672684688674e-17,137,160,456,0.035849056603773584,5.7,0.8046738469715541,7.0,4.0,13.388520240783691,13.544290542602539,0.9884991907602038,-0.06850004196166992,0.1562650203704834,2.398816999113351,3.5740466522617473,0.33786144852638245,18.330835342407227,0.8833151419173207,0.2769017059781597,0.51020747423172,2.959627866744995,5.708333333333333,5.75,5.75,5.875,0.04166666666666696,-0.125,-9.869105546349333e-10,-7.38170082467476e-17,1.290136801648015e-16,0.0391046813353361,0.045925089655308796,0.04991728483550325,0.08986926811618275,0.11916409268781471,0.15985612778690925,0.16571811276139115,0.1715354086778366,0.1840219722806034,0.7155208653719806,0.8611307190158817,0.6650020826667066,0.12462606338023964,0.003992195180194454
dePablo CV2,test,8,139,-0.204619104548757,0.003934815465087761,0.007829678862891,-0.46661510143107787,-0.472705595941987,-0.4917697254275677,-0.019064129485580672,0.03363761474690502,0.04358819218900906,-0.19572840453799945,-1.5933795184345836,1.207548660956859,2.800928179391443,2.800928179391443,2.777115318693833,37,0.0,139,164,478,0.03576238216369894,5.829268292682927,0.8085650953293061,7.0,4.0,13.939319610595703,13.861820220947266,1.0055908523132715,0.00041985511779785156,-0.0072100162506103516,2.7551964914823674,3.9078659376931846,0.3336508870124817,17.956268310546875,0.8656926660108766,0.3819849978888218,0.34756743907928467,2.9971721172332764,5.64,6.0,5.68,5.8,0.3600000000000003,-0.1200000000000001,4.059076592337864e-17,5.989178863415416e-16,1.1031897739341235e-09,0.006647744767927462,0.007545409812205805,0.029711228303553078,0.03574816988238937,0.03956897691041161,0.0679992846953485,0.07333451591084539,0.09242269231664234,0.10246011064214808,0.006903969121597155,0.03429880072534702,0.3946212310454869,0.639676299478536,0.022165818491347272
dePablo CV2,test,9,188,-0.2792191185246228,0.005533290344475923,0.0111512815125754,-0.8620458599552204,-0.7496602514977337,-1.053811359941362,-0.30415110844362836,0.3085039166358139,-0.13166852434852602,0.13328634266473582,-1.358581775125678,1.7773018350356091,3.135883610161287,3.135883610161287,2.7904392457446288,82,0.0,188,300,859,0.01915273132664437,5.726666666666667,0.807437648091514,7.0,3.0,18.93770980834961,18.92647933959961,1.0005933733658803,0.009844779968261719,0.01882028579711914,2.887532531104904,4.893470954008887,0.3564121723175049,25.397977828979492,0.8619736836522783,0.3687254406182135,0.3170732259750366,2.90850830078125,5.622222222222222,5.733333333333333,5.644444444444445,5.777777777777778,0.1111111111111116,-0.13333333333333286,-7.701869307470923e-16,-1.6622699555808334e-16,2.7210301452791635e-10,0.01364524237872962,0.016535282683087436,0.018287026569624783,0.024720333232091066,0.03864153832623517,0.041576280782169156,0.04352646303488787,0.051329639595022715,0.05466381168590818,0.47348342160889917,0.4667531539950382,0.0532635913418739,0.48354254979731764,0.001751743886537347
dePablo CV2,test,10,141,0.1339311443087889,0.00477300701525858,0.0095469192851246,1.0802796861591288,0.9505742824011798,1.201363976840336,0.2507896944391561,0.2507896944391561,0.26856509959675706,0.05117772729329106,-1.896394701224504,2.00835284663794,3.904747547862444,3.904747547862444,3.8772149021710165,31,5.551115123125783e-17,141,168,479,0.03414599372683205,5.7023809523809526,0.805926882905372,7.0,4.0,14.151100158691406,13.984729766845703,1.0118965753803928,0.015059947967529297,0.031075000762939453,2.482162639156513,3.7530453315448233,0.44519078731536865,18.66360092163086,0.8676575149773058,0.23334229029165152,0.5335910320281982,2.2460620403289795,5.346153846153846,5.884615384615385,5.730769230769231,5.884615384615385,0.5384615384615392,-0.1538461538461542,-3.952874032690134e-16,7.719812978856922e-17,1.0118230384774418e-09,0.03866860635682328,0.04112247235643452,0.04859408998434679,0.08118891257047844,0.0992609040609971,0.11923697247788863,0.13948947557896946,0.1483894996835616,0.1627601648275944,0.6680350598189181,0.8258429940166958,0.49902141410709505,0.0658162709558896,0.007471617627912271
dePablo CV2,test,11,178,-0.1190216243930391,0.004625270139288424,0.0091603670174207,-0.09545952698611208,-0.0411591083399869,-0.2010538243325578,-0.1598947159925709,0.1644018614598234,-0.05551270738977109,0.05683006492019727,-1.5364528359487957,1.6613634673063309,3.1978163032551263,3.1978163032551263,3.1616217742508743,90,8.326672684688674e-17,178,268,768,0.021465705181955393,5.731343283582089,0.8210311963865711,8.0,3.0,17.847570419311523,17.813011169433594,1.0019401127383354,0.043105125427246094,-0.015764713287353516,2.7002971418745196,4.539416130025982,0.33980730175971985,24.38672637939453,0.8528894888392339,0.2986885292663656,0.4121454060077667,2.9428842067718506,5.7560975609756095,5.585365853658536,5.7317073170731705,5.829268292682927,-0.17073170731707332,-0.09756097560975618,-6.222292499340877e-16,-5.708606953334863e-17,1.3942678281123025e-09,0.02039594234188277,0.021166473357130497,0.024276835610613463,0.04335523300304617,0.05178202257130024,0.057968251495720866,0.07131576740562716,0.07898913279855102,0.08004179684575971,0.7552487029357979,0.5414303625732405,0.5894986514442887,0.4400177500695413,0.0031103622534829657
dePablo CV2,test,12,176,-0.36685866738795,0.00476705774119921,0.0095063125611164,-0.9007759125941267,-0.7318804632806724,-1.182955067850653,-0.4510746045699807,0.45412105089346355,-0.21470369241785517,0.25713242955941124,-1.242388262911824,1.9645042258181828,3.2068924887300065,3.2068924887300065,2.7279423385603034,27,5.551115123125783e-17,176,264,763,0.02197833851826247,5.78030303030303,0.7959594357278207,8.0,4.0,17.650320053100586,17.545320510864258,1.0059844755854594,0.039389610290527344,0.03740978240966797,2.77456649833238,4.520311568665228,0.2981190085411072,23.733022689819336,0.8603096086028987,0.40540565575959814,0.33956629037857056,3.354416847229004,5.8,5.75,5.75,5.8,-0.04999999999999982,-0.04999999999999982,-3.612981434094221e-16,-1.9129910809197866e-16,1.370443189656137e-10,0.004113949187743726,0.01707295370211852,0.022318972442113644,0.024665452609629355,0.03487637697049289,0.042566793658071415,0.04625390469006386,0.05552002591522192,0.06435363827016498,0.7371191666070768,0.5036423709511615,0.5519062542867433,0.7481604597926789,0.005246018739995122
dePablo CV2,test,13,155,0.1260059232543453,0.005480775845331243,0.0108853348678298,0.9489738397290055,0.7884797811880045,1.1011098671298625,0.3126300859418579,0.3126300859418579,0.3294299891341651,-0.03255782422647863,-1.9157924312596104,1.839830943336905,3.7556233745965155,3.7556233745965155,3.7760363439799707,2,5.551115123125783e-17,155,204,586,0.028300975562638848,5.745098039215686,0.8127208539632433,7.0,4.0,15.61182975769043,15.490180015563965,1.0078533459265313,-0.00740504264831543,-0.036769866943359375,2.576528964138275,4.094792925099117,0.4450458884239197,20.582326889038086,0.8665889059113968,0.2248929594576938,0.4742926359176636,2.2470033168792725,5.709677419354839,5.451612903225806,5.870967741935484,5.580645161290323,-0.2580645161290329,0.29032258064516103,-9.20996829379752e-16,8.589335722761953e-16,1.072460452959559e-09,0.02872569500594301,0.03803792532314796,0.03911011642684518,0.0677479146888106,0.09013918168549138,0.12055193561828749,0.12211542795567748,0.12777862860547626,0.14154389209757778,0.6993352375046433,0.1342116326624151,0.6737371104252945,0.9073922782844595,0.0010721911036972176
dePablo CV2,test,14,158,0.1790333352544131,0.004975974121808307,0.0099514244421611,0.9604214099388451,0.8062700006057553,1.096144470713583,0.28987447010782774,0.28987447010782774,0.33086224700348094,0.09510170086368719,-1.8323886721784075,2.050872698649941,3.8832613708283485,3.8832613708283485,3.8139630976473806,43,2.7755575615628914e-17,158,212,609,0.027228829473307698,5.745283018867925,0.7404909227619022,7.0,4.0,15.856040000915527,15.929590225219727,0.9953827924469925,0.041520118713378906,5.0067901611328125e-06,2.601594963831267,4.19533575540374,0.4445949196815491,22.163915634155273,0.8811045643339799,0.26484113725613195,0.4425136148929596,2.351473569869995,5.53125,5.90625,5.5625,5.875,0.375,-0.3125,5.036455391328682e-16,1.0760227535685265e-15,5.112765005310927e-10,0.031795064436168745,0.03790938024947239,0.04413593176126792,0.06405462935522369,0.08134845844023021,0.10898208475960755,0.1155006154890035,0.12193689043763371,0.1270137298887153,0.5912224672872404,0.7031591216194389,0.6420935794717574,0.2965130881248129,0.006226551511795533
dePablo CV2,test,15,113,-0.3405376290549624,0.00526044792546022,0.0105378813340999,-0.9372454987401726,-0.8724379419032484,-1.0473574261676708,-0.1749194842644224,0.17722141216721166,-0.08102939981425682,0.06165553456341725,-1.085422323798165,1.2696424267153894,2.3550647505135545,2.3550647505135545,2.1957813120858978,41,0.0,113,108,309,0.05347871235721703,5.722222222222222,0.8146043499230656,7.0,4.0,11.17959976196289,11.265180587768555,0.9924030666762159,-0.06341004371643066,0.005530118942260742,2.6730433259774182,3.2656523328503027,0.3531983494758606,14.34158706665039,0.840924698075816,0.34749840582198327,0.31443163752555847,2.830993890762329,5.9411764705882355,5.823529411764706,5.529411764705882,5.529411764705882,-0.11764705882352988,0.0,-8.633194180632291e-11,-1.4301095704314605e-16,-7.724439591137927e-17,0.044848922522158934,0.04698298451768181,0.056151106382836206,0.07011407316104214,0.10629592976271189,0.12560478436348504,0.13204217548767158,0.13699930073007321,0.14907678091598445,0.4900450019937749,0.5325045435928196,0.6269563797646868,0.8086827909944083,0.009168121865154394
dePablo CV2,test,16,172,-0.4547701402624022,0.005600444341966995,0.0112085584543208,-1.3779158666240399,-1.0998187318753243,-1.7657410798682232,-0.6659223479928988,0.6687000063292923,-0.43168941700379015,0.06086248230301186,-1.2199112277327022,1.5538888611017885,2.7738000888344905,2.7738000888344905,2.2694491359685203,28,5.551115123125783e-17,172,248,713,0.02327935222672065,5.75,0.7198230069192861,7.0,4.0,17.24304962158203,17.123109817504883,1.0070045573120447,0.004235267639160156,0.06638526916503906,2.9846395119961984,4.720664145099492,0.28630319237709045,23.73082160949707,0.8457284449778633,0.3761104320465824,0.30304041504859924,3.492764472961426,5.7894736842105265,5.815789473684211,5.7631578947368425,5.631578947368421,0.02631578947368407,0.13157894736842124,-7.917911535718836e-10,-4.579345749620552e-18,4.636507496822921e-16,0.01633269754012968,0.018734972116172092,0.021572437103119055,0.029640239032043825,0.03511916572666354,0.03995090142521394,0.048762590760372086,0.051331743359447644,0.05438339272801448,0.20465447288688063,0.6424961560033818,0.6807138543758569,0.5453188747909284,0.002837464986946963
dePablo CV2,test,17,189,-0.4436555356265637,0.005253247470692596,0.0105385278283884,-1.2167117100631237,-1.034380828771435,-1.5012190007224095,-0.46683817195097466,0.4698100903820057,-0.23979876823925536,0.23553012330524983,-1.2550020191999895,1.9173584853539647,3.1723605045539545,3.1723605045539545,2.713549176525895,36,0.0,189,300,859,0.01915273132664437,5.726666666666667,0.7780031419530957,8.0,4.0,18.870548248291016,18.784629821777344,1.0045738684940209,0.0468449592590332,0.10417461395263672,2.8391001046016138,4.810365234058622,0.231752410531044,26.094621658325195,0.8507997122646349,0.3941785302780158,0.3158133924007416,4.315016269683838,5.822222222222222,5.5777777777777775,5.622222222222222,5.822222222222222,-0.24444444444444446,-0.20000000000000018,-4.0651242047714906e-16,-1.5615156208505574e-16,3.4196399272949446e-10,0.01469571970609815,0.016464543853636396,0.019343644503197324,0.020148840145836382,0.035495674564616206,0.03815154872134089,0.04741048071485029,0.05205759500741844,0.05404831811111953,0.011657091891466272,0.26831060771934856,0.07713039229429712,0.6766778626377119,0.0028791006495609284
dePablo CV2,test,18,180,-0.4991540889734968,0.004492013724320829,0.0090181090200405,-1.4650551600689106,-1.141244583318844,-1.957565232773779,-0.8163206494549349,0.8191740382712904,-0.44651688007442747,0.40589681841747544,-1.0236741898791215,2.132011286964985,3.1556854768441065,3.1556854768441065,2.4472097774784145,71,0.0,180,272,775,0.021027783807249838,5.698529411764706,0.7935387323396277,8.0,4.0,17.972599029541016,17.864900588989258,1.0060284936943973,0.04873991012573242,0.037670135498046875,2.7117695429248196,4.442088897159875,0.3285377621650696,24.18073081970215,0.8462510059725854,0.38127953428011496,0.28638532757759094,3.0438108444213867,5.658536585365853,5.7073170731707314,5.487804878048781,5.780487804878049,0.04878048780487809,-0.29268292682926766,-1.2076555241246762e-16,1.016540958458947e-15,2.7864059477692098e-11,0.01143911158236183,0.017203049481256144,0.018200553299493803,0.02256872603950539,0.030982396051423392,0.037545553026876566,0.04239540579773038,0.0467184075920392,0.04816143304306135,0.6433241422430129,0.5792761738647092,0.5021558060902068,0.6829534229433081,0.0009975038182376585
dePablo CV2,test,19,154,0.0262065534153102,0.004593909929376495,0.0092080414294794,0.5500581750407398,0.4408159932058023,0.642286797085341,0.2014708038795387,0.2014708038795387,0.23812777589204373,-0.17706674606536493,-1.8834998458119456,1.5211690507233988,3.4046688965353447,3.4046688965353447,3.4126894395908693,5,5.551115123125783e-17,154,200,575,0.028894472361809045,5.75,0.7599342076785331,8.0,4.0,15.427849769592285,15.444160461425781,0.9989438926204999,0.018034934997558594,0.03032994270324707,2.665252505178037,4.167790105459815,0.2891528010368347,21.390098571777344,0.8738315748650095,0.29188861784043246,0.46761617064476013,3.458449363708496,5.766666666666667,5.9,5.666666666666667,5.7,0.13333333333333375,-0.033333333333333215,-4.1910527807208403e-16,1.7254752055662456e-16,1.3017662270521087e-09,0.005040795468937252,0.025873358699189986,0.034643885146296904,0.03801146817143265,0.07488919819739077,0.07938311640829553,0.10196138652250526,0.10830535459166492,0.11222148954343368,0.8615224427447209,0.5625522733881428,0.668102829840002,0.1375467088094858,0.008770526447106918
dePablo CV2,test,20,115,0.0037402536317093,0.005123895218033914,0.010282666383699,0.37680781151500364,0.2971972017618834,0.447293741667718,0.1500965399058346,0.1500965399058346,0.16711912233943446,0.037962062527748745,-1.608430490114576,1.6704614785535468,3.278891968668123,3.278891968668123,3.304393796434825,78,9.063930161978817e-17,115,112,323,0.051962676962676965,5.767857142857143,0.7194013242315603,7.0,4.0,11.503820419311523,11.150720596313477,1.0316660990604307,0.018200159072875977,0.036460161209106445,2.4152542031586353,3.153275718227616,0.3147130012512207,15.37569808959961,0.8683490189420918,0.32398849733125246,0.4572555422782898,3.177569627761841,5.9411764705882355,5.705882352941177,5.764705882352941,5.882352941176471,-0.23529411764705888,-0.11764705882352988,-7.068226297619551e-16,6.492529743110416e-16,3.011273534679652e-09,0.0601895245918904,0.06196949683852659,0.06817299381568091,0.12290303153931129,0.1531888665250882,0.18810926160930247,0.19821794766947287,0.2075066446103141,0.21970929913453174,0.6410341537817341,0.6875001900164093,0.6098008399200057,0.13347603631526833,0.0062034969771543255
dePablo CV2,test,21,121,-0.4346220503932809,0.00446271324872016,0.0089906421622734,-1.022021917324121,-0.9337840167957034,-1.1846518708552836,-0.2508678540595801,0.2530365397767216,-0.08258601140012166,0.08737604113497881,-1.0931736603984494,1.4181300490681992,2.511303709466649,2.511303709466649,2.150156218938931,22,0.0,121,124,354,0.046420141620771044,5.709677419354839,0.7908161723955652,8.0,4.0,12.15481948852539,12.179510116577148,0.9979727733040632,-0.02369999885559082,-0.003075122833251953,2.6651952630382474,3.397428860116635,0.3452151119709015,15.791435241699219,0.8447810755779515,0.3676754878852148,0.31786078214645386,2.8965063095092773,5.473684210526316,5.526315789473684,5.684210526315789,5.842105263157895,0.05263157894736814,-0.1578947368421053,1.3756883927314501e-16,3.139527496740769e-16,2.2048805681175042e-09,0.032607881372516835,0.034663889720143136,0.04721369637851926,0.051514765257927676,0.0626682309421661,0.07759724927023554,0.10055774345762176,0.11116582984277144,0.11604771633636361,0.5353305245080731,0.47030136384008164,0.2273655443398291,0.48737738398061925,0.012549806658376121
dePablo CV2,test,22,172,-0.0313026174804837,0.005197381153207237,0.010478115245141,0.3938932162350876,0.3111377049251337,0.4630112671115191,0.15187356218638537,0.15187356218638537,0.17643387988812037,0.00686640430268649,-1.720900330217064,1.7026603695728946,3.4235606997899586,3.4235606997899586,3.490518119627423,59,0.0,172,248,705,0.02301815332375604,5.685483870967742,0.7445168977465701,7.0,4.0,17.147199630737305,17.061180114746094,1.0050418268497654,0.008870124816894531,0.09992027282714844,2.5934546866738204,4.320214622702351,0.2561362683773041,22.773555755615234,0.8689485492435753,0.31348860893661923,0.4359150230884552,3.9043197631835938,5.578947368421052,5.657894736842105,5.631578947368421,5.657894736842105,0.0789473684210531,-0.02631578947368407,-1.2244400311985044e-09,-8.22055240544026e-16,9.695409769125441e-17,0.02114030136469567,0.028543071818210586,0.030171954717573845,0.04496575779394449,0.06148843050956688,0.07486537802689774,0.08817888325201678,0.09124808439292433,0.09553666693885997,0.6039355896616212,0.8231933504352691,0.7241794474742088,0.16893721842330836,0.0016288828993632591
dePablo CV2,test,23,151,-0.318401941651545,0.005159740141204396,0.0103218921501133,-0.7743987415461442,-0.7276293660656853,-0.8762495831395954,-0.14862021707391015,0.15303782512049524,-0.032876829895157014,0.021408802365847256,-1.2839498092086217,1.429300321698377,2.7132501309069985,2.7132501309069985,2.464991716999832,95,5.551115123125783e-17,151,192,545,0.029722949389179756,5.677083333333333,0.8100256125923152,7.0,4.0,15.088390350341797,14.910320281982422,1.0119427393236182,0.04364514350891113,-0.017019987106323242,2.569996970345121,3.8555804100970543,0.3482103645801544,20.05610466003418,0.8526670660994469,0.3496811392191737,0.321966290473938,2.8718302249908447,5.655172413793103,5.448275862068965,5.689655172413793,5.586206896551724,-0.2068965517241379,0.1034482758620685,-7.927448164279795e-10,-9.554453229888774e-16,-2.8898915380314866e-16,0.022884749941533396,0.030326945231998217,0.03295817774153687,0.04595273337610146,0.06068106425630654,0.06569304190060092,0.07369060914135696,0.08237295431166695,0.08947466732917196,0.6452204839817731,0.61729263627466,0.6350554382366862,0.23454677110147962,0.002631232509538655
dePablo CV2,test,24,169,-0.4495238576851234,0.005075988202457615,0.0101152578791396,-1.287308350983132,-1.0715626785011048,-1.6196167635141403,-0.5480540850130355,0.5510551495911824,-0.2966278819470448,0.1986401150336978,-1.2574169378740616,1.8918671557614708,3.1492840936355324,3.1492840936355324,2.5856069804658843,49,5.551115123125783e-17,169,240,693,0.02416317991631799,5.775,0.7687923430073084,7.0,4.0,16.9298095703125,16.86294174194336,1.0039653714869228,-0.009914875030517578,0.015450000762939453,2.8408919051612096,4.4578316774830995,0.3234569728374481,21.95314598083496,0.8558670291394899,0.3945342738486216,0.31828755140304565,3.0914037227630615,5.75,6.0,5.694444444444445,5.805555555555555,0.25,-0.11111111111111072,1.264472301925583e-16,7.786776928164182e-16,1.7550133795110566e-10,0.008187394412370087,0.020647774597075834,0.021857495673634538,0.024034029949342627,0.028646222493338046,0.03548369352001219,0.038902545592289124,0.04726199856361206,0.05509000227213933,0.7142283565941892,0.5236411420180334,0.011046590131588355,0.7830603890288044,0.0012097210765587042
dePablo CV2,test,25,166,0.1875985388672977,0.004904775249155758,0.00981591721022,1.0419055080103667,0.8794837546017382,1.1890429110603689,0.30955915645863064,0.30955915645863064,0.3422144489376885,0.03268292859852388,-1.9636295115106088,2.0491588655094097,4.012788377020018,4.012788377020018,3.962907920039173,98,5.551115123125783e-17,166,232,668,0.024929093894611135,5.758620689655173,0.8107115824488791,7.0,4.0,16.592479705810547,16.65620994567871,0.9961737850281661,-0.02277994155883789,-0.031925201416015625,2.566394607865525,4.282450672199261,0.43842530250549316,22.9405517578125,0.8640756547272562,0.209607613499943,0.5030795931816101,2.280726194381714,5.542857142857143,5.771428571428571,5.828571428571428,5.6571428571428575,0.22857142857142865,0.17142857142857082,-2.111524708167645e-10,2.7193300927203503e-16,3.3894172348605446e-16,0.029909201147749583,0.032405899409026565,0.03501314845111415,0.0619847764983991,0.0807559747813905,0.0826919764791785,0.11485950550016287,0.11905771744527599,0.12405777772949902,0.6539837050023257,0.6657456233326553,0.6979296529284923,0.5764550456769267,0.0026072490420875824
dePablo CV2,test,26,178,0.3437884787174968,0.004882696334547376,0.0097567434524896,1.5069153731303455,1.2592055224661536,1.6981863383755078,0.4389808159093542,0.4389808159093542,0.5669781142462496,-0.10849462696142226,-1.9668049923865505,1.8844916259487552,3.8512966183353057,3.8512966183353057,3.5389176833762326,84,0.0,178,268,761,0.021270054223265694,5.67910447761194,0.8204544269466579,7.0,4.0,17.86233901977539,17.95846939086914,0.9946470732554398,-0.035939693450927734,-0.005255222320556641,2.4748786787322565,4.370492538790317,0.7647068500518799,24.298574447631836,0.8626107120012642,0.12039253292037418,0.6259127855300903,1.3076282739639282,5.7560975609756095,5.7317073170731705,5.609756097560975,5.7560975609756095,-0.024390243902439046,-0.14634146341463428,-3.0967658019743557e-16,-1.189205020033231e-16,1.293654848736432e-09,0.027895108341110714,0.03540131578368178,0.03677702958869977,0.06287781352717327,0.07984880877752285,0.08715063663641719,0.0938983541872869,0.09860389438193884,0.10139429540995203,0.6411810951919823,0.7863585558910836,0.6667791163433827,0.19353497396805078,0.0013757138050179904
dePablo CV2,test,27,183,0.35508191711915,0.004915381783264807,0.0098435004565744,1.5393915325315077,1.3144053855983888,1.6984934934395066,0.3840881078411178,0.3840881078411178,0.5324847485972128,-0.24040243490581448,-2.076875297900169,1.7434316028084365,3.820306900708605,3.820306900708605,3.4816701166077557,39,5.551115123125783e-17,183,284,814,0.02025581048126213,5.732394366197183,0.8342618645004753,8.0,3.0,18.406150817871094,18.415550231933594,0.9994895936345035,-0.02480459213256836,0.024724960327148438,2.535857505309201,4.541474634542872,0.7661709785461426,25.15486717224121,0.8612122221572979,0.11828430519901291,0.6268417239189148,1.3052083253860474,5.744186046511628,5.674418604651163,5.72093023255814,5.767441860465116,-0.06976744186046524,-0.04651162790697594,-6.891752074037179e-16,3.4690458477702865e-16,5.359251564963935e-10,0.027333466537253704,0.031038266308779823,0.03562511312213006,0.053264026598668204,0.0706155638113358,0.08108087766603399,0.08503310347374603,0.09421957022059667,0.09828545053057361,0.5500270768769474,0.49923637786784464,0.6394193962581894,0.49227298118426666,0.00458684681335024
dePablo CV2,test,28,180,-0.2955698868201818,0.005308519090142487,0.0106017378390365,-0.7305781835799908,-0.531328369616918,-1.0174993227455045,-0.4861709531285865,0.48980660041673507,-0.30516394679203046,-0.01436055239082729,-1.483409861726718,1.547471120996941,3.0308809827236587,3.0308809827236587,2.8108491119808017,89,0.0,180,272,778,0.021109181680052096,5.720588235294118,0.8061452984509262,8.0,4.0,18.000980377197266,18.02819061279297,0.9984906840525419,-0.005370140075683594,0.007645130157470703,2.9136474049796175,4.815051371536734,0.27432477474212646,23.915124893188477,0.8579351948358712,0.37152841882313414,0.3772449791431427,3.6453499794006348,5.829268292682927,5.829268292682927,5.804878048780488,5.7317073170731705,0.0,0.07317073170731714,-2.749051422008179e-10,-1.054571615520856e-15,-8.233831834321319e-16,0.012816493795439775,0.016474026915077458,0.01843067270972467,0.020084938611649256,0.023969466885921754,0.03821041707219057,0.045890343614278364,0.04726313493550088,0.05083585036424587,0.006958522388844268,0.17970797856067616,0.637203288855556,0.4601550535455293,0.0019566457946472125
dePablo CV2,test,29,163,0.1766270591859652,0.005370088829143625,0.0107405618699381,1.143162543115588,0.9493062280867384,1.3235647972390157,0.3742585691522773,0.3742585691522773,0.403621564226401,-0.015505979103830822,-2.035468519612174,2.011262684639949,4.046731204252123,4.046731204252123,4.027757816511472,96,5.551115123125783e-17,163,224,641,0.025664638052530428,5.723214285714286,0.7929355656196093,8.0,4.0,16.263469696044922,16.214771270751953,1.0030033371720026,-0.02445507049560547,-0.022675037384033203,2.4960651778951637,4.1228706582482735,0.4347779154777527,22.07408905029297,0.8676372844603801,0.21174299457110748,0.5109152793884277,2.2998743057250977,5.647058823529412,5.705882352941177,5.617647058823529,5.4411764705882355,0.0588235294117645,0.1764705882352935,3.0790157227216484e-16,9.203424512292469e-16,4.761807911073283e-10,0.028484157180533376,0.03389655208762188,0.03644106236209486,0.0605112990327938,0.08108513366162799,0.10090114345913097,0.11103850586758011,0.12417215330598286,0.13242087674964806,0.669456053051996,0.9008390935759555,0.7050449663843864,0.10026921353556988,0.002544510274472979
dePablo CV2,test,30,163,-0.3386047566176201,0.00429791464401503,0.0084810890861651,-0.7130797915892129,-0.5923888215082924,-0.9173597333621202,-0.32497091185382776,0.32710809828658827,-0.1375610499935796,-0.165271678635443,-1.43135301592749,1.2473002238929742,2.6786532398204645,2.6786532398204645,2.33367293002209,81,0.0,163,224,641,0.025664638052530428,5.723214285714286,0.7642669390217222,8.0,4.0,16.25625991821289,16.08415985107422,1.0106999724407226,0.04000997543334961,-0.03343963623046875,2.7345238781523964,4.2567004418879835,0.1513994187116623,21.857128143310547,0.8524106325299803,0.41972919191598845,0.362843781709671,6.605029582977295,5.588235294117647,5.735294117647059,5.852941176470588,5.823529411764706,0.14705882352941213,0.02941176470588225,-1.6525598524428289e-15,-5.51913599388319e-16,6.315821762699666e-10,0.010190476718403304,0.0215676510863159,0.024917432307361678,0.027999559032233733,0.04301141418730297,0.05225750100368504,0.06055851225896812,0.06762342370679952,0.07017728945677008,0.8079370539799536,0.5479656993557819,0.5489567250709949,0.7087856281109424,0.0033497812210457785
dePablo CV2,test,31,113,0.1672963915372404,0.004670632055174604,0.0093075835289223,0.9481762425559649,0.7891471733930224,1.099023396030903,0.3098762226378806,0.3098762226378806,0.3282817488150348,0.1585796912098616,-1.8200923936328544,2.1214496180316065,3.9415420116644606,3.9415420116644606,3.9762914031037506,9,0.0,113,108,309,0.05347871235721703,5.722222222222222,0.8370288429621868,8.0,4.0,11.346650123596191,11.116350173950195,1.0207172269712839,0.01096487045288086,-0.04355502128601074,2.401567570117685,3.1199895471751473,0.3469509184360504,15.262079238891602,0.8732563301583324,0.27975472004141105,0.4638128876686096,2.8819265365600586,5.823529411764706,5.411764705882353,5.588235294117647,5.764705882352941,-0.41176470588235237,-0.17647058823529438,-1.6835458818078135e-15,1.1196666193489025e-15,7.330112160917959e-10,0.05830989221472025,0.06884190018840684,0.0732143472338123,0.13488743856772997,0.15602567344986557,0.17004811967059846,0.21860879024875632,0.2263903902036024,0.24687112400270836,0.6819284637884184,0.5359160330755602,0.6318249537547849,0.46306825108562405,0.004372447045405459
dePablo CV2,test,32,113,-0.0812478255827438,0.005115735370891678,0.0102495129445331,0.1180391422957972,0.0533546375025064,0.1678170850260651,0.11446244752355869,0.11446244752355869,0.14407958548811073,0.0036401231140085447,-1.4870625130312352,1.4736357119925354,2.9606982250237706,2.9606982250237706,2.9932102535562004,11,2.7755575615628914e-17,113,108,309,0.05347871235721703,5.722222222222222,0.8146043499230656,7.0,4.0,11.101110458374023,11.36199951171875,0.9770384558566786,-0.10062479972839355,-0.022390127182006836,2.523595774733133,3.194844898751006,0.32172146439552307,14.564658164978027,0.8593242443302302,0.3129719130474269,0.3912413418292999,3.107959508895874,5.9411764705882355,5.764705882352941,5.764705882352941,5.352941176470588,-0.17647058823529438,0.41176470588235325,-1.2624319076913023e-09,1.0460205123761659e-15,1.098431054050942e-15,0.049179230765793065,0.055873072222666825,0.06750339893004255,0.09472681974545254,0.11963734902339226,0.1436022113149287,0.1621452379788195,0.17834567720195998,0.19438881499082794,0.5374246333993765,0.2496503755146804,0.5944840405681762,0.8660122342662843,0.011630326707375724
dePablo CV2,test,33,166,-0.4439431886118696,0.004648130270096729,0.0088878656941686,-1.5447113997513162,-1.280762092791636,-1.9212695222393124,-0.6405074294476762,0.643345599871125,-0.39278685136874675,-0.03307243684736151,-1.3335443937764044,1.446257093767369,2.7798014875437733,2.7798014875437733,2.349654298692112,34,5.551115123125783e-17,166,232,670,0.025003731900283623,5.775862068965517,0.7942270900883464,8.0,4.0,16.6610107421875,16.580928802490234,1.0048297619904887,-0.015665054321289062,-0.0028252601623535156,2.7949103251766805,4.302476366371919,0.33565667271614075,16.582551956176758,0.8430981005305674,0.3960059442475457,0.31810298562049866,2.979288339614868,5.771428571428571,5.8,5.742857142857143,5.8,0.02857142857142847,-0.05714285714285694,-7.488626630846137e-11,-5.225392309616965e-16,-4.502543713718156e-16,0.014799398380182174,0.018104500512963202,0.021382805421813922,0.03190656365034041,0.03498980285844607,0.04216794282382576,0.04655508878728864,0.05458682462308491,0.05820486538667115,0.39613996955480063,0.3367356786819657,0.559498343254755,0.7860554849633851,0.0032783049088507196
dePablo CV2,test,34,158,0.3629131029241631,0.005118262269609861,0.0102553410780949,1.5291076866515505,1.332617670088078,1.6757302092718909,0.3431125391838128,0.3431125391838128,0.45665806018661176,-0.1694527565241589,-2.037751712843205,1.8227176731958517,3.860469386039057,3.860469386039057,3.570603098639148,48,0.0,158,212,611,0.027318250916569795,5.764150943396227,0.753005134068203,8.0,4.0,15.707809448242188,15.832229614257812,0.9921413364354205,0.06466507911682129,0.05843496322631836,2.4593872524517453,4.04123382094735,0.74392169713974,21.420312881469727,0.863744339263966,0.12159979641558592,0.6263220310211182,1.3442662954330444,5.75,5.8125,5.71875,5.78125,0.0625,-0.0625,-2.35872733095343e-16,-7.019068850068025e-17,1.6010762067506297e-09,0.03778681849688314,0.045583393381753726,0.04685377462024773,0.08579838441293441,0.09859804886478747,0.10842149651031655,0.11886028524752508,0.123159668639006,0.13126486638694604,0.6237638837730798,0.5156776663638869,0.6423613264544052,0.5041537350262847,0.0012703812384940033
dePablo CV2,test,35,121,0.3422335352892565,0.004920163867277858,0.0097390635838241,1.5597164436114515,1.4320966741035135,1.664207586419278,0.23211091231576453,0.23211091231576453,0.2846018786111702,-0.1281415578405806,-1.940005771330312,1.7572637565765326,3.697269527906845,3.697269527906845,3.5282459469975693,45,5.551115123125783e-17,121,124,354,0.046420141620771044,5.709677419354839,0.7908161723955652,8.0,4.0,12.057600021362305,12.057929992675781,0.9999726344974903,-0.01512002944946289,0.026074886322021484,2.482913467675279,3.4298043848898887,0.7805022597312927,15.79170036315918,0.863086634268195,0.11872187789985876,0.6401074528694153,1.2812525033950806,5.421052631578948,5.631578947368421,5.7894736842105265,5.7894736842105265,0.21052631578947345,0.0,-2.367552465608247e-10,-4.357562933423399e-16,2.3631267928267172e-17,0.0653869619834056,0.07205234877099778,0.08302247392586733,0.11215902353383454,0.1597408490857577,0.16945634706201154,0.18906471839741987,0.18933572958210257,0.22112945666440273,0.5614052212499765,0.7511950163701281,0.6448826367055771,0.20005522336129478,0.010970125154869545
dePablo CV2,test,36,158,-0.3779189657995969,0.004605653564958974,0.0092000816803892,-1.060345950325081,-0.8807688020700337,-1.3363452572718777,-0.455576455201844,0.4584989404510048,-0.2478698223919865,-0.044864216730853945,-1.481119309372109,1.5506072133157809,3.03172652268789,3.03172652268789,2.6540751843245074,94,5.551115123125783e-17,158,212,603,0.026960565143521416,5.688679245283019,0.7692584955432524,7.0,4.0,15.89760971069336,15.733129501342773,1.0104543860353115,0.011945009231567383,0.05063509941101074,2.730767433718465,4.219083312257738,0.2883753180503845,21.606815338134766,0.8509481643661733,0.37699699954026195,0.34330257773399353,3.4674668312072754,5.71875,5.75,5.71875,5.6875,0.03125,0.03125,1.7403416785555073e-16,8.174166825923745e-16,9.799569875666996e-10,0.021834247993651662,0.022970352619064098,0.025430357646379218,0.03190526957255567,0.049197719810000984,0.051023001191432986,0.06239971936345431,0.07164708238566801,0.07907518083236083,0.03226160088282599,0.2717757345653879,0.5184679204164484,0.4104647965911205,0.00246000502731512
dePablo CV2,test,37,151,0.3541335764499747,0.004884586707827709,0.0097720149354309,1.5462623126454793,1.3724314104387476,1.674880333557926,0.3024489231191785,0.3024489231191785,0.4055550033871204,-0.1752282916854502,-2.08665003914819,1.8411699584626648,3.9278199976108548,3.9278199976108548,3.6818582293818087,38,5.551115123125783e-17,151,192,548,0.02988656195462478,5.708333333333333,0.7761640004248815,7.0,4.0,15.107399940490723,15.153120040893555,0.9969827929641257,0.019070148468017578,0.008369922637939453,2.4945329050295544,3.9721462680433137,0.7970665097236633,20.297048568725586,0.86040890869433,0.11180755998457505,0.6452750563621521,1.254625678062439,5.689655172413793,5.724137931034483,5.724137931034483,5.793103448275862,0.03448275862069039,-0.068965517241379,-2.965553207146925e-10,6.442548334819952e-17,8.438140838777922e-16,0.039706412699694875,0.047778308931070414,0.050442379463944566,0.08039830364888823,0.11257946824418837,0.11635820627049959,0.11874437105069321,0.1328222752533754,0.14916236292217191,0.6792516148668885,0.8093815083571008,0.6209714859372681,0.2041899022149459,0.002664070532874152
dePablo CV2,test,38,115,-0.2026014905337221,0.004559445793025539,0.0091000595920697,-0.39155975758894745,-0.380207855994478,-0.4657354161083288,-0.08552756011385082,0.0996414556377968,0.05065208164658929,0.12315527579204688,-1.333584876681559,1.6093069980576942,2.942891874739253,2.942891874739253,2.8722766740893717,1,8.326672684688674e-17,115,112,327,0.052606177606177605,5.839285714285714,0.7140624651118646,7.0,5.0,11.426410675048828,11.370939254760742,1.0048783498922362,-0.021004915237426758,-0.09531998634338379,2.3753728533009872,3.009682483428136,0.4531711935997009,14.686665534973145,0.854563570350682,0.3234460169311264,0.34719398617744446,2.2067248821258545,5.882352941176471,5.882352941176471,5.764705882352941,5.764705882352941,0.0,0.0,-2.8921520976474e-10,-4.713191473055686e-16,4.632123438388946e-16,0.041499781676848375,0.05124297080515802,0.06066048458111767,0.09649078894267099,0.12073558975125499,0.14014671441681917,0.1533974061211604,0.16971393763266257,0.19960253170289297,0.659310647727851,0.7512838619035846,0.6361091656950904,0.1635054111292153,0.009417513775959646
dePablo CV2,test,39,164,-0.4103403225186684,0.00492697782613037,0.0098440866824234,-1.0762189253356371,-0.9467594955443458,-1.320307778195418,-0.3735482826510722,0.37821962786423824,-0.11057521591823354,0.17673549465013155,-1.273573191669643,1.851317892197648,3.1248910838672908,3.1248910838672908,2.5957193604401554,42,0.0,164,228,656,0.025349717907102557,5.754385964912281,0.8225058364723539,8.0,3.0,16.446571350097656,16.394460678100586,1.0031785535993067,-0.03930521011352539,-0.017149925231933594,2.7974058679509453,4.336743937337812,0.31644684076309204,21.93460464477539,0.838953479443018,0.3439657169869417,0.3624790608882904,3.1600773334503174,5.885714285714286,5.6571428571428575,5.771428571428571,5.885714285714286,-0.22857142857142865,-0.11428571428571477,-2.856553848139905e-16,3.536842129264577e-16,5.852701910324489e-10,0.008000894372306446,0.01791838647946699,0.022220151691056046,0.02648044327260004,0.029473697107114005,0.039770856460775966,0.05713180615839014,0.06135696323664471,0.06514153360086906,0.614069653607728,0.5526512040160123,0.3943911561713204,0.37352846644395543,0.004301765211589058
dePablo CV2,test,40,183,0.1580742131340375,0.004573591710600655,0.0091486169513677,0.8940623764547372,0.6983738266113162,1.07447579402656,0.3761019674152437,0.3761019674152437,0.40895330090029064,0.05145044139197722,-1.8583384346487783,1.9720226643710836,3.830361099019862,3.830361099019862,3.7987514242083846,58,2.7755575615628914e-17,183,284,820,0.02040511620962524,5.774647887323944,0.7862763571540736,8.0,4.0,18.300180435180664,18.354759216308594,0.9970264507158756,0.05163002014160156,0.05792999267578125,2.528045479553502,4.468030030199445,0.2874983549118042,24.461580276489258,0.8712438290439001,0.25909754045939437,0.5117464065551758,3.4783318042755127,5.744186046511628,5.744186046511628,5.604651162790698,5.790697674418604,0.0,-0.18604651162790642,-3.0888383601249243e-10,-6.09319040353517e-16,-5.740732848980863e-16,0.02211240607262179,0.026879003455087133,0.02893703308880136,0.05245531711179104,0.06799496700492887,0.07994889137099741,0.09555500004968798,0.09627871533174227,0.10654010674525206,0.6946898955541175,0.7390350110492486,0.6877893488017774,0.2891085565675386,0.0020580296337142263
dePablo CV2,test,41,180,0.1984530464851873,0.0049927318616225435,0.00997864070291,0.9900029403245311,0.8008197093637225,1.1542111450267856,0.3533914356630631,0.3533914356630631,0.4090109766598495,-0.049463844775185985,-2.016297991727292,1.946093757152203,3.962391748879495,3.962391748879495,3.8916645566620147,51,0.0,180,272,786,0.021326242674191448,5.779411764705882,0.7735629605786711,8.0,4.0,17.96860122680664,18.070411682128906,0.9943659028298203,0.018169879913330078,0.008244991302490234,2.592856887225583,4.513766880064555,0.28609463572502136,24.540124893188477,0.870834632570507,0.23890662012586736,0.4644193947315216,3.4951531887054443,5.853658536585366,5.7317073170731705,5.829268292682927,5.682926829268292,-0.12195121951219523,0.14634146341463428,-4.216268355939163e-10,-3.250072749172013e-16,5.026192715281668e-16,0.025250957847682026,0.030840038194501696,0.031216163069930837,0.05323102743208899,0.07770948081187386,0.08686408035369451,0.0979230241088355,0.10104321529643452,0.10839133243387473,0.6709429797189356,0.8619626018257146,0.6541503511633776,0.15138732888436346,0.0003761248754291409
dePablo CV2,test,42,183,-0.1806314739996638,0.004552626867485603,0.0089291567090214,-0.390734938823495,-0.3514811756529317,-0.4757085449061952,-0.1242273692532635,0.13058052955085359,-0.029288862964074902,-0.07718448118006827,-1.611488291574255,1.4816476386549489,3.093135930229204,3.093135930229204,3.0272068429238277,70,0.0,183,284,819,0.020380231921564722,5.767605633802817,0.8193564372334338,8.0,4.0,18.447490692138672,18.33517074584961,1.0061259285689765,-0.008124828338623047,0.009754657745361328,2.821923438536961,4.758825425309741,0.19931279122829437,24.62363624572754,0.861266965030605,0.3600725604438693,0.3695596158504486,5.017313480377197,5.651162790697675,5.883720930232558,5.837209302325581,5.674418604651163,0.23255813953488325,0.162790697674418,6.0123371226735e-16,1.307853352927317e-15,3.873538451547346e-11,0.003464066363599018,0.016300209355902227,0.02166357996157928,0.023518562596782245,0.042230128485833594,0.0494613300455594,0.05271540904059018,0.06776913450526943,0.07124339107650501,0.8556006361585693,0.511034612928577,0.4255992116177087,0.5477716808743535,0.005363370605677053
dePablo CV2,test,43,123,-0.0249099652893926,0.005098728185416147,0.0101997333848035,0.32699172438194596,0.2365868488505324,0.4044963337743584,0.16790948492382599,0.16790948492382599,0.1937957413698097,-0.13887418015410652,-1.7617854367512271,1.4650404943430808,3.226825931094308,3.226825931094308,3.257744275554814,57,3.122502256758253e-17,123,128,369,0.0453986220472441,5.765625,0.8147504890302306,7.0,4.0,11.9621000289917,11.986949920654297,0.9979269212078896,0.1291499137878418,-0.2032151222229004,2.485863863048838,3.394816997131569,0.2868203818798065,16.427879333496094,0.8657795805433578,0.3288908505789395,0.4401128590106964,3.486248254776001,5.35,5.75,5.6,5.8,0.40000000000000036,-0.20000000000000018,-4.535936719295819e-10,-4.683508691892767e-16,6.571842840281735e-16,0.05301308394884023,0.05567135615634352,0.06110148015644654,0.09154888608064453,0.1116015522834246,0.14346052731601006,0.156929460797408,0.17286471839290654,0.17923575985233436,0.5764660461159289,0.32248783148429655,0.66658229360889,0.6142226093348528,0.005430124000103023
dePablo CV2,test,44,170,-0.1496032734170133,0.005238891613015388,0.0104984123034433,-0.16206293472254338,-0.1348314038932736,-0.2199158348222736,-0.08508443092899998,0.09090906474698579,-0.02028913454462663,-0.0635729156055222,-1.5780216351371854,1.462372140442188,3.0403937755793735,3.0403937755793735,3.0030373938887345,35,0.0,170,244,701,0.023645685758618362,5.745901639344262,0.7794646692782491,7.0,4.0,17.016849517822266,16.9543399810791,1.0036869342488663,0.03173494338989258,-0.014809608459472656,2.686271774105611,4.386048732037297,0.37110140919685364,22.947837829589844,0.8650465975814471,0.32876575756009957,0.4014500081539154,2.694627046585083,5.648648648648648,5.72972972972973,5.837837837837838,5.621621621621622,0.08108108108108159,0.21621621621621578,-2.761799190604798e-16,9.53699009550028e-17,8.141740502250357e-10,0.023317495890231764,0.02477274721125321,0.02821430136359642,0.04939389522268568,0.05375739510098575,0.06397218523711577,0.07429025701922988,0.07739763780781668,0.09072074602449208,0.622621166681462,0.32713496187102975,0.6395206910323127,0.7119333766113546,0.0034415541523432104
dePablo CV2,test,45,146,-0.1005514179318246,0.004800732965601024,0.0095771003300315,0.2521477562262052,0.1971529185547485,0.2880226048525061,0.09086968629775757,0.09086968629775757,0.12952864574594306,-0.15718167393308344,-1.832389356199272,1.518514272251987,3.3509036284512588,3.3509036284512588,3.3380322334436836,44,9.71445146547012e-17,146,180,522,0.03240223463687151,5.8,0.7483314773547882,7.0,4.0,14.665240287780762,14.678279876708984,0.9991116405302427,-0.019659996032714844,0.01538991928100586,2.649390407848632,3.9470263156233254,0.3363181948661804,19.441753387451172,0.8734636513437805,0.3484433278268003,0.42479485273361206,2.9730582237243652,5.851851851851852,5.666666666666667,5.851851851851852,5.666666666666667,-0.18518518518518512,0.18518518518518512,-3.328483516645804e-10,-7.038435758875629e-16,2.1422768630213183e-15,0.030086903225123276,0.033058867762762435,0.039980953418464735,0.051947876109703035,0.06394639941599964,0.07440335584032916,0.09641370639220392,0.10304262161062691,0.12915415222111015,0.5098648630688555,0.5359742004378609,0.49783795919110163,0.7353011940037744,0.0069220856557022994
dePablo CV2,test,46,158,-0.1613288408896635,0.004804454856551706,0.0096002033799426,-0.24979511830034992,-0.2173278776482564,-0.323945205235926,-0.10661732758766962,0.11168850392650742,-0.019150315852103257,-0.13524986762844377,-1.708616221459253,1.4511811994209212,3.1597974208801745,3.1597974208801745,3.122222744070074,20,0.0,158,212,603,0.026960565143521416,5.688679245283019,0.7692584955432524,7.0,4.0,15.883009910583496,15.725339889526367,1.0100264936824763,-0.03592491149902344,0.05264997482299805,2.661949350762723,4.157331417717328,0.3224564790725708,21.598209381103516,0.856982202128589,0.3134521880205663,0.3858352303504944,3.101271629333496,5.71875,5.75,5.6875,5.75,0.03125,-0.0625,5.126535310449954e-16,7.021246230647154e-16,1.216921082735957e-09,0.022291431120876885,0.025778351006115325,0.0299927033048342,0.04277224008253707,0.05472423576400321,0.06739851288652599,0.07429070518893177,0.08610868946579771,0.09203070038980342,0.6493615965503744,0.7547465900773536,0.25356449067745485,0.1884953974960387,0.004214352298718874
dePablo CV2,test,47,178,0.2050441664335105,0.004592836316852725,0.0091556711940445,1.1719636479234332,0.9750083221828604,1.3435600315198573,0.3685517093369969,0.3685517093369969,0.42479413492004076,-0.1149148817570611,-2.095706347057885,1.8993913922184744,3.9950977392763596,3.9950977392763596,3.91601739486672,55,2.7755575615628914e-17,178,268,769,0.02149365531891106,5.7388059701492535,0.7719823723686567,7.0,4.0,17.85464096069336,17.88661003112793,0.998212681420407,0.038289546966552734,0.017965316772460938,2.4369260729211826,4.269577593425592,0.38428524136543274,23.7636661529541,0.8724202511757031,0.2240678068999651,0.49035635590553284,2.6020150184631348,5.682926829268292,5.902439024390244,5.7317073170731705,5.829268292682927,0.21951219512195141,-0.09756097560975618,-3.505066722668862e-16,-3.661766983908912e-17,7.363647785099354e-10,0.02303194426364998,0.03240661947147348,0.03328596793678155,0.05995825376078338,0.06898250982811856,0.09518145955912102,0.10465290796435305,0.10765927349815906,0.11441949299543902,0.6419372841447557,0.5941999430670052,0.7093930109604907,0.3817820735585562,0.0008793484653080649
dePablo CV2,test,48,158,-0.4558432561012651,0.005476857519023741,0.0110279356192594,-1.1418938706038286,-0.9778944720296956,-1.4148642177599706,-0.436969745730275,0.4396636015431722,-0.1976500877194032,0.3055079660040741,-1.0237078792366616,1.8363713751648636,2.8600792544015254,2.8600792544015254,2.3813753608818424,3,5.551115123125783e-17,158,212,609,0.027228829473307698,5.745283018867925,0.7404909227619022,7.0,4.0,15.600379943847656,15.78615951538086,0.9882314902904539,0.07422018051147461,-0.031709909439086914,2.8111232461894087,4.279876674570272,0.3266274034976959,21.32996368408203,0.8447209415568898,0.3630793301198909,0.33803075551986694,3.06135892868042,5.625,5.84375,5.65625,5.8125,0.21875,-0.15625,-5.49041508888382e-10,-5.713379636355615e-16,-1.8006440428161737e-17,0.018057625688634612,0.024163881074755495,0.026932777704506118,0.04049699692455456,0.044369813988017065,0.05136584041358439,0.054084489475766065,0.0710267600103772,0.07328707936631519,0.35656078957584864,0.6905148279000407,0.564741002141047,0.3101201713297868,0.002768896629750623
dePablo CV2,test,49,115,-0.0673570510233767,0.0044447372514353,0.0088759750553764,0.166306495377253,0.1038014041414547,0.1916207800782875,0.08781937593683281,0.0893883659982467,0.16920431507665076,0.1130259957887833,-1.5122334924368743,1.72529363033543,3.2375271227723044,3.2375271227723044,3.2574078427110416,87,1.3877787807814457e-17,115,112,327,0.052606177606177605,5.839285714285714,0.7140624651118646,7.0,5.0,11.266410827636719,11.406660079956055,0.9877046171853772,0.058984994888305664,-0.033190011978149414,2.3478783215951484,3.0275377927531046,0.31254321336746216,14.79205322265625,0.8648099481877202,0.3259267005954895,0.42037466168403625,3.1993603706359863,5.882352941176471,5.882352941176471,5.823529411764706,5.764705882352941,0.0,0.0588235294117645,-1.0410031580419068e-10,-1.2394479909557074e-17,3.6863823031435184e-16,0.043451653222547404,0.05744673162427562,0.06235544270687445,0.10439114808028686,0.1398355621305477,0.1628419896470236,0.176991437649952,0.20446549737751904,0.21122786956092268,0.6643669014194427,0.7582951312234748,0.6635109904360081,0.19163411160937596,0.004908711082598834
dePablo CV2,test,50,170,0.1059858093500111,0.004957133441232239,0.0098594816487177,0.7891114134255782,0.640722855279268,0.9245363013972696,0.28381344611800163,0.28381344611800163,0.3107845291782931,-0.046660402308557655,-1.786924885451343,1.6827230042168164,3.4696478896681597,3.4696478896681597,3.4897641038108334,13,8.326672684688674e-17,170,244,696,0.023477028941509815,5.704918032786885,0.8266912579097029,7.0,4.0,16.94631004333496,16.9683895111084,0.9986987882521802,0.07511520385742188,-0.05893516540527344,2.400787305258129,4.046179423978682,0.3153286278247833,23.02042007446289,0.8626949738325744,0.24693078234843152,0.4668240547180176,3.171339511871338,5.648648648648648,5.648648648648648,5.8108108108108105,5.5675675675675675,0.0,0.24324324324324298,2.6647036020838096e-16,6.892095138976471e-16,2.2673547083159276e-10,0.02251775895064183,0.030361796146588543,0.03494510905617446,0.06625109104594962,0.07713761119066519,0.10154550103401314,0.10900891694922663,0.11283642769981084,0.11311786550799544,0.6836570722636772,0.44336337759921346,0.6340498381761801,0.5636911694420094,0.00458331290958592
dePablo CV2,test,51,169,0.0411747759483444,0.005074987642926716,0.0101414593644215,0.3565687997650095,0.2246930780106439,0.4767428356288097,0.25204975761816584,0.25204975761816584,0.2765801371167952,0.019353277813918362,-1.7535633347087936,1.767784696757647,3.5213480314664407,3.5213480314664407,3.568933141454578,99,2.7755575615628914e-17,169,240,693,0.02416317991631799,5.775,0.8362864341838867,8.0,3.0,16.764949798583984,16.94076919555664,0.9896215222022638,0.10134506225585938,-0.023174762725830078,2.62139742848333,4.305602175548833,0.44038522243499756,22.562313079833984,0.8638679866838936,0.27975411879046364,0.4228983223438263,2.2706451416015625,5.833333333333333,5.666666666666667,5.611111111111111,5.777777777777778,-0.16666666666666607,-0.16666666666666696,-3.034416186242104e-10,-3.6013556888822434e-16,3.0409174425779687e-16,0.022499471622432744,0.029369487270392857,0.030640146235346402,0.05953791394188873,0.07047594171489326,0.0859974863099778,0.09918849367331255,0.10362897308765223,0.11055658072693969,0.6713217758802987,0.8709870671719552,0.635132160391085,0.1744299203788181,0.001270658964953545
dePablo CV2,test,52,158,0.0793531539701399,0.004919639746874496,0.0098293234776388,0.6085601876682502,0.4993761008026115,0.6966907866519401,0.19731468584932854,0.19731468584932854,0.24392346190296532,-0.18516327542711603,-1.9753847451825532,1.5919742141987323,3.5673589593812856,3.5673589593812856,3.5875260697805382,85,6.938893903907228e-17,158,212,603,0.026960565143521416,5.688679245283019,0.7692584955432524,7.0,4.0,15.948220252990723,15.749040603637695,1.0126470973290285,-0.006319999694824219,0.03677010536193848,2.530126171572687,4.059076296538994,0.41817787289619446,21.37204360961914,0.8697622672440005,0.2652798249481916,0.4085707664489746,2.391165256500244,5.65625,5.78125,5.65625,5.75,0.125,-0.09375,-1.9245011967012576e-09,3.4752504785233595e-16,4.49451846126157e-16,0.027176618889617792,0.03231118883583113,0.03731752864214308,0.06100043940410519,0.0742585098190929,0.0914077291098834,0.10684812386982881,0.1177670606160088,0.1239374401941407,0.717565633875223,0.6661396008644153,0.6586061525852425,0.31608704749093214,0.005006339806311946
dePablo CV2,test,53,157,0.1278935707687713,0.005176856508650915,0.0103656831106178,0.8162929835566715,0.6624952331688155,0.9581313909453744,0.29563615777655883,0.29563615777655883,0.320968177068486,0.04674763455949523,-1.860257328584404,1.95305997162252,3.813317300206924,3.813317300206924,3.808173360604456,4,0.0,157,208,597,0.027731326644370124,5.740384615384615,0.8261960131052474,8.0,4.0,15.69120979309082,15.58350944519043,1.0069111741664603,0.0486149787902832,-0.05292487144470215,2.4990297191007254,4.0097560577799,0.46868982911109924,21.283069610595703,0.8634449682343546,0.22654144991973607,0.4937545955181122,2.133493423461914,5.9375,5.875,5.5625,5.78125,-0.0625,-0.21875,-6.234143123479477e-10,-1.691945030139583e-16,8.227264246274575e-18,0.009335204158447475,0.034049169318867624,0.035712966421491625,0.03851388889712125,0.06448581825002644,0.07592631373717969,0.08796568345868014,0.10984230528977718,0.1150943371126241,0.8331193055338124,0.49223934752842324,0.5548965758343138,0.28727406416685536,0.0016637971026240012
dePablo CV2,test,54,159,-0.3100257281336626,0.004904994286506589,0.0098195820926969,-0.7069917277768952,-0.6035279500434696,-0.88939833512818,-0.2858703850847104,0.2888911483549076,-0.1185269977413971,-0.014849170575490393,-1.3876114271827569,1.4382566812391415,2.8258681084218984,2.8258681084218984,2.6249141972632093,74,5.551115123125783e-17,159,212,610,0.027273540194938745,5.754716981132075,0.8277193120393906,8.0,4.0,15.787769317626953,15.882320404052734,0.9940467712512805,0.04811501502990723,-0.024699926376342773,2.67506665250317,4.1539329961404325,0.29884257912635803,21.6320858001709,0.8507134486417302,0.341537159700037,0.31937527656555176,3.3462793827056885,5.71875,5.6875,5.90625,5.6875,-0.03125,0.21875,1.3801686837347059e-17,5.165703860735796e-16,3.2712684944791455e-10,0.018128393844853364,0.024116261322320885,0.028364168799277317,0.032880929533428915,0.0472189210354149,0.06238664147121745,0.06944311959992314,0.07560742315761947,0.07858290235340903,0.6458985998547679,0.545853950893479,0.6289882871472973,0.7608877138965392,0.004247907476956431
dePablo CV2,test,55,138,0.037337759212293,0.005090543957574627,0.0101880534282377,0.5217894766407821,0.4195605424929937,0.6124948074765999,0.19293426498360622,0.19293426498360622,0.21485186449342608,0.2115296181227921,-1.5938337882780589,1.9972056069506523,3.5910393952287114,3.5910393952287114,3.628254744579059,52,0.0,138,160,460,0.036163522012578615,5.75,0.733143914930759,7.0,4.0,13.709230422973633,13.811869621276855,0.9925687686665454,-0.06941485404968262,-0.010354995727539062,2.497821477768214,3.6351394787738585,0.291751891374588,18.516963958740234,0.8545383555733639,0.2646469886320621,0.45118895173072815,3.427288770675659,5.916666666666667,5.791666666666667,5.75,5.625,-0.125,0.125,-4.500537722844914e-10,2.972740990504069e-16,1.1669228841264232e-15,0.03844149837028514,0.04326861422505087,0.04681524954513717,0.08423923949569573,0.10079383066171964,0.11498033571702931,0.1254387574904631,0.1444188403470138,0.15588539265935636,0.6573596572968974,0.11710196328916418,0.5471869289288686,0.8920938071941455,0.003546635320086297
dePablo CV2,test,56,164,0.3480696477983587,0.004528074253960645,0.0090378838276875,1.5670910494280335,1.3021576463527718,1.7820035196701305,0.47984587331735873,0.47984587331735873,0.5937843973367558,-0.20427984305695213,-2.0867157643180163,1.790189114280031,3.8769048785980473,3.8769048785980473,3.6198978074570074,23,0.0,164,228,657,0.025388360769765823,5.7631578947368425,0.8250744950837307,8.0,4.0,16.24496078491211,16.284259796142578,0.9975866872843814,-0.014739990234375,0.038840293884277344,2.319708226841153,3.9227299470001484,0.7341413497924805,21.993183135986328,0.8645146062747892,0.12739419849801312,0.6256746053695679,1.3621512651443481,5.742857142857143,5.885714285714286,5.6571428571428575,5.771428571428571,0.14285714285714324,-0.11428571428571388,-4.777378619151322e-13,1.897753381484192e-16,3.5827149664293874e-16,0.034514996389878906,0.044826131681618094,0.04725676602625708,0.08119609623748003,0.10191427113106274,0.11047230467753957,0.11346322890477425,0.12157882512714674,0.12743815730624697,0.703384191783249,0.12061642209492515,0.70526591175997,0.9189935745009883,0.002430634344638985
dePablo CV2,test,57,149,-0.3942740135525513,0.00541977661917043,0.0108680638955557,-1.1443562944603736,-0.9534993930568288,-1.4540203577498294,-0.5005209646930006,0.5028383669079558,-0.23153595135248858,-0.11666787559294348,-1.3468657071314454,1.309424780359863,2.6562904874913085,2.6562904874913085,2.192412806252062,7,0.0,149,188,539,0.030663329161451813,5.73404255319149,0.7878807004802351,7.0,4.0,14.893219947814941,14.5829496383667,1.0212762381508844,-0.0351099967956543,-0.12728500366210938,2.668990255231539,3.908929924551324,0.3034708797931671,19.399099349975586,0.8526453897218758,0.3748616000815794,0.34999433159828186,3.2952880859375,5.758620689655173,5.724137931034483,5.724137931034483,5.793103448275862,-0.0344827586206895,-0.068965517241379,-1.0089567627777744e-15,5.623278687029257e-16,1.7257696979386746e-09,0.0073467592885074935,0.022322729533868553,0.02585404269085624,0.026206529795145768,0.03941788255346793,0.0516685978441361,0.05714382362411375,0.07120155715045873,0.08357002557963224,0.6613913545901332,0.45187174157048793,0.4580930638375593,0.2806611603335049,0.003531313156987688
dePablo CV2,test,58,141,0.3407780379320012,0.00507684323542034,0.0101749508475823,1.5610948470293657,1.3822374893741791,1.7067319672353662,0.3244944778611871,0.3244944778611871,0.40025818457575774,-0.08600538796942556,-2.0368356194221486,1.9414213021476376,3.9782569215697863,3.9782569215697863,3.8026849632221116,75,5.551115123125783e-17,141,168,484,0.03450242372398061,5.761904761904762,0.7656159614673108,7.0,4.0,14.053150177001953,14.163829803466797,0.9921857556889201,-0.030154943466186523,0.020164966583251953,2.4221778308803383,3.7372984510921587,0.7288114428520203,19.119014739990234,0.8631891196916911,0.12415048536942128,0.6328815221786499,1.3721193075180054,5.615384615384615,5.884615384615385,5.730769230769231,5.769230769230769,0.26923076923077005,-0.038461538461538325,-1.6032950476807978e-09,-1.2084581491331397e-15,3.668773191646681e-16,0.04863038304442185,0.05658567782208597,0.06256679573196602,0.09981652511726684,0.12226376702646752,0.1431204776611528,0.15067280129451452,0.1544175679403871,0.17341468443884175,0.6422542196999204,0.7224462075325476,0.6201954602103407,0.24123473194602224,0.005981117909880054
dePablo CV2,test,59,146,0.1557504796115596,0.004660547039931756,0.009297888334368,0.9947739074988673,0.859357529393085,1.1195814571588751,0.2602239277657902,0.2602239277657902,0.28401051891318013,0.002776393305260359,-2.0198436136741145,2.0390712415907672,4.058914855264882,4.058914855264882,4.025467455502936,25,2.7755575615628914e-17,146,180,522,0.03240223463687151,5.8,0.7483314773547882,7.0,4.0,14.340980529785156,14.693090438842773,0.976035680817238,-0.16469979286193848,-0.0005447864532470703,2.4710934177554886,3.794044770285123,0.44590330123901367,19.444528579711914,0.8724255342022212,0.2557077578593375,0.48711052536964417,2.2424893379211426,5.814814814814815,5.703703703703703,5.7407407407407405,5.703703703703703,-0.1111111111111116,0.0370370370370372,4.603390039084616e-17,7.91725152426692e-16,2.0594319911285402e-10,0.0364667850468316,0.04475858121518278,0.048087652137297834,0.07936492477674352,0.09508480572904247,0.1325758296423296,0.14567424663365056,0.15710726240588757,0.16551020577754447,0.6843356932105655,0.06915443748058474,0.627870581595374,0.9222013283112594,0.0033290709221150544
dePablo CV2,test,60,169,-0.4204057219757763,0.005468464200644322,0.0109781278205714,-1.3388332604800852,-1.15901298263118,-1.609796187637662,-0.45078320500648217,0.4538487875545989,-0.2612597635187608,0.22996489417238433,-1.1652685430245184,1.833319730181956,2.998588273206474,2.998588273206474,2.509886731992643,62,0.0,169,240,691,0.02409344490934449,5.758333333333334,0.7905254932989546,8.0,4.0,16.96908950805664,16.701038360595703,1.016049968970395,-0.007215023040771484,-0.06872987747192383,2.6880789343941576,4.2620843315824954,0.32705917954444885,22.568992614746094,0.8386063773276664,0.3668876355605941,0.33173996210098267,3.0576229095458984,5.583333333333333,5.972222222222222,5.75,5.833333333333333,0.3888888888888893,-0.08333333333333304,2.0417560355012274e-16,3.6909272827214115e-16,9.493621264823293e-10,0.019620831586840307,0.021312400336530035,0.025640808495403032,0.04374858861663029,0.04653309079243131,0.05127953836284655,0.06038374692262187,0.06288036863674079,0.0697809435667945,0.47370640407355535,0.2277352001097162,0.6381329508895122,0.7972162758675719,0.004328408158872997
dePablo CV2,test,61,151,0.1881998080526484,0.0047842786053170425,0.0095385905321632,1.1001881011035006,0.9306506349842302,1.2473734803977414,0.31672284541351126,0.31672284541351126,0.36900019896774394,0.09685152924058088,-1.886093981697532,2.1169430292108493,4.003037010908381,4.003037010908381,3.917567877653498,91,0.0,151,192,554,0.030213787085514834,5.770833333333333,0.7968579791210533,8.0,3.0,14.918310165405273,15.187580108642578,0.9822703853206953,-0.11762499809265137,0.010950088500976562,2.4826777248175995,3.90249073705019,0.3632611632347107,20.19861602783203,0.8698598883427437,0.23129844107335676,0.5267282128334045,2.752892017364502,5.9655172413793105,5.517241379310345,5.689655172413793,5.758620689655173,-0.4482758620689653,-0.06896551724137989,-4.6127529193244243e-10,-9.929520455139996e-16,-8.869931224677589e-16,0.021671349696020477,0.03505465345194653,0.044929554475619846,0.04993477749478679,0.08503121616059388,0.1056223999320658,0.1431427344058618,0.14932984336676938,0.1497124591118292,0.8112607562119498,0.5549187324645215,0.669639066013449,0.507682800462686,0.009874901023673319
dePablo CV2,test,62,158,0.3487693642166894,0.004972651225422507,0.0099453522166072,1.6463020922556475,1.4575137760606562,1.7898624628469544,0.33234868678629814,0.33234868678629814,0.4346785788423848,-0.3178924827269415,-2.2253878180495708,1.7119757217409124,3.937363539790483,3.937363539790483,3.6528863272024616,54,5.551115123125783e-17,158,212,607,0.027139408030045605,5.726415094339623,0.7834733847922477,7.0,3.0,15.767240524291992,15.708620071411133,1.003731737900234,-0.05519986152648926,-0.04132986068725586,2.3394932850974395,3.8655308966504682,0.7785652279853821,21.13717269897461,0.8658265706145587,0.12164774342576168,0.6383066773414612,1.2843754291534424,5.71875,5.75,5.75,5.71875,0.03125,0.03125,-3.9626186689541755e-10,-5.588943373279217e-16,-2.400448734636038e-16,0.03789895178800117,0.04449149590984116,0.048428944793319786,0.0751952336919378,0.10596308129992447,0.11166007029326117,0.119854238012804,0.12974624465873624,0.13367837925491238,0.7051503682760973,0.7640531111316298,0.678496060685099,0.21815341777096722,0.003937448883478627
dePablo CV2,test,63,123,-0.5381298285827363,0.004966081767262335,0.0099370890875837,-1.3961732811671967,-1.1303611733244965,-1.788255842446313,-0.6578946691218166,0.659373671058266,-0.3815002454696332,0.37054202744420456,-0.9488507190235186,1.9049473480146504,2.853798067038169,2.853798067038169,2.3464707394173567,66,0.0,123,128,364,0.04478346456692913,5.6875,0.8172935519138763,7.0,4.0,12.37894058227539,12.38521957397461,0.9994930254032466,-0.011080026626586914,0.0011599063873291016,2.7674922155482427,3.521430544836049,0.2962277829647064,14.564435958862305,0.8476186321823151,0.3784052313006701,0.32268938422203064,3.3758857250213623,5.5,5.85,5.8,5.85,0.34999999999999964,-0.04999999999999982,-3.836812967422843e-11,1.0022188148498463e-16,1.648461642917656e-16,0.02783110763883459,0.034088081316200634,0.03833908572491471,0.04798567484545603,0.06278108776285853,0.06666873436367829,0.08178828941034492,0.09062425014535855,0.10549421732913401,0.22963484447296134,0.47281697232916253,0.5544715308461906,0.2681893247715741,0.004251004408714072
dePablo CV2,test,64,123,-0.2391919054270432,0.005777172032559787,0.0107804982360249,-0.3922982468591883,-0.4060041789637,-0.4085186877508938,-0.002514508787193781,0.023621840475605504,0.060996608029900104,-0.17565035055662714,-1.3604482345894455,1.0094531720864182,2.3699014066758637,2.3699014066758637,2.347719231081436,40,5.551115123125783e-17,123,128,368,0.045275590551181105,5.75,0.7905694150420949,7.0,4.0,12.371450424194336,12.402740478515625,0.9974771660847463,0.013594865798950195,0.014079809188842773,2.7829422891625892,3.591523897183385,0.41574692726135254,16.40595054626465,0.8274124881009692,0.28889896300721896,0.3763071298599243,2.4053423404693604,5.7,5.7,5.4,5.75,0.0,-0.34999999999999964,-6.371210027979126e-17,1.4421800570391148e-15,7.797976114294393e-10,0.030580616847195496,0.04047812390963173,0.04462577470366686,0.05205345147920172,0.063955522427435,0.07333129874744118,0.08529557272353777,0.10586605539664648,0.12648631957337067,0.23700189846338574,0.3751672520615118,0.5407818995632965,0.40572949247694734,0.004147650794035132
dePablo CV2,test,65,161,-0.0600070150824272,0.0047595165082243655,0.0094820319827146,0.0805222811558725,0.0588596328128712,0.0775389259631749,0.018679293150303693,0.028115857821847896,0.06598189581570482,-0.028292479954669474,-1.6069680291554838,1.5571024457444778,3.1640704748999617,3.1640704748999617,3.1404628513587753,63,2.0816681711721685e-17,161,220,629,0.026110419261104193,5.718181818181818,0.8647839265790161,8.0,4.0,16.06616973876953,15.915800094604492,1.0094478218670273,0.04199504852294922,0.08701014518737793,2.517685099275389,4.027639533684778,0.33540666103363037,21.56450080871582,0.8568417013449585,0.3107453518219913,0.35383686423301697,2.981243371963501,5.424242424242424,5.757575757575758,5.757575757575758,5.696969696969697,0.3333333333333339,0.06060606060606055,-1.1984808564079634e-16,7.346833447707731e-17,7.687638309765528e-10,0.02570859242703876,0.0320830604312673,0.034903039557713164,0.05525023834957704,0.07787288843061725,0.0842307256496669,0.09110649584721985,0.09928608331573445,0.10592376249489589,0.6676620013852639,0.38720963016310606,0.646442992028456,0.4751110788379421,0.002819979126445861
dePablo CV2,test,66,115,-0.4425836976874488,0.005655182213110101,0.0113269177178051,-1.0720556202413145,-0.922450950969102,-1.3135421834945862,-0.39109123252548417,0.39332602132356376,-0.1782569458621378,-0.019865376361494772,-1.2841842940834762,1.3951223527526233,2.6793066468360998,2.6793066468360998,2.3281895225289273,24,0.0,115,112,320,0.05148005148005148,5.714285714285714,0.8390957231764807,7.0,4.0,11.341119766235352,11.355500221252441,0.9987336132502401,0.029429912567138672,-0.03261995315551758,2.490526631753892,3.0806538232399627,0.39795687794685364,14.823572158813477,0.8438441089354456,0.36576181984338785,0.35344529151916504,2.5128772258758545,5.352941176470588,5.647058823529412,5.764705882352941,5.705882352941177,0.29411764705882426,0.0588235294117645,-4.13546598796189e-16,5.761665066454524e-16,2.4850049482121773e-10,0.03048809414733087,0.03779523515119001,0.05822633117856769,0.06834884828364003,0.08575650835156727,0.09682773308327144,0.11200858929162992,0.11793863857735482,0.14252705170319327,0.7019870777867653,0.6684757105881577,0.4437009817210555,0.23008621729238896,0.02043109602737768
dePablo CV2,test,67,111,-0.5734598575106268,0.005268320135957108,0.0105070576665983,-1.3766780251773214,-1.1851206817763824,-1.676983392991804,-0.4918627112154217,0.49285689685853407,-0.22957444257757004,0.02841039209610329,-1.039181653488386,1.3299070417838568,2.369088695272243,2.369088695272243,1.7998522833897659,61,0.0,111,104,298,0.05563853622106049,5.730769230769231,0.7368170792564621,7.0,4.0,11.158300399780273,11.03557014465332,1.0111213334262041,0.014549970626831055,-0.01349496841430664,2.706374246302067,3.2172828082188727,0.3498660922050476,14.59602165222168,0.8610216283158167,0.43494146179566545,0.29531916975975037,2.8583898544311523,5.8125,5.5625,5.625,5.5,-0.25,0.125,-9.319875643446734e-10,-2.2813046779850535e-16,3.9517023382897156e-16,0.030825420016133535,0.04164997684035164,0.048799178151270946,0.0620080755931969,0.07436969276484975,0.08134462843501435,0.10064253270068095,0.11078902489471869,0.1283518753188129,0.5091255489937698,0.792571632971089,0.646084028105724,0.2567746591831076,0.007149201310919305
dePablo CV2,test,68,154,-0.481852099538911,0.006312682324799605,0.0127505557790053,-1.5010372389589046,-1.210849463160785,-1.8855632722294944,-0.6747138090687095,0.6766836614167562,-0.4699040675523559,-0.020367489965657258,-1.1376297073320818,1.3349347594116274,2.472564466743709,2.472564466743709,1.8967222933642938,92,0.0,154,200,574,0.02884422110552764,5.74,0.8200000000000001,7.0,4.0,15.39784049987793,15.47898006439209,0.9947580806889975,-0.04824995994567871,-0.007279872894287109,2.9179291880400755,4.318273009762692,0.3256721794605255,21.03162384033203,0.836032706530252,0.3760753091122015,0.3459790349006653,3.070321798324585,5.466666666666667,5.8,5.8,5.9,0.33333333333333304,-0.10000000000000053,-8.70201303818171e-10,-5.998200102404802e-16,9.054268901566478e-16,0.011169586565857788,0.021980887053374813,0.023780477039130946,0.029352223921043002,0.04350259514012636,0.046972125918855606,0.05323774653941398,0.05879844116797008,0.06408047841901991,0.5383576484953997,0.5722725681198771,0.5509004850515374,0.6557136827269695,0.0017995899857561337
dePablo CV2,test,69,147,-0.4669767574585872,0.0040639373739161785,0.0080187329148721,-1.0714615694972458,-0.8515352091241131,-1.420570602376556,-0.569035393252443,0.5705910241362572,-0.27915511448877767,0.043181042604870504,-1.2285881418864435,1.557289881058283,2.7858780229447264,2.7858780229447264,2.2159527619514923,73,0.0,147,184,523,0.03106438583986695,5.684782608695652,0.7998552562819665,8.0,4.0,14.640619277954102,14.613519668579102,1.0018544204263993,0.042619943618774414,-0.08230996131896973,2.740650199054532,3.997961674369279,0.29181042313575745,19.68142318725586,0.8455315007762289,0.37314806367844905,0.3103589415550232,3.4268555641174316,5.642857142857143,5.821428571428571,5.535714285714286,5.857142857142857,0.17857142857142794,-0.3214285714285712,-6.065779801571993e-16,4.352902926833622e-16,7.03055653857621e-10,0.02168230540367318,0.022798162581122407,0.028179476164640036,0.04519660161864134,0.048772480002538456,0.05961131658245753,0.06905663059638277,0.07127831187828336,0.07816825915249413,0.5285540507835547,0.7445987160155695,0.6969448112174959,0.230139795366596,0.005381313583517629
