target,descriptor,standardized_weight,target_r2
mean_z0,node_count,-0.11151236654434606,0.9730184994798117
mean_z0,edge_count,-1.0011292273624415,0.9730184994798117
mean_z0,edge_density,0.5463440881463895,0.9730184994798117
mean_z0,mean_degree,0.0717178015623507,0.9730184994798117
mean_z0,std_degree,0.03224014234553359,0.9730184994798117
mean_z0,max_degree,-0.012944376872072528,0.9730184994798117
mean_z0,x_span0,0.29212907694203416,0.9730184994798117
mean_z0,y_span0,0.3442160112074414,0.9730184994798117
mean_z0,aspect_ratio0,0.008199347079753937,0.9730184994798117
mean_z0,edge_len_mean,-0.6654068557480928,0.9730184994798117
mean_z0,edge_len_std,1.372692520766931,0.9730184994798117
mean_z0,edge_len_min,-0.6032933999607697,0.9730184994798117
mean_z0,edge_len_max,-0.09726420455438199,0.9730184994798117
mean_z0,stiffness_mean,0.2843509911785368,0.9730184994798117
mean_z0,stiffness_std,-0.653728120479643,0.9730184994798117
mean_z0,stiffness_min,0.10668866504449113,0.9730184994798117
mean_z0,stiffness_max,-0.1748363390739473,0.9730184994798117
final_z0,node_count,-0.021081377237040167,0.974194834079527
final_z0,edge_count,-1.0463113772894028,0.974194834079527
final_z0,edge_density,0.5298841059702877,0.974194834079527
final_z0,mean_degree,0.07665723697009026,0.974194834079527
final_z0,std_degree,0.02829494989980692,0.974194834079527
final_z0,max_degree,-0.010276069802135558,0.974194834079527
final_z0,x_span0,0.39782675218370095,0.974194834079527
final_z0,y_span0,0.2326875481275667,0.974194834079527
final_z0,aspect_ratio0,0.005097193875610026,0.974194834079527
final_z0,edge_len_mean,-0.6248402231736178,0.974194834079527
final_z0,edge_len_std,1.2764421217231487,0.974194834079527
final_z0,edge_len_min,-0.6252346222375814,0.974194834079527
final_z0,edge_len_max,-0.08064529104710315,0.974194834079527
final_z0,stiffness_mean,0.2844451740559884,0.974194834079527
final_z0,stiffness_std,-0.6749689445417064,0.974194834079527
final_z0,stiffness_min,0.11752052036454551,0.974194834079527
final_z0,stiffness_max,-0.18379742495821624,0.974194834079527
slope_z0,node_count,0.06776431420566548,0.9743621523361392
slope_z0,edge_count,-1.0914806172601415,0.9743621523361392
slope_z0,edge_density,0.5185822352345283,0.9743621523361392
slope_z0,mean_degree,0.08224697733422019,0.9743621523361392
slope_z0,std_degree,0.02429898563108703,0.9743621523361392
slope_z0,max_degree,-0.008526645663730794,0.9743621523361392
slope_z0,x_span0,0.50903699109133,0.9743621523361392
slope_z0,y_span0,0.10749785342356506,0.9743621523361392
slope_z0,aspect_ratio0,0.0018556602742859079,0.9743621523361392
slope_z0,edge_len_mean,-0.5976758435558752,0.9743621523361392
slope_z0,edge_len_std,1.2026631796717473,0.9743621523361392
slope_z0,edge_len_min,-0.6463068700207879,0.9743621523361392
slope_z0,edge_len_max,-0.06453352196165225,0.9743621523361392
slope_z0,stiffness_mean,0.2839635328164224,0.9743621523361392
slope_z0,stiffness_std,-0.69000277100831,0.9743621523361392
slope_z0,stiffness_min,0.12380583226412392,0.9743621523361392
slope_z0,stiffness_max,-0.1940735699677673,0.9743621523361392
range_z0,node_count,0.06776431420566548,0.9743621523361392
range_z0,edge_count,-1.0914806172601415,0.9743621523361392
range_z0,edge_density,0.5185822352345283,0.9743621523361392
range_z0,mean_degree,0.08224697733422019,0.9743621523361392
range_z0,std_degree,0.02429898563108703,0.9743621523361392
range_z0,max_degree,-0.008526645663730794,0.9743621523361392
range_z0,x_span0,0.50903699109133,0.9743621523361392
range_z0,y_span0,0.10749785342356506,0.9743621523361392
range_z0,aspect_ratio0,0.0018556602742859079,0.9743621523361392
range_z0,edge_len_mean,-0.5976758435558752,0.9743621523361392
range_z0,edge_len_std,1.2026631796717473,0.9743621523361392
range_z0,edge_len_min,-0.6463068700207879,0.9743621523361392
range_z0,edge_len_max,-0.06453352196165225,0.9743621523361392
range_z0,stiffness_mean,0.2839635328164224,0.9743621523361392
range_z0,stiffness_std,-0.69000277100831,0.9743621523361392
range_z0,stiffness_min,0.12380583226412392,0.9743621523361392
range_z0,stiffness_max,-0.1940735699677673,0.9743621523361392
mean_z1,node_count,-0.12959796637242518,0.9712622932823237
mean_z1,edge_count,-1.031552087959328,0.9712622932823237
mean_z1,edge_density,0.551830353069448,0.9712622932823237
mean_z1,mean_degree,0.07202097457831869,0.9712622932823237
mean_z1,std_degree,0.033194369592128896,0.9712622932823237
mean_z1,max_degree,-0.012530907206533545,0.9712622932823237
mean_z1,x_span0,0.2938921555745647,0.9712622932823237
mean_z1,y_span0,0.3735666992176195,0.9712622932823237
mean_z1,aspect_ratio0,0.007814365012099514,0.9712622932823237
mean_z1,edge_len_mean,-0.6801261594127262,0.9712622932823237
mean_z1,edge_len_std,1.4047856320254872,0.9712622932823237
mean_z1,edge_len_min,-0.609589272613549,0.9712622932823237
mean_z1,edge_len_max,-0.10239605281914911,0.9712622932823237
mean_z1,stiffness_mean,0.27762520540047614,0.9712622932823237
mean_z1,stiffness_std,-0.6531310938802823,0.9712622932823237
mean_z1,stiffness_min,0.1062613161442364,0.9712622932823237
mean_z1,stiffness_max,-0.17735398363628532,0.9712622932823237
final_z1,node_count,-0.024095167790452704,0.9733700747867594
final_z1,edge_count,-1.0657958556828224,0.9733700747867594
final_z1,edge_density,0.5318114044723914,0.9733700747867594
final_z1,mean_degree,0.0771134311265084,0.9733700747867594
final_z1,std_degree,0.02865881033005807,0.9733700747867594
final_z1,max_degree,-0.010118079856355771,0.9733700747867594
final_z1,x_span0,0.4021793947310132,0.9733700747867594
final_z1,y_span0,0.24106026533076208,0.9733700747867594
final_z1,aspect_ratio0,0.004553466595620917,0.9733700747867594
final_z1,edge_len_mean,-0.6319183832816986,0.9733700747867594
final_z1,edge_len_std,1.2920274456113585,0.9733700747867594
final_z1,edge_len_min,-0.6290212981138024,0.9733700747867594
final_z1,edge_len_max,-0.08295161888358134,0.9733700747867594
final_z1,stiffness_mean,0.28167881913892184,0.9733700747867594
final_z1,stiffness_std,-0.674769433261833,0.9733700747867594
final_z1,stiffness_min,0.11696099035937216,0.9733700747867594
final_z1,stiffness_max,-0.18549848532582056,0.9733700747867594
slope_z1,node_count,0.07755385344746062,0.9742115806303069
slope_z1,edge_count,-1.0980704699061208,0.9742115806303069
slope_z1,edge_density,0.5169771605719865,0.9742115806303069
slope_z1,mean_degree,0.08270413666592791,0.9742115806303069
slope_z1,std_degree,0.024086946231714576,0.9742115806303069
slope_z1,max_degree,-0.008629950462098203,0.9742115806303069
slope_z1,x_span0,0.5130583809229864,0.9742115806303069
slope_z1,y_span0,0.09761988355702347,0.9742115806303069
slope_z1,aspect_ratio0,0.0012556859680704954,0.9742115806303069
slope_z1,edge_len_mean,-0.5975556229258212,0.9742115806303069
slope_z1,edge_len_std,1.2029044409593204,0.9742115806303069
slope_z1,edge_len_min,-0.6470229367688007,0.9742115806303069
slope_z1,edge_len_max,-0.06422704108160084,0.9742115806303069
slope_z1,stiffness_mean,0.28508804920557745,0.9742115806303069
slope_z1,stiffness_std,-0.6896652370118351,0.9742115806303069
slope_z1,stiffness_min,0.12303294958795892,0.9742115806303069
slope_z1,stiffness_max,-0.19484348343072092,0.9742115806303069
range_z1,node_count,0.07755385344746062,0.9742115806303069
range_z1,edge_count,-1.0980704699061208,0.9742115806303069
range_z1,edge_density,0.5169771605719865,0.9742115806303069
range_z1,mean_degree,0.08270413666592791,0.9742115806303069
range_z1,std_degree,0.024086946231714576,0.9742115806303069
range_z1,max_degree,-0.008629950462098203,0.9742115806303069
range_z1,x_span0,0.5130583809229864,0.9742115806303069
range_z1,y_span0,0.09761988355702347,0.9742115806303069
range_z1,aspect_ratio0,0.0012556859680704954,0.9742115806303069
range_z1,edge_len_mean,-0.5975556229258212,0.9742115806303069
range_z1,edge_len_std,1.2029044409593204,0.9742115806303069
range_z1,edge_len_min,-0.6470229367688007,0.9742115806303069
range_z1,edge_len_max,-0.06422704108160084,0.9742115806303069
range_z1,stiffness_mean,0.28508804920557745,0.9742115806303069
range_z1,stiffness_std,-0.6896652370118351,0.9742115806303069
range_z1,stiffness_min,0.12303294958795892,0.9742115806303069
range_z1,stiffness_max,-0.19484348343072092,0.9742115806303069
mean_z0_aligned,node_count,0.21230039006849302,0.9818922846738737
mean_z0_aligned,edge_count,-0.44238285875747335,0.9818922846738737
mean_z0_aligned,edge_density,0.4392695528657527,0.9818922846738737
mean_z0_aligned,mean_degree,0.065084079719953,0.9818922846738737
mean_z0_aligned,std_degree,0.014700315816468275,0.9818922846738737
mean_z0_aligned,max_degree,-0.020079904751885685,0.9818922846738737
mean_z0_aligned,x_span0,0.25570764217932124,0.9818922846738737
mean_z0_aligned,y_span0,-0.1841095675575185,0.9818922846738737
mean_z0_aligned,aspect_ratio0,0.014909750345066697,0.9818922846738737
mean_z0_aligned,edge_len_mean,-0.3919474029342195,0.9818922846738737
mean_z0_aligned,edge_len_std,0.777805849235071,0.9818922846738737
mean_z0_aligned,edge_len_min,-0.48082650406304744,0.9818922846738737
mean_z0_aligned,edge_len_max,-0.004248642959507744,0.9818922846738737
mean_z0_aligned,stiffness_mean,0.3991488782388671,0.9818922846738737
mean_z0_aligned,stiffness_std,-0.6530707640439601,0.9818922846738737
mean_z0_aligned,stiffness_min,0.112453202885889,0.9818922846738737
mean_z0_aligned,stiffness_max,-0.12700957237797172,0.9818922846738737
final_z0_aligned,node_count,0.04423923332459913,0.9823184360989118
final_z0_aligned,edge_count,-0.6173795399034673,0.9823184360989118
final_z0_aligned,edge_density,0.4843513780075303,0.9823184360989118
final_z0_aligned,mean_degree,0.06623471919087671,0.9823184360989118
final_z0_aligned,std_degree,0.020221153823362703,0.9823184360989118
final_z0_aligned,max_degree,-0.01361744659002335,0.9823184360989118
final_z0_aligned,x_span0,0.30081258707126846,0.9823184360989118
final_z0_aligned,y_span0,0.0499500563288482,0.9823184360989118
final_z0_aligned,aspect_ratio0,0.01681707013244913,0.9823184360989118
final_z0_aligned,edge_len_mean,-0.4672390876782223,0.9823184360989118
final_z0_aligned,edge_len_std,0.9301456654395177,0.9823184360989118
final_z0_aligned,edge_len_min,-0.5388022631484457,0.9823184360989118
final_z0_aligned,edge_len_max,-0.030188354787796613,0.9823184360989118
final_z0_aligned,stiffness_mean,0.34219053068382477,0.9823184360989118
final_z0_aligned,stiffness_std,-0.674367586632083,0.9823184360989118
final_z0_aligned,stiffness_min,0.12876338851137817,0.9823184360989118
final_z0_aligned,stiffness_max,-0.14567697253992848,0.9823184360989118
slope_z0_aligned,node_count,-0.19702039553682377,0.9747903237056494
slope_z0_aligned,edge_count,-0.9104240685886104,0.9747903237056494
slope_z0_aligned,edge_density,0.5605696096861672,0.9747903237056494
slope_z0_aligned,mean_degree,0.06966892500403374,0.9747903237056494
slope_z0_aligned,std_degree,0.029964789035731593,0.9747903237056494
slope_z0_aligned,max_degree,-0.005711453309962418,0.9747903237056494
slope_z0_aligned,x_span0,0.398971901929563,0.9747903237056494
slope_z0_aligned,y_span0,0.3742008561272684,0.9747903237056494
slope_z0_aligned,aspect_ratio0,0.018067417931258278,0.9747903237056494
slope_z0_aligned,edge_len_mean,-0.5993160129803832,0.9747903237056494
slope_z0_aligned,edge_len_std,1.1929038546157507,0.9747903237056494
slope_z0_aligned,edge_len_min,-0.6252120177030891,0.9747903237056494
slope_z0_aligned,edge_len_max,-0.07264365751807902,0.9747903237056494
slope_z0_aligned,stiffness_mean,0.25280429665132315,0.9747903237056494
slope_z0_aligned,stiffness_std,-0.6972681243587431,0.9747903237056494
slope_z0_aligned,stiffness_min,0.1443627849563168,0.9747903237056494
slope_z0_aligned,stiffness_max,-0.17274096000583464,0.9747903237056494
range_z0_aligned,node_count,-0.19702039553682377,0.9747903237056494
range_z0_aligned,edge_count,-0.9104240685886104,0.9747903237056494
range_z0_aligned,edge_density,0.5605696096861672,0.9747903237056494
range_z0_aligned,mean_degree,0.06966892500403374,0.9747903237056494
range_z0_aligned,std_degree,0.029964789035731593,0.9747903237056494
range_z0_aligned,max_degree,-0.005711453309962418,0.9747903237056494
range_z0_aligned,x_span0,0.398971901929563,0.9747903237056494
range_z0_aligned,y_span0,0.3742008561272684,0.9747903237056494
range_z0_aligned,aspect_ratio0,0.018067417931258278,0.9747903237056494
range_z0_aligned,edge_len_mean,-0.5993160129803832,0.9747903237056494
range_z0_aligned,edge_len_std,1.1929038546157507,0.9747903237056494
range_z0_aligned,edge_len_min,-0.6252120177030891,0.9747903237056494
range_z0_aligned,edge_len_max,-0.07264365751807902,0.9747903237056494
range_z0_aligned,stiffness_mean,0.25280429665132315,0.9747903237056494
range_z0_aligned,stiffness_std,-0.6972681243587431,0.9747903237056494
range_z0_aligned,stiffness_min,0.1443627849563168,0.9747903237056494
range_z0_aligned,stiffness_max,-0.17274096000583464,0.9747903237056494
mean_z1_aligned,node_count,0.32684764769613683,0.9746206235865184
mean_z1_aligned,edge_count,-0.23829140272302457,0.9746206235865184
mean_z1_aligned,edge_density,0.39733693689777166,0.9746206235865184
mean_z1_aligned,mean_degree,0.06218472697055353,0.9746206235865184
mean_z1_aligned,std_degree,0.008287126766197393,0.9746206235865184
mean_z1_aligned,max_degree,-0.02248146399057271,0.9746206235865184
mean_z1_aligned,x_span0,0.24059815902881743,0.9746206235865184
mean_z1_aligned,y_span0,-0.3722940296271639,0.9746206235865184
mean_z1_aligned,aspect_ratio0,0.017199860590449662,0.9746206235865184
mean_z1_aligned,edge_len_mean,-0.29066523839817365,0.9746206235865184
mean_z1_aligned,edge_len_std,0.5580712747183423,0.9746206235865184
mean_z1_aligned,edge_len_min,-0.43303777791810777,0.9746206235865184
mean_z1_aligned,edge_len_max,0.02917444188794976,0.9746206235865184
mean_z1_aligned,stiffness_mean,0.437179907445683,0.9746206235865184
mean_z1_aligned,stiffness_std,-0.6476362103347285,0.9746206235865184
mean_z1_aligned,stiffness_min,0.11362731399166527,0.9746206235865184
mean_z1_aligned,stiffness_max,-0.10883044719012308,0.9746206235865184
final_z1_aligned,node_count,0.07461368320104256,0.9796629045921307
final_z1_aligned,edge_count,-0.41358245395742976,0.9796629045921307
final_z1_aligned,edge_density,0.4607148272693043,0.9796629045921307
final_z1_aligned,mean_degree,0.061037708558040776,0.9796629045921307
final_z1_aligned,std_degree,0.016343950308941133,0.9796629045921307
final_z1_aligned,max_degree,-0.015116909759643759,0.9796629045921307
final_z1_aligned,x_span0,0.2539478142856089,0.9796629045921307
final_z1_aligned,y_span0,-0.035854569955545146,0.9796629045921307
final_z1_aligned,aspect_ratio0,0.022224416833582627,0.9796629045921307
final_z1_aligned,edge_len_mean,-0.3912089842247512,0.9796629045921307
final_z1_aligned,edge_len_std,0.7635465042083348,0.9796629045921307
final_z1_aligned,edge_len_min,-0.4957543192242584,0.9796629045921307
final_z1_aligned,edge_len_max,-0.006417829657232437,0.9796629045921307
final_z1_aligned,stiffness_mean,0.36759314154000844,0.9796629045921307
final_z1_aligned,stiffness_std,-0.6708612527167047,0.9796629045921307
final_z1_aligned,stiffness_min,0.13341206396075525,0.9796629045921307
final_z1_aligned,stiffness_max,-0.12713068055674367,0.9796629045921307
slope_z1_aligned,node_count,-0.36994324257620076,0.971265592412958
slope_z1_aligned,edge_count,-0.7892394940526875,0.971265592412958
slope_z1_aligned,edge_density,0.5865002485609467,0.971265592412958
slope_z1_aligned,mean_degree,0.061232120254309595,0.971265592412958
slope_z1_aligned,std_degree,0.03359247053007744,0.971265592412958
slope_z1_aligned,max_degree,-0.0038509626240281077,0.971265592412958
slope_z1_aligned,x_span0,0.3257381077695253,0.971265592412958
slope_z1_aligned,y_span0,0.547881743071457,0.971265592412958
slope_z1_aligned,aspect_ratio0,0.028637921403981862,0.971265592412958
slope_z1_aligned,edge_len_mean,-0.5987035392622303,0.971265592412958
slope_z1_aligned,edge_len_std,1.1831519112995534,0.971265592412958
slope_z1_aligned,edge_len_min,-0.6096314761379583,0.971265592412958
slope_z1_aligned,edge_len_max,-0.07775263829454115,0.971265592412958
slope_z1_aligned,stiffness_mean,0.2316782463842318,0.971265592412958
slope_z1_aligned,stiffness_std,-0.7000653377361764,0.971265592412958
slope_z1_aligned,stiffness_min,0.15742458738569795,0.971265592412958
slope_z1_aligned,stiffness_max,-0.15827833860451138,0.971265592412958
range_z1_aligned,node_count,-0.36994324257620076,0.971265592412958
range_z1_aligned,edge_count,-0.7892394940526875,0.971265592412958
range_z1_aligned,edge_density,0.5865002485609467,0.971265592412958
range_z1_aligned,mean_degree,0.061232120254309595,0.971265592412958
range_z1_aligned,std_degree,0.03359247053007744,0.971265592412958
range_z1_aligned,max_degree,-0.0038509626240281077,0.971265592412958
range_z1_aligned,x_span0,0.3257381077695253,0.971265592412958
range_z1_aligned,y_span0,0.547881743071457,0.971265592412958
range_z1_aligned,aspect_ratio0,0.028637921403981862,0.971265592412958
range_z1_aligned,edge_len_mean,-0.5987035392622303,0.971265592412958
range_z1_aligned,edge_len_std,1.1831519112995534,0.971265592412958
range_z1_aligned,edge_len_min,-0.6096314761379583,0.971265592412958
range_z1_aligned,edge_len_max,-0.07775263829454115,0.971265592412958
range_z1_aligned,stiffness_mean,0.2316782463842318,0.971265592412958
range_z1_aligned,stiffness_std,-0.7000653377361764,0.971265592412958
range_z1_aligned,stiffness_min,0.15742458738569795,0.971265592412958
range_z1_aligned,stiffness_max,-0.15827833860451138,0.971265592412958
