target,descriptor,pearson_r,abs_r
mean_z0,node_count,0.06750472926707772,0.06750472926707772
mean_z0,edge_count,0.06817830182809603,0.06817830182809603
mean_z0,edge_density,-0.0948681867105979,0.0948681867105979
mean_z0,mean_degree,0.06151949694327654,0.06151949694327654
mean_z0,std_degree,0.026515216821351016,0.026515216821351016
mean_z0,max_degree,-0.0184006083449402,0.0184006083449402
mean_z0,x_span0,0.0731933472154992,0.0731933472154992
mean_z0,y_span0,0.08383989478294669,0.08383989478294669
mean_z0,aspect_ratio0,-0.1429339202502647,0.1429339202502647
mean_z0,edge_len_mean,-0.7614434713425688,0.7614434713425688
mean_z0,edge_len_std,-0.058883794037469656,0.058883794037469656
mean_z0,edge_len_min,0.5188344872090812,0.5188344872090812
mean_z0,edge_len_max,0.14919152447013267,0.14919152447013267
mean_z0,stiffness_mean,0.8217409640624859,0.8217409640624859
mean_z0,stiffness_std,-0.8167251181790052,0.8167251181790052
mean_z0,stiffness_min,0.8301316777243203,0.8301316777243203
mean_z0,stiffness_max,-0.5211501933259941,0.5211501933259941
final_z0,node_count,0.06104658549517879,0.06104658549517879
final_z0,edge_count,0.06179055669889854,0.06179055669889854
final_z0,edge_density,-0.0882244880173308,0.0882244880173308
final_z0,mean_degree,0.06537244402832056,0.06537244402832056
final_z0,std_degree,0.024278871011348586,0.024278871011348586
final_z0,max_degree,-0.017682187482798668,0.017682187482798668
final_z0,x_span0,0.06675372536391526,0.06675372536391526
final_z0,y_span0,0.0772436607400466,0.0772436607400466
final_z0,aspect_ratio0,-0.1404279039725838,0.1404279039725838
final_z0,edge_len_mean,-0.7649408959425926,0.7649408959425926
final_z0,edge_len_std,-0.0658139739257909,0.0658139739257909
final_z0,edge_len_min,0.5191143959141578,0.5191143959141578
final_z0,edge_len_max,0.14326540168019744,0.14326540168019744
final_z0,stiffness_mean,0.8195289884606778,0.8195289884606778
final_z0,stiffness_std,-0.8178673823256433,0.8178673823256433
final_z0,stiffness_min,0.8311610997242808,0.8311610997242808
final_z0,stiffness_max,-0.5226845156305714,0.5226845156305714
slope_z0,node_count,0.05595810872027243,0.05595810872027243
slope_z0,edge_count,0.05678508353782658,0.05678508353782658
slope_z0,edge_density,-0.08263906954122219,0.08263906954122219
slope_z0,mean_degree,0.07000371451736993,0.07000371451736993
slope_z0,std_degree,0.02132576680247131,0.02132576680247131
slope_z0,max_degree,-0.017418040174849447,0.017418040174849447
slope_z0,x_span0,0.061602736306366306,0.061602736306366306
slope_z0,y_span0,0.07189716260367662,0.07189716260367662
slope_z0,aspect_ratio0,-0.13741453101281487,0.13741453101281487
slope_z0,edge_len_mean,-0.767957974388164,0.767957974388164
slope_z0,edge_len_std,-0.07169886350828546,0.07169886350828546
slope_z0,edge_len_min,0.5172036035357307,0.5172036035357307
slope_z0,edge_len_max,0.13859050191260897,0.13859050191260897
slope_z0,stiffness_mean,0.817812101059615,0.817812101059615
slope_z0,stiffness_std,-0.816998925424598,0.816998925424598
slope_z0,stiffness_min,0.8299927773007925,0.8299927773007925
slope_z0,stiffness_max,-0.5226292050673214,0.5226292050673214
range_z0,node_count,0.05595810872027243,0.05595810872027243
range_z0,edge_count,0.05678508353782658,0.05678508353782658
range_z0,edge_density,-0.08263906954122219,0.08263906954122219
range_z0,mean_degree,0.07000371451736993,0.07000371451736993
range_z0,std_degree,0.02132576680247131,0.02132576680247131
range_z0,max_degree,-0.017418040174849447,0.017418040174849447
range_z0,x_span0,0.061602736306366306,0.061602736306366306
range_z0,y_span0,0.07189716260367662,0.07189716260367662
range_z0,aspect_ratio0,-0.13741453101281487,0.13741453101281487
range_z0,edge_len_mean,-0.767957974388164,0.767957974388164
range_z0,edge_len_std,-0.07169886350828546,0.07169886350828546
range_z0,edge_len_min,0.5172036035357307,0.5172036035357307
range_z0,edge_len_max,0.13859050191260897,0.13859050191260897
range_z0,stiffness_mean,0.817812101059615,0.817812101059615
range_z0,stiffness_std,-0.816998925424598,0.816998925424598
range_z0,stiffness_min,0.8299927773007925,0.8299927773007925
range_z0,stiffness_max,-0.5226292050673214,0.5226292050673214
mean_z1,node_count,0.0654461170115478,0.0654461170115478
mean_z1,edge_count,0.06613012851067193,0.06613012851067193
mean_z1,edge_density,-0.09370940885367547,0.09370940885367547
mean_z1,mean_degree,0.06188171707121067,0.06188171707121067
mean_z1,std_degree,0.02781274494258872,0.02781274494258872
mean_z1,max_degree,-0.01752437100256219,0.01752437100256219
mean_z1,x_span0,0.07133890976102183,0.07133890976102183
mean_z1,y_span0,0.08206034402430157,0.08206034402430157
mean_z1,aspect_ratio0,-0.14408236473354327,0.14408236473354327
mean_z1,edge_len_mean,-0.7611257316289568,0.7611257316289568
mean_z1,edge_len_std,-0.06039343327242906,0.06039343327242906
mean_z1,edge_len_min,0.5176828527024216,0.5176828527024216
mean_z1,edge_len_max,0.14727863495622975,0.14727863495622975
mean_z1,stiffness_mean,0.8191323985212385,0.8191323985212385
mean_z1,stiffness_std,-0.8161298440538679,0.8161298440538679
mean_z1,stiffness_min,0.829071354042291,0.829071354042291
mean_z1,stiffness_max,-0.520781324964131,0.520781324964131
final_z1,node_count,0.05965248495007425,0.05965248495007425
final_z1,edge_count,0.060406005367241444,0.060406005367241444
final_z1,edge_density,-0.08728521132565517,0.08728521132565517
final_z1,mean_degree,0.06581962346608573,0.06581962346608573
final_z1,std_degree,0.024660730919824375,0.024660730919824375
final_z1,max_degree,-0.017495924282174165,0.017495924282174165
final_z1,x_span0,0.0654567940696459,0.0654567940696459
final_z1,y_span0,0.07599177880879103,0.07599177880879103
final_z1,aspect_ratio0,-0.14112520111033153,0.14112520111033153
final_z1,edge_len_mean,-0.7648292656647698,0.7648292656647698
final_z1,edge_len_std,-0.06690437435470696,0.06690437435470696
final_z1,edge_len_min,0.5181340248389018,0.5181340248389018
final_z1,edge_len_max,0.14196633433423447,0.14196633433423447
final_z1,stiffness_mean,0.818501869306017,0.818501869306017
final_z1,stiffness_std,-0.8172418443684322,0.8172418443684322
final_z1,stiffness_min,0.8303557291992992,0.8303557291992992
final_z1,stiffness_max,-0.5222632492795954,0.5222632492795954
slope_z1,node_count,0.05542436748548778,0.05542436748548778
slope_z1,edge_count,0.0562582640137954,0.0562582640137954
slope_z1,edge_density,-0.08211814276451508,0.08211814276451508
slope_z1,mean_degree,0.07042927677777149,0.07042927677777149
slope_z1,std_degree,0.0208217406472506,0.0208217406472506
slope_z1,max_degree,-0.017895029166353545,0.017895029166353545
slope_z1,x_span0,0.06105949975043527,0.06105949975043527
slope_z1,y_span0,0.07137098916647643,0.07137098916647643
slope_z1,aspect_ratio0,-0.13769183137303323,0.13769183137303323
slope_z1,edge_len_mean,-0.7678804132075702,0.7678804132075702
slope_z1,edge_len_std,-0.07215290182297181,0.07215290182297181
slope_z1,edge_len_min,0.5164295664084383,0.5164295664084383
slope_z1,edge_len_max,0.13808061276098968,0.13808061276098968
slope_z1,stiffness_mean,0.8182778928180668,0.8182778928180668
slope_z1,stiffness_std,-0.8162969766817463,0.8162969766817463
slope_z1,stiffness_min,0.8293864190092061,0.8293864190092061
slope_z1,stiffness_max,-0.522149766999053,0.522149766999053
range_z1,node_count,0.05542436748548778,0.05542436748548778
range_z1,edge_count,0.0562582640137954,0.0562582640137954
range_z1,edge_density,-0.08211814276451508,0.08211814276451508
range_z1,mean_degree,0.07042927677777149,0.07042927677777149
range_z1,std_degree,0.0208217406472506,0.0208217406472506
range_z1,max_degree,-0.017895029166353545,0.017895029166353545
range_z1,x_span0,0.06105949975043527,0.06105949975043527
range_z1,y_span0,0.07137098916647643,0.07137098916647643
range_z1,aspect_ratio0,-0.13769183137303323,0.13769183137303323
range_z1,edge_len_mean,-0.7678804132075702,0.7678804132075702
range_z1,edge_len_std,-0.07215290182297181,0.07215290182297181
range_z1,edge_len_min,0.5164295664084383,0.5164295664084383
range_z1,edge_len_max,0.13808061276098968,0.13808061276098968
range_z1,stiffness_mean,0.8182778928180668,0.8182778928180668
range_z1,stiffness_std,-0.8162969766817463,0.8162969766817463
range_z1,stiffness_min,0.8293864190092061,0.8293864190092061
range_z1,stiffness_max,-0.522149766999053,0.522149766999053
mean_z0_aligned,node_count,0.10297885227403973,0.10297885227403973
mean_z0_aligned,edge_count,0.10345500652286141,0.10345500652286141
mean_z0_aligned,edge_density,-0.11385473967934748,0.11385473967934748
mean_z0_aligned,mean_degree,0.05401087405139502,0.05401087405139502
mean_z0_aligned,std_degree,0.00296412203411456,0.00296412203411456
mean_z0_aligned,max_degree,-0.03367831597035982,0.03367831597035982
mean_z0_aligned,x_span0,0.1049353760170041,0.1049353760170041
mean_z0_aligned,y_span0,0.11406532994184622,0.11406532994184622
mean_z0_aligned,aspect_ratio0,-0.12002685041999533,0.12002685041999533
mean_z0_aligned,edge_len_mean,-0.7539562065696377,0.7539562065696377
mean_z0_aligned,edge_len_std,-0.030998861999758442,0.030998861999758442
mean_z0_aligned,edge_len_min,0.530376304518855,0.530376304518855
mean_z0_aligned,edge_len_max,0.18066216710795494,0.18066216710795494
mean_z0_aligned,stiffness_mean,0.8539851625636192,0.8539851625636192
mean_z0_aligned,stiffness_std,-0.8132232661389974,0.8132232661389974
mean_z0_aligned,stiffness_min,0.8346753968696385,0.8346753968696385
mean_z0_aligned,stiffness_max,-0.5187203456528636,0.5187203456528636
final_z0_aligned,node_count,0.0907466081796091,0.0907466081796091
final_z0_aligned,edge_count,0.09127867919019302,0.09127867919019302
final_z0_aligned,edge_density,-0.10789195047185181,0.10789195047185181
final_z0_aligned,mean_degree,0.05522703139614647,0.05522703139614647
final_z0_aligned,std_degree,0.015845119476444226,0.015845119476444226
final_z0_aligned,max_degree,-0.02158098167636405,0.02158098167636405
final_z0_aligned,x_span0,0.09431109914513007,0.09431109914513007
final_z0_aligned,y_span0,0.10375054197617489,0.10375054197617489
final_z0_aligned,aspect_ratio0,-0.1243276223361998,0.1243276223361998
final_z0_aligned,edge_len_mean,-0.7617840798549349,0.7617840798549349
final_z0_aligned,edge_len_std,-0.04175700087990899,0.04175700087990899
final_z0_aligned,edge_len_min,0.5365325348245056,0.5365325348245056
final_z0_aligned,edge_len_max,0.17031177579073317,0.17031177579073317
final_z0_aligned,stiffness_mean,0.8357702249017954,0.8357702249017954
final_z0_aligned,stiffness_std,-0.8254373430166309,0.8254373430166309
final_z0_aligned,stiffness_min,0.8425227637855623,0.8425227637855623
final_z0_aligned,stiffness_max,-0.527987153633652,0.527987153633652
slope_z0_aligned,node_count,0.07023397272002826,0.07023397272002826
slope_z0_aligned,edge_count,0.07087163336947049,0.07087163336947049
slope_z0_aligned,edge_density,-0.09649673017438896,0.09649673017438896
slope_z0_aligned,mean_degree,0.058312667824274994,0.058312667824274994
slope_z0_aligned,std_degree,0.034891709494866675,0.034891709494866675
slope_z0_aligned,max_degree,-0.004478566780028118,0.004478566780028118
slope_z0_aligned,x_span0,0.07612005155906842,0.07612005155906842
slope_z0_aligned,y_span0,0.08592555897924795,0.08592555897924795
slope_z0_aligned,aspect_ratio0,-0.1295493589298966,0.1295493589298966
slope_z0_aligned,edge_len_mean,-0.7679866016270783,0.7679866016270783
slope_z0_aligned,edge_len_std,-0.059233570929504646,0.059233570929504646
slope_z0_aligned,edge_len_min,0.5367325091516932,0.5367325091516932
slope_z0_aligned,edge_len_max,0.15199917256394355,0.15199917256394355
slope_z0_aligned,stiffness_mean,0.803020161970482,0.803020161970482
slope_z0_aligned,stiffness_std,-0.8337721285230992,0.8337721285230992
slope_z0_aligned,stiffness_min,0.8441472714955023,0.8441472714955023
slope_z0_aligned,stiffness_max,-0.5341807600304604,0.5341807600304604
range_z0_aligned,node_count,0.07023397272002826,0.07023397272002826
range_z0_aligned,edge_count,0.07087163336947049,0.07087163336947049
range_z0_aligned,edge_density,-0.09649673017438896,0.09649673017438896
range_z0_aligned,mean_degree,0.058312667824274994,0.058312667824274994
range_z0_aligned,std_degree,0.034891709494866675,0.034891709494866675
range_z0_aligned,max_degree,-0.004478566780028118,0.004478566780028118
range_z0_aligned,x_span0,0.07612005155906842,0.07612005155906842
range_z0_aligned,y_span0,0.08592555897924795,0.08592555897924795
range_z0_aligned,aspect_ratio0,-0.1295493589298966,0.1295493589298966
range_z0_aligned,edge_len_mean,-0.7679866016270783,0.7679866016270783
range_z0_aligned,edge_len_std,-0.059233570929504646,0.059233570929504646
range_z0_aligned,edge_len_min,0.5367325091516932,0.5367325091516932
range_z0_aligned,edge_len_max,0.15199917256394355,0.15199917256394355
range_z0_aligned,stiffness_mean,0.803020161970482,0.803020161970482
range_z0_aligned,stiffness_std,-0.8337721285230992,0.8337721285230992
range_z0_aligned,stiffness_min,0.8441472714955023,0.8441472714955023
range_z0_aligned,stiffness_max,-0.5341807600304604,0.5341807600304604
mean_z1_aligned,node_count,0.1148930613314156,0.1148930613314156
mean_z1_aligned,edge_count,0.11529455916457797,0.11529455916457797
mean_z1_aligned,edge_density,-0.11976392547435243,0.11976392547435243
mean_z1_aligned,mean_degree,0.0508856082116509,0.0508856082116509
mean_z1_aligned,std_degree,-0.0055134749672786,0.0055134749672786
mean_z1_aligned,max_degree,-0.03889438062387788,0.03889438062387788
mean_z1_aligned,x_span0,0.11549432218279879,0.11549432218279879
mean_z1_aligned,y_span0,0.12400719672091912,0.12400719672091912
mean_z1_aligned,aspect_ratio0,-0.11084859043738518,0.11084859043738518
mean_z1_aligned,edge_len_mean,-0.7452668894817396,0.7452668894817396
mean_z1_aligned,edge_len_std,-0.020742409534751847,0.020742409534751847
mean_z1_aligned,edge_len_min,0.5302974932645012,0.5302974932645012
mean_z1_aligned,edge_len_max,0.19052089350100562,0.19052089350100562
mean_z1_aligned,stiffness_mean,0.8587617694653604,0.8587617694653604
mean_z1_aligned,stiffness_std,-0.8054927911234839,0.8054927911234839
mean_z1_aligned,stiffness_min,0.8296622309196966,0.8296622309196966
mean_z1_aligned,stiffness_max,-0.5137189896277775,0.5137189896277775
final_z1_aligned,node_count,0.1042195312438492,0.1042195312438492
final_z1_aligned,edge_count,0.10464983691306853,0.10464983691306853
final_z1_aligned,edge_density,-0.11658519826025186,0.11658519826025186
final_z1_aligned,mean_degree,0.050212411192406964,0.050212411192406964
final_z1_aligned,std_degree,0.011820294620941,0.011820294620941
final_z1_aligned,max_degree,-0.02330337156491455,0.02330337156491455
final_z1_aligned,x_span0,0.10676369428490765,0.10676369428490765
final_z1_aligned,y_span0,0.11566611169833499,0.11566611169833499
final_z1_aligned,aspect_ratio0,-0.11619423784188262,0.11619423784188262
final_z1_aligned,edge_len_mean,-0.7566631514225317,0.7566631514225317
final_z1_aligned,edge_len_std,-0.03029278540589522,0.03029278540589522
final_z1_aligned,edge_len_min,0.5421228378220466,0.5421228378220466
final_z1_aligned,edge_len_max,0.1821616714293726,0.1821616714293726
final_z1_aligned,stiffness_mean,0.8393785284517609,0.8393785284517609
final_z1_aligned,stiffness_std,-0.8250347826957432,0.8250347826957432
final_z1_aligned,stiffness_min,0.8438139459737501,0.8438139459737501
final_z1_aligned,stiffness_max,-0.5279453066762884,0.5279453066762884
slope_z1_aligned,node_count,0.07938930098964882,0.07938930098964882
slope_z1_aligned,edge_count,0.07990113478786313,0.07990113478786313
slope_z1_aligned,edge_density,-0.10530413782729799,0.10530413782729799
slope_z1_aligned,mean_degree,0.05048896485317306,0.05048896485317306
slope_z1_aligned,std_degree,0.04368141001989551,0.04368141001989551
slope_z1_aligned,max_degree,0.0040115194846067825,0.0040115194846067825
slope_z1_aligned,x_span0,0.0854170009273619,0.0854170009273619
slope_z1_aligned,y_span0,0.0948745840548996,0.0948745840548996
slope_z1_aligned,aspect_ratio0,-0.12403170306136685,0.12403170306136685
slope_z1_aligned,edge_len_mean,-0.7658435013213725,0.7658435013213725
slope_z1_aligned,edge_len_std,-0.050900017490394724,0.050900017490394724
slope_z1_aligned,edge_len_min,0.5480162647122592,0.5480162647122592
slope_z1_aligned,edge_len_max,0.1603561806065832,0.1603561806065832
slope_z1_aligned,stiffness_mean,0.7910685394683938,0.7910685394683938
slope_z1_aligned,stiffness_std,-0.8424142902476284,0.8424142902476284
slope_z1_aligned,stiffness_min,0.8510445433232409,0.8510445433232409
slope_z1_aligned,stiffness_max,-0.5402452244154347,0.5402452244154347
range_z1_aligned,node_count,0.07938930098964882,0.07938930098964882
range_z1_aligned,edge_count,0.07990113478786313,0.07990113478786313
range_z1_aligned,edge_density,-0.10530413782729799,0.10530413782729799
range_z1_aligned,mean_degree,0.05048896485317306,0.05048896485317306
range_z1_aligned,std_degree,0.04368141001989551,0.04368141001989551
range_z1_aligned,max_degree,0.0040115194846067825,0.0040115194846067825
range_z1_aligned,x_span0,0.0854170009273619,0.0854170009273619
range_z1_aligned,y_span0,0.0948745840548996,0.0948745840548996
range_z1_aligned,aspect_ratio0,-0.12403170306136685,0.12403170306136685
range_z1_aligned,edge_len_mean,-0.7658435013213725,0.7658435013213725
range_z1_aligned,edge_len_std,-0.050900017490394724,0.050900017490394724
range_z1_aligned,edge_len_min,0.5480162647122592,0.5480162647122592
range_z1_aligned,edge_len_max,0.1603561806065832,0.1603561806065832
range_z1_aligned,stiffness_mean,0.7910685394683938,0.7910685394683938
range_z1_aligned,stiffness_std,-0.8424142902476284,0.8424142902476284
range_z1_aligned,stiffness_min,0.8510445433232409,0.8510445433232409
range_z1_aligned,stiffness_max,-0.5402452244154347,0.5402452244154347
