dataset,latent_dim,sim_idx,final_p_ratio,normal_z0,masked_z0,delta_z0,normal_z1,masked_z1,delta_z1
Reid CV1,1,0,0.2238599590476573,-2.982048273086548,-2.9319846630096436,0.0500636100769043,,,
Reid CV1,1,1,-0.24075396534886645,-3.324244976043701,-2.9459545612335205,0.37829041481018066,,,
Reid CV1,1,2,0.15031615373850205,-3.0554540157318115,-2.9898877143859863,0.0655663013458252,,,
Reid CV1,1,3,0.26937916888526336,-3.0791544914245605,-2.9858858585357666,0.09326863288879395,,,
Reid CV1,1,4,-0.33039033700227455,-3.300849676132202,-2.9721949100494385,0.32865476608276367,,,
Reid CV1,1,5,0.1606833051492441,-3.151883840560913,-2.9704322814941406,0.18145155906677246,,,
Reid CV1,1,6,-0.1963377719651293,-3.4192025661468506,-3.0341713428497314,0.38503122329711914,,,
Reid CV1,1,7,0.22590702007093752,-2.97613263130188,-2.975369453430176,0.0007631778717041016,,,
Reid CV1,1,8,-0.06480931009694779,-3.2270336151123047,-2.9809606075286865,0.24607300758361816,,,
Reid CV1,1,9,0.18341754005038485,-3.277991771697998,-3.061265230178833,0.21672654151916504,,,
Reid CV1,1,10,0.3524800528535854,-2.942051410675049,-3.0214240550994873,-0.07937264442443848,,,
Reid CV1,1,11,-0.04889763898242052,-3.228637456893921,-2.9731905460357666,0.2554469108581543,,,
Reid CV1,1,12,-0.15348441061065293,-3.449768304824829,-3.03711199760437,0.412656307220459,,,
Reid CV1,1,13,-0.17377978528774052,-3.3587870597839355,-2.9816436767578125,0.37714338302612305,,,
Reid CV1,1,14,0.24101002113566364,-3.029193639755249,-3.0032832622528076,0.025910377502441406,,,
Reid CV1,1,15,-0.08436423666781437,-3.171903371810913,-2.9376657009124756,0.2342376708984375,,,
Reid CV1,1,16,0.30795067109622015,-3.0102179050445557,-3.0066468715667725,0.003571033477783203,,,
Reid CV1,1,17,-0.033541463369191324,-3.23432993888855,-2.9902141094207764,0.24411582946777344,,,
Reid CV1,1,18,-0.0473741087700227,-3.4054300785064697,-2.9915363788604736,0.4138936996459961,,,
Reid CV1,1,19,0.2511593493496609,-3.040930986404419,-2.9524381160736084,0.08849287033081055,,,
Reid CV1,1,20,-0.21987798577425652,-3.3800876140594482,-2.948700189590454,0.43138742446899414,,,
Reid CV1,1,21,-0.18996567826885782,-3.2783901691436768,-2.951667547225952,0.3267226219177246,,,
Reid CV1,1,22,-0.32518965600620253,-3.309399366378784,-3.0090911388397217,0.3003082275390625,,,
Reid CV1,1,23,-0.24482213582355292,-3.345102310180664,-2.994847059249878,0.35025525093078613,,,
Reid CV1,1,24,-0.3112050286983445,-3.4133236408233643,-2.961658239364624,0.45166540145874023,,,
Reid CV1,1,25,0.18183670511140954,-2.9577629566192627,-2.951953887939453,0.00580906867980957,,,
Reid CV1,1,26,-0.03371838000065961,-3.205212354660034,-2.9651453495025635,0.2400670051574707,,,
Reid CV1,1,27,0.02298076051167721,-3.2089478969573975,-2.9873504638671875,0.22159743309020996,,,
Reid CV1,1,28,-0.22730985066006476,-3.2275984287261963,-2.9032294750213623,0.324368953704834,,,
Reid CV1,1,29,-0.12771201037928526,-3.3023879528045654,-2.955162286758423,0.3472256660461426,,,
Reid CV1,1,30,0.0950451355151094,-3.185662031173706,-2.99288272857666,0.1927793025970459,,,
Reid CV1,1,31,-0.20617802151122547,-3.201103448867798,-2.9171836376190186,0.2839198112487793,,,
Reid CV1,1,32,-0.32336614357869486,-3.378800630569458,-2.9901235103607178,0.38867712020874023,,,
Reid CV1,1,33,0.27772893013013333,-2.9833686351776123,-2.9582905769348145,0.02507805824279785,,,
Reid CV1,1,34,-0.33399938936466717,-3.2814114093780518,-2.9403703212738037,0.34104108810424805,,,
Reid CV1,1,35,0.1677718678598186,-3.1845178604125977,-2.951538562774658,0.23297929763793945,,,
Reid CV1,1,36,-0.05914505731234828,-3.3471741676330566,-2.9378693103790283,0.4093048572540283,,,
Reid CV1,1,37,0.24274224639077988,-3.0216281414031982,-2.9442813396453857,0.0773468017578125,,,
Reid CV1,1,38,0.27673880911901655,-3.0704591274261475,-2.9778945446014404,0.09256458282470703,,,
Reid CV1,1,39,-0.21908872590380996,-3.2671334743499756,-2.9176645278930664,0.3494689464569092,,,
Reid CV1,1,40,-0.14664002278276062,-3.2623684406280518,-2.9653375148773193,0.2970309257507324,,,
Reid CV1,1,41,0.1639582164351763,-2.9475533962249756,-2.9524104595184326,-0.004857063293457031,,,
Reid CV1,1,42,0.21035491246831667,-2.993309259414673,-2.9928455352783203,0.00046372413635253906,,,
Reid CV1,1,43,-0.45901086920611844,-3.3105967044830322,-2.9560365676879883,0.35456013679504395,,,
Reid CV1,1,44,-0.1466582167541242,-3.3363747596740723,-2.947335958480835,0.3890388011932373,,,
Reid CV1,1,45,-0.3247762104239115,-3.289092540740967,-2.87430739402771,0.41478514671325684,,,
Reid CV1,1,46,-0.2343730856231202,-3.2873849868774414,-2.9880402088165283,0.2993447780609131,,,
Reid CV1,1,47,0.12699982791696676,-3.129136800765991,-2.9547159671783447,0.17442083358764648,,,
Reid CV1,1,48,0.19502236139423487,-2.886418581008911,-2.945186138153076,-0.05876755714416504,,,
Reid CV1,1,49,-0.2124182814927736,-3.397442102432251,-3.0146472454071045,0.3827948570251465,,,
Reid CV1,1,50,-0.21109366287007186,-3.3085031509399414,-2.944140911102295,0.3643622398376465,,,
Reid CV1,1,51,-0.2523187814106471,-3.367741823196411,-2.9544994831085205,0.4132423400878906,,,
Reid CV1,1,52,0.33742504039823745,-2.8277642726898193,-2.91689395904541,-0.08912968635559082,,,
Reid CV1,1,53,-0.3979398483632574,-3.330958127975464,-2.9824206829071045,0.3485374450683594,,,
Reid CV1,1,54,-0.06866933130407157,-3.5250916481018066,-3.0411126613616943,0.4839789867401123,,,
Reid CV1,1,55,-0.06695112756186168,-3.2717506885528564,-2.9646990299224854,0.3070516586303711,,,
Reid CV1,1,56,-0.2691509251686252,-3.2973642349243164,-2.9920437335968018,0.30532050132751465,,,
Reid CV1,1,57,-0.06082767686482228,-3.3332133293151855,-3.0027153491973877,0.33049798011779785,,,
Reid CV1,1,58,-0.15711103408322405,-3.204556465148926,-2.9117367267608643,0.2928197383880615,,,
Reid CV1,1,59,-0.1623723264424866,-3.3636207580566406,-2.9661130905151367,0.3975076675415039,,,
Reid CV1,1,60,-0.07075996703199396,-3.192978620529175,-2.9681804180145264,0.22479820251464844,,,
Reid CV1,1,61,-0.16665686710960664,-3.3905155658721924,-3.0212440490722656,0.36927151679992676,,,
Reid CV1,1,62,0.21269403862426334,-2.962379217147827,-2.935070037841797,0.027309179306030273,,,
Reid CV1,1,63,0.3873779088920612,-2.8817503452301025,-2.96718692779541,-0.08543658256530762,,,
Reid CV1,1,64,-0.25379435107376286,-3.307037591934204,-2.9552271366119385,0.3518104553222656,,,
Reid CV1,1,65,-0.2835927971877466,-3.5014994144439697,-3.0287744998931885,0.47272491455078125,,,
Reid CV1,1,66,0.03867895965791973,-3.3380484580993652,-3.0566890239715576,0.2813594341278076,,,
Reid CV2,2,0,0.2238599590476573,3.7060670852661133,3.7702951431274414,0.06422805786132812,3.033402681350708,3.080549478530884,0.04714679718017578
Reid CV2,2,1,-0.24075396534886645,3.1447126865386963,3.741389751434326,0.5966770648956299,2.6125574111938477,3.0536985397338867,0.44114112854003906
Reid CV2,2,2,0.15031615373850205,3.698904514312744,3.7880868911743164,0.08918237686157227,3.0265395641326904,3.092189073562622,0.06564950942993164
Reid CV2,2,3,0.26937916888526336,3.6345226764678955,3.7807905673980713,0.14626789093017578,2.9756686687469482,3.0836737155914307,0.10800504684448242
Reid CV2,2,4,-0.33039033700227455,3.273790121078491,3.791177988052368,0.517387866973877,2.713381767272949,3.096198558807373,0.38281679153442383
Reid CV2,2,5,0.1606833051492441,3.391774892807007,3.6841814517974854,0.2924065589904785,2.7906908988952637,3.006870985031128,0.21618008613586426
Reid CV2,2,6,-0.1963377719651293,3.1594860553741455,3.749903917312622,0.5904178619384766,2.623307228088379,3.0596585273742676,0.43635129928588867
Reid CV2,2,7,0.22590702007093752,3.7875044345855713,3.761523962020874,-0.025980472564697266,3.0914411544799805,3.0716915130615234,-0.01974964141845703
Reid CV2,2,8,-0.06480931009694779,3.36210560798645,3.7595298290252686,0.39742422103881836,2.7721269130706787,3.0661368370056152,0.2940099239349365
Reid CV2,2,9,0.18341754005038485,3.3667657375335693,3.7158119678497314,0.3490462303161621,2.768781900405884,3.0268306732177734,0.25804877281188965
Reid CV2,2,10,0.3524800528535854,3.8976826667785645,3.739981174468994,-0.1577014923095703,3.166106939315796,3.0489633083343506,-0.11714363098144531
Reid CV2,2,11,-0.04889763898242052,3.319197416305542,3.7185418605804443,0.39934444427490234,2.7409462928771973,3.036255359649658,0.29530906677246094
Reid CV2,2,12,-0.15348441061065293,3.120900869369507,3.77803111076355,0.657130241394043,2.5977447032928467,3.083879232406616,0.48613452911376953
Reid CV2,2,13,-0.17377978528774052,3.1981875896453857,3.796036958694458,0.5978493690490723,2.6557695865631104,3.0977723598480225,0.4420027732849121
Reid CV2,2,14,0.24101002113566364,3.7591490745544434,3.785599708557129,0.026450634002685547,3.0724077224731445,3.091658592224121,0.019250869750976562
Reid CV2,2,15,-0.08436423666781437,3.354621171951294,3.7192928791046143,0.3646717071533203,2.7689380645751953,3.03849458694458,0.26955652236938477
Reid CV2,2,16,0.30795067109622015,3.7301523685455322,3.71968674659729,-0.010465621948242188,3.0455777645111084,3.037513017654419,-0.008064746856689453
Reid CV2,2,17,-0.033541463369191324,3.3773903846740723,3.751249313354492,0.3738589286804199,2.785806894302368,3.0619428157806396,0.2761359214782715
Reid CV2,2,18,-0.0473741087700227,3.0859737396240234,3.7285165786743164,0.642542839050293,2.564528226852417,3.0391952991485596,0.4746670722961426
Reid CV2,2,19,0.2511593493496609,3.668189287185669,3.8071322441101074,0.13894295692443848,3.003507375717163,3.1060969829559326,0.10258960723876953
Reid CV2,2,20,-0.21987798577425652,3.0210654735565186,3.7107441425323486,0.6896786689758301,2.5176634788513184,3.027944803237915,0.5102813243865967
Reid CV2,2,21,-0.18996567826885782,3.252741575241089,3.763526678085327,0.5107851028442383,2.688889741897583,3.0666685104370117,0.3777787685394287
Reid CV2,2,22,-0.32518965600620253,3.2836196422576904,3.7456438541412354,0.4620242118835449,2.715745449066162,3.057415246963501,0.34166979789733887
Reid CV2,2,23,-0.24482213582355292,3.245495080947876,3.7781808376312256,0.5326857566833496,2.6913256645202637,3.0849947929382324,0.39366912841796875
Reid CV2,2,24,-0.3112050286983445,3.052466869354248,3.7948529720306396,0.7423861026763916,2.5534634590148926,3.10274600982666,0.5492825508117676
Reid CV2,2,25,0.18183670511140954,3.812457799911499,3.7932989597320557,-0.01915884017944336,3.1154580116271973,3.100904941558838,-0.014553070068359375
Reid CV2,2,26,-0.03371838000065961,3.3707730770111084,3.749760389328003,0.37898731231689453,2.7827212810516357,3.062922477722168,0.2802011966705322
Reid CV2,2,27,0.02298076051167721,3.4274613857269287,3.775294303894043,0.34783291816711426,2.828857660293579,3.0860042572021484,0.25714659690856934
Reid CV2,2,28,-0.22730985066006476,3.2010719776153564,3.708930253982544,0.5078582763671875,2.64748477935791,3.023277759552002,0.3757929801940918
Reid CV2,2,29,-0.12771201037928526,3.2148735523223877,3.767604112625122,0.5527305603027344,2.6692323684692383,3.077986240386963,0.4087538719177246
Reid CV2,2,30,0.0950451355151094,3.4225761890411377,3.718966245651245,0.2963900566101074,2.8151895999908447,3.0341360569000244,0.2189464569091797
Reid CV2,2,31,-0.20617802151122547,3.2304694652557373,3.6736323833465576,0.4431629180908203,2.667269706726074,2.9951815605163574,0.3279118537902832
Reid CV2,2,32,-0.32336614357869486,3.1197092533111572,3.7330379486083984,0.6133286952972412,2.5980582237243652,3.051510810852051,0.45345258712768555
Reid CV2,2,33,0.27772893013013333,3.6880476474761963,3.718740224838257,0.030692577362060547,3.012237071990967,3.0347485542297363,0.02251148223876953
Reid CV2,2,34,-0.33399938936466717,3.27620005607605,3.799767255783081,0.5235671997070312,2.715343952178955,3.1023497581481934,0.3870058059692383
Reid CV2,2,35,0.1677718678598186,3.435086965560913,3.8026492595672607,0.36756229400634766,2.833359718322754,3.104950428009033,0.2715907096862793
Reid CV2,2,36,-0.05914505731234828,3.1333086490631104,3.7838804721832275,0.6505718231201172,2.6089000701904297,3.0898146629333496,0.4809145927429199
Reid CV2,2,37,0.24274224639077988,3.648902654647827,3.761131525039673,0.1122288703918457,2.9901132583618164,3.0728821754455566,0.08276891708374023
Reid CV2,2,38,0.27673880911901655,3.6595194339752197,3.802499532699585,0.14298009872436523,2.9994966983795166,3.1050281524658203,0.10553145408630371
Reid CV2,2,39,-0.21908872590380996,3.2358922958374023,3.7901413440704346,0.5542490482330322,2.6898796558380127,3.0996782779693604,0.40979862213134766
Reid CV2,2,40,-0.14664002278276062,3.279935359954834,3.7332475185394287,0.4533121585845947,2.7109556198120117,3.0460288524627686,0.33507323265075684
Reid CV2,2,41,0.1639582164351763,3.791916608810425,3.754406213760376,-0.03751039505004883,3.09574031829834,3.0675549507141113,-0.028185367584228516
Reid CV2,2,42,0.21035491246831667,3.7811219692230225,3.7574303150177,-0.023691654205322266,3.0857231616973877,3.067807674407959,-0.01791548728942871
Reid CV2,2,43,-0.45901086920611844,3.2257485389709473,3.806546211242676,0.5807976722717285,2.673245429992676,3.1033124923706055,0.4300670623779297
Reid CV2,2,44,-0.1466582167541242,3.0793960094451904,3.6913750171661377,0.6119790077209473,2.559860944747925,3.012280225753784,0.4524192810058594
Reid CV2,2,45,-0.3247762104239115,3.0429811477661133,3.6932005882263184,0.6502194404602051,2.5305724143981934,3.0111308097839355,0.4805583953857422
Reid CV2,2,46,-0.2343730856231202,3.292829751968384,3.763678789138794,0.47084903717041016,2.7231669425964355,3.071375846862793,0.3482089042663574
Reid CV2,2,47,0.12699982791696676,3.485267400741577,3.7576212882995605,0.2723538875579834,2.8697621822357178,3.07099986076355,0.20123767852783203
Reid CV2,2,48,0.19502236139423487,3.8855392932891846,3.7586257457733154,-0.12691354751586914,3.15787935256958,3.0636231899261475,-0.09425616264343262
Reid CV2,2,49,-0.2124182814927736,3.166599988937378,3.774582624435425,0.6079826354980469,2.6322922706604004,3.081993579864502,0.44970130920410156
Reid CV2,2,50,-0.21109366287007186,3.2133777141571045,3.791999578475952,0.5786218643188477,2.669304847717285,3.0972864627838135,0.4279816150665283
Reid CV2,2,51,-0.2523187814106471,3.0896482467651367,3.7615113258361816,0.6718630790710449,2.572498321533203,3.069545269012451,0.49704694747924805
Reid CV2,2,52,0.33742504039823745,3.9690840244293213,3.7951128482818604,-0.17397117614746094,3.2236380577087402,3.09444522857666,-0.12919282913208008
Reid CV2,2,53,-0.3979398483632574,3.21647047996521,3.766437292098999,0.5499668121337891,2.670515537261963,3.0773136615753174,0.4067981243133545
Reid CV2,2,54,-0.06866933130407157,2.9834437370300293,3.7511370182037354,0.767693281173706,2.494276762008667,3.061800003051758,0.5675232410430908
Reid CV2,2,55,-0.06695112756186168,3.2189700603485107,3.7025115489959717,0.48354148864746094,2.662322998046875,3.0199732780456543,0.3576502799987793
Reid CV2,2,56,-0.2691509251686252,3.2304365634918213,3.72678542137146,0.49634885787963867,2.6692333221435547,3.0368096828460693,0.36757636070251465
Reid CV2,2,57,-0.06082767686482228,3.2638096809387207,3.785125732421875,0.5213160514831543,2.7089223861694336,3.094193458557129,0.3852710723876953
Reid CV2,2,58,-0.15711103408322405,3.2573323249816895,3.7067601680755615,0.44942784309387207,2.6974055767059326,3.029538154602051,0.33213257789611816
Reid CV2,2,59,-0.1623723264424866,3.111544132232666,3.7446506023406982,0.6331064701080322,2.592150926589966,3.060528039932251,0.46837711334228516
Reid CV2,2,60,-0.07075996703199396,3.437344789505005,3.7929728031158447,0.35562801361083984,2.836541175842285,3.0995843410491943,0.2630431652069092
Reid CV2,2,61,-0.16665686710960664,3.202237367630005,3.7740771770477295,0.5718398094177246,2.6571226119995117,3.0796444416046143,0.42252182960510254
Reid CV2,2,62,0.21269403862426334,3.6582844257354736,3.6823387145996094,0.024054288864135742,2.989391326904297,3.006897211074829,0.017505884170532227
Reid CV2,2,63,0.3873779088920612,3.938955545425415,3.766906261444092,-0.17204928398132324,3.201141357421875,3.073324203491211,-0.12781715393066406
Reid CV2,2,64,-0.25379435107376286,3.191586971282959,3.7506794929504395,0.5590925216674805,2.6514368057250977,3.0649609565734863,0.41352415084838867
Reid CV2,2,65,-0.2835927971877466,2.9757091999053955,3.7365705966949463,0.7608613967895508,2.488194227218628,3.0511913299560547,0.5629971027374268
Reid CV2,2,66,0.03867895965791973,3.3059794902801514,3.741466760635376,0.4354872703552246,2.7278497219085693,3.0495007038116455,0.32165098190307617
