repeat,train_networks,train_frames_per_network,split,signal,target,pearson_r,corr_r2,n
1,1,1,val,z0,final_p_ratio,0.584259522935978,0.34135919014137667,25
1,1,1,val,z0,stiffness_mean,-0.6905095296355737,0.47680341051754116,25
1,1,1,val,z0,stiffness_std,-0.6510757076493028,0.42389957709104037,25
1,1,1,val,z0,horizontal_stiffness,-0.6094198439221926,0.3713925461661496,25
1,1,1,val,z0,vertical_stiffness,-0.7166754517291782,0.5136237031112216,25
1,1,1,val,z0,diagonal_stiffness,0.412007919108034,0.1697505254077323,25
1,1,2,val,z0,final_p_ratio,-0.8304823318978792,0.6897009035945393,25
1,1,2,val,z0,stiffness_mean,0.8450924581817606,0.7141812628756908,25
1,1,2,val,z0,stiffness_std,0.7983606098082158,0.6373796632933462,25
1,1,2,val,z0,horizontal_stiffness,0.8106224324097976,0.6571087279259769,25
1,1,2,val,z0,vertical_stiffness,0.7471627441353926,0.5582521662239301,25
1,1,2,val,z0,diagonal_stiffness,-0.1068964973262205,0.011426861140614667,25
1,1,4,val,z0,final_p_ratio,-0.7412131965906851,0.5493970028001816,25
1,1,4,val,z0,stiffness_mean,0.8532319696785349,0.7280047940815123,25
1,1,4,val,z0,stiffness_std,0.7873479927210469,0.6199168616418618,25
1,1,4,val,z0,horizontal_stiffness,0.8632102847763437,0.7451319957436563,25
1,1,4,val,z0,vertical_stiffness,0.7704709002540833,0.5936254081383375,25
1,1,4,val,z0,diagonal_stiffness,-0.1220195196734434,0.014888763181337842,25
1,2,1,val,z0,final_p_ratio,0.8418076571798615,0.7086401316866472,25
1,2,1,val,z0,stiffness_mean,-0.9601372882922371,0.9218636123691705,25
1,2,1,val,z0,stiffness_std,-0.9262000496411993,0.85784653195536,25
1,2,1,val,z0,horizontal_stiffness,-0.9291530701061592,0.8633254276877013,25
1,2,1,val,z0,vertical_stiffness,-0.9045864561597965,0.8182766566677394,25
1,2,1,val,z0,diagonal_stiffness,0.4222334054271188,0.17828104865858166,25
1,2,2,val,z0,final_p_ratio,0.8881751602327067,0.7888551152543942,25
1,2,2,val,z0,stiffness_mean,-0.9608241171142148,0.9231829840283103,25
1,2,2,val,z0,stiffness_std,-0.9276779552057636,0.8605863885747467,25
1,2,2,val,z0,horizontal_stiffness,-0.9190832098779356,0.8447139466795294,25
1,2,2,val,z0,vertical_stiffness,-0.9269324593730993,0.8592037842394624,25
1,2,2,val,z0,diagonal_stiffness,0.4677684034846609,0.21880727929858854,25
1,2,4,val,z0,final_p_ratio,-0.9062033240080037,0.821204464443155,25
1,2,4,val,z0,stiffness_mean,0.9923842040655655,0.984826408478846,25
1,2,4,val,z0,stiffness_std,0.9302441022206835,0.8653540897163655,25
1,2,4,val,z0,horizontal_stiffness,0.9605137610999986,0.9225866852624652,25
1,2,4,val,z0,vertical_stiffness,0.9203165772138788,0.8469826022946694,25
1,2,4,val,z0,diagonal_stiffness,-0.046535770232250986,0.002165577911108857,25
1,4,1,val,z0,final_p_ratio,0.8058348573453863,0.649369817312859,25
1,4,1,val,z0,stiffness_mean,-0.9561482460486678,0.9142194684219437,25
1,4,1,val,z0,stiffness_std,-0.8585917457234404,0.737179785824425,25
1,4,1,val,z0,horizontal_stiffness,-0.8998893143954552,0.8098007781631223,25
1,4,1,val,z0,vertical_stiffness,-0.8512240499991924,0.7245823832970276,25
1,4,1,val,z0,diagonal_stiffness,0.16210434887861086,0.026277819925358385,25
1,4,2,val,z0,final_p_ratio,0.8621115869262794,0.7432363883125479,25
1,4,2,val,z0,stiffness_mean,-0.9763075763114683,0.9531764835631734,25
1,4,2,val,z0,stiffness_std,-0.9251076193982575,0.8558241074687112,25
1,4,2,val,z0,horizontal_stiffness,-0.9262310237063476,0.8579039092761086,25
1,4,2,val,z0,vertical_stiffness,-0.9224320578204358,0.8508809012948438,25
1,4,2,val,z0,diagonal_stiffness,0.266624406625483,0.07108857420839089,25
1,4,4,val,z0,final_p_ratio,-0.943563490240102,0.890312060114083,25
1,4,4,val,z0,stiffness_mean,0.9426432382987481,0.8885762747103504,25
1,4,4,val,z0,stiffness_std,0.9516449736749013,0.9056281559207036,25
1,4,4,val,z0,horizontal_stiffness,0.9241814772904545,0.8541114029667669,25
1,4,4,val,z0,vertical_stiffness,0.8978925632462919,0.8062110551329962,25
1,4,4,val,z0,diagonal_stiffness,-0.5833178930535957,0.34025976435648614,25
2,1,1,val,z0,final_p_ratio,0.9200332273817262,0.8464611394864351,25
2,1,1,val,z0,stiffness_mean,-0.9572310446305312,0.916291272804458,25
2,1,1,val,z0,stiffness_std,-0.930419769869641,0.8656809481642758,25
2,1,1,val,z0,horizontal_stiffness,-0.9374936328898843,0.8788943117090732,25
2,1,1,val,z0,vertical_stiffness,-0.8881749892353764,0.788854811503261,25
2,1,1,val,z0,diagonal_stiffness,0.20732367171896754,0.04298310485503422,25
2,1,2,val,z0,final_p_ratio,-0.7708733739211378,0.5942457586205583,25
2,1,2,val,z0,stiffness_mean,0.8864238731457382,0.7857472828826918,25
2,1,2,val,z0,stiffness_std,0.8604368663467306,0.7403516009685814,25
2,1,2,val,z0,horizontal_stiffness,0.8170035043234676,0.6674947260768263,25
2,1,2,val,z0,vertical_stiffness,0.8292281782362456,0.6876193715810027,25
2,1,2,val,z0,diagonal_stiffness,-0.037082936656402235,0.0013751441910627405,25
2,1,4,val,z0,final_p_ratio,0.8629939293973125,0.7447585221766135,25
2,1,4,val,z0,stiffness_mean,-0.980774478038882,0.9619185767724413,25
2,1,4,val,z0,stiffness_std,-0.8860114943136879,0.7850163680559742,25
2,1,4,val,z0,horizontal_stiffness,-0.9395440165975301,0.8827429591242199,25
2,1,4,val,z0,vertical_stiffness,-0.9124234962529532,0.8325166365144628,25
2,1,4,val,z0,diagonal_stiffness,0.09498488422799826,0.009022128231806233,25
2,2,1,val,z0,final_p_ratio,0.8764741925644134,0.7682070102314404,25
2,2,1,val,z0,stiffness_mean,-0.9760793061027239,0.9527308118019749,25
2,2,1,val,z0,stiffness_std,-0.9383938291226362,0.8805829785354434,25
2,2,1,val,z0,horizontal_stiffness,-0.9090124333209729,0.8263036039321162,25
2,2,1,val,z0,vertical_stiffness,-0.9404667161282972,0.8844776441451432,25
2,2,1,val,z0,diagonal_stiffness,0.533232600010354,0.28433700571380216,25
2,2,2,val,z0,final_p_ratio,0.6114317260090747,0.3738487555704362,25
2,2,2,val,z0,stiffness_mean,-0.7124878401215136,0.5076389223210195,25
2,2,2,val,z0,stiffness_std,-0.6851953768806885,0.4694927044986688,25
2,2,2,val,z0,horizontal_stiffness,-0.6493787178743221,0.4216927192280984,25
2,2,2,val,z0,vertical_stiffness,-0.6720386426306035,0.45163593718878403,25
2,2,2,val,z0,diagonal_stiffness,0.35968046227047573,0.12937003493910312,25
2,2,4,val,z0,final_p_ratio,-0.8771614499844363,0.7694122093387988,25
2,2,4,val,z0,stiffness_mean,0.9812760827284519,0.9629027505348956,25
2,2,4,val,z0,stiffness_std,0.9309351861842128,0.8666403208758349,25
2,2,4,val,z0,horizontal_stiffness,0.934112930034915,0.872566966058414,25
2,2,4,val,z0,vertical_stiffness,0.9469821441472123,0.8967751813336515,25
2,2,4,val,z0,diagonal_stiffness,-0.41443256140012774,0.17175434794867064,25
2,4,1,val,z0,final_p_ratio,-0.7189670982868295,0.5169136884189836,25
2,4,1,val,z0,stiffness_mean,0.8757973506605264,0.7670209994239972,25
2,4,1,val,z0,stiffness_std,0.7600601288254707,0.5776913994301911,25
2,4,1,val,z0,horizontal_stiffness,0.8138851278815469,0.662409001386762,25
2,4,1,val,z0,vertical_stiffness,0.827263503072057,0.6843649035150512,25
2,4,1,val,z0,diagonal_stiffness,0.2983278056731474,0.08899947963775519,25
2,4,2,val,z0,final_p_ratio,-0.5850773512920807,0.34231550699495683,25
2,4,2,val,z0,stiffness_mean,0.685750337685359,0.47025352563558387,25
2,4,2,val,z0,stiffness_std,0.6640851350358331,0.4410090665755607,25
2,4,2,val,z0,horizontal_stiffness,0.6324538145250344,0.39999782750726653,25
2,4,2,val,z0,vertical_stiffness,0.6469176579442162,0.4185024561600299,25
2,4,2,val,z0,diagonal_stiffness,-0.34474250480051044,0.11884739461612996,25
2,4,4,val,z0,final_p_ratio,-0.2792618646572714,0.07798718905185616,25
2,4,4,val,z0,stiffness_mean,0.45375670160620607,0.20589514425254354,25
2,4,4,val,z0,stiffness_std,0.41226346486859,0.16996116446545514,25
2,4,4,val,z0,horizontal_stiffness,0.37071481923999605,0.13742947720414295,25
2,4,4,val,z0,vertical_stiffness,0.3679098195721606,0.1353576353376198,25
2,4,4,val,z0,diagonal_stiffness,0.0698345669516861,0.0048768667413295295,25
3,1,1,val,z0,final_p_ratio,-0.8099961052668172,0.6560936905474128,25
3,1,1,val,z0,stiffness_mean,0.9117983727703995,0.8313762725867485,25
3,1,1,val,z0,stiffness_std,0.8036173600990013,0.6458008614524879,25
3,1,1,val,z0,horizontal_stiffness,0.8416328223375731,0.7083458076359088,25
3,1,1,val,z0,vertical_stiffness,0.7939096439909745,0.6302925228218759,25
3,1,1,val,z0,diagonal_stiffness,-0.27036991611226,0.07309989153855052,25
3,1,2,val,z0,final_p_ratio,-0.7604871764829235,0.5783407455949693,25
3,1,2,val,z0,stiffness_mean,0.8086082355173682,0.6538472785465115,25
3,1,2,val,z0,stiffness_std,0.8196592458521861,0.6718412793109744,25
3,1,2,val,z0,horizontal_stiffness,0.7722877298554149,0.5964283376852304,25
3,1,2,val,z0,vertical_stiffness,0.8075474838616706,0.6521329386913152,25
3,1,2,val,z0,diagonal_stiffness,-0.5317079538187036,0.2827133481540727,25
3,1,4,val,z0,final_p_ratio,-0.890256651076002,0.7925569047850585,25
3,1,4,val,z0,stiffness_mean,0.9897958767117254,0.9796958775555331,25
3,1,4,val,z0,stiffness_std,0.9350578326595266,0.8743331504179312,25
3,1,4,val,z0,horizontal_stiffness,0.9364055859139814,0.8768554213309068,25
3,1,4,val,z0,vertical_stiffness,0.9436613563961369,0.8904967555553969,25
3,1,4,val,z0,diagonal_stiffness,-0.5232709634193216,0.27381250115778494,25
3,2,1,val,z0,final_p_ratio,-0.6160735979308899,0.3795466780675118,25
3,2,1,val,z0,stiffness_mean,0.7442209717325621,0.553864854766559,25
3,2,1,val,z0,stiffness_std,0.6665830263759533,0.4443329310525249,25
3,2,1,val,z0,horizontal_stiffness,0.7341531249531874,0.5389808108785304,25
3,2,1,val,z0,vertical_stiffness,0.6625048989754532,0.43891274116647544,25
3,2,1,val,z0,diagonal_stiffness,-0.11086460097746534,0.012290959749892609,25
3,2,2,val,z0,final_p_ratio,-0.9157603782509738,0.8386170703743666,25
3,2,2,val,z0,stiffness_mean,0.992623058577282,0.9853005364193181,25
3,2,2,val,z0,stiffness_std,0.9532828528218884,0.9087481974842382,25
3,2,2,val,z0,horizontal_stiffness,0.9476420046846716,0.8980253690427832,25
3,2,2,val,z0,vertical_stiffness,0.9596765120428405,0.9209790077667123,25
3,2,2,val,z0,diagonal_stiffness,-0.5082170871148096,0.258284607635462,25
3,2,4,val,z0,final_p_ratio,-0.8576535971676476,0.7355696927346055,25
3,2,4,val,z0,stiffness_mean,0.9797523909675697,0.9599147476066696,25
3,2,4,val,z0,stiffness_std,0.935273998752683,0.8747374527428338,25
3,2,4,val,z0,horizontal_stiffness,0.9434240386940672,0.8900489167858249,25
3,2,4,val,z0,vertical_stiffness,0.949118601415825,0.9008261195535318,25
3,2,4,val,z0,diagonal_stiffness,-0.20431242853686285,0.04174356845463069,25
3,4,1,val,z0,final_p_ratio,-0.9317978737789335,0.8682472775789414,25
3,4,1,val,z0,stiffness_mean,0.9894105411512522,0.9789332189412137,25
3,4,1,val,z0,stiffness_std,0.9581175417329485,0.9179892237763883,25
3,4,1,val,z0,horizontal_stiffness,0.9403634825604263,0.8842834793331733,25
3,4,1,val,z0,vertical_stiffness,0.9445176375505097,0.892113567643996,25
3,4,1,val,z0,diagonal_stiffness,-0.6365948024992332,0.4052529425690377,25
3,4,2,val,z0,final_p_ratio,-0.9061149771855611,0.8210443518799899,25
3,4,2,val,z0,stiffness_mean,0.9752906320594746,0.9511918169829695,25
3,4,2,val,z0,stiffness_std,0.9422840121563185,0.887899159565409,25
3,4,2,val,z0,horizontal_stiffness,0.9356496450078802,0.8754402582033722,25
3,4,2,val,z0,vertical_stiffness,0.938208507973153,0.8802352044332099,25
3,4,2,val,z0,diagonal_stiffness,-0.4768300339682214,0.22736688129413515,25
3,4,4,val,z0,final_p_ratio,-0.826990533804427,0.6839133430021311,25
3,4,4,val,z0,stiffness_mean,0.9907368242964778,0.98155945501707,25
3,4,4,val,z0,stiffness_std,0.9425691923090224,0.8884366822900828,25
3,4,4,val,z0,horizontal_stiffness,0.934358017327139,0.8730249045435021,25
3,4,4,val,z0,vertical_stiffness,0.931395093997168,0.8674968211219934,25
3,4,4,val,z0,diagonal_stiffness,-0.4248935815829124,0.18053455567035503,25
1,1,1,test,z0,final_p_ratio,0.7501099537153455,0.5626649426628377,76
1,1,1,test,z0,stiffness_mean,-0.8318244568982909,0.6919319270941365,76
1,1,1,test,z0,stiffness_std,-0.7866065463220407,0.6187498587166889,76
1,1,1,test,z0,horizontal_stiffness,-0.807369437388927,0.6518454084297125,76
1,1,1,test,z0,vertical_stiffness,-0.8063672538676291,0.6502281481100214,76
1,1,1,test,z0,diagonal_stiffness,0.34497899261944387,0.11901050534872631,76
1,1,2,test,z0,final_p_ratio,-0.8131271725492926,0.661175798738007,76
1,1,2,test,z0,stiffness_mean,0.9013428509104131,0.8124189348873112,76
1,1,2,test,z0,stiffness_std,0.8794873570394901,0.7734980111923075,76
1,1,2,test,z0,horizontal_stiffness,0.859735086393845,0.7391444187766321,76
1,1,2,test,z0,vertical_stiffness,0.8427890428373414,0.710293370726682,76
1,1,2,test,z0,diagonal_stiffness,-0.3683775947635501,0.13570205232377833,76
1,1,4,test,z0,final_p_ratio,-0.782138916099678,0.6117412840775791,76
1,1,4,test,z0,stiffness_mean,0.8816117922852142,0.7772393522963478,76
1,1,4,test,z0,stiffness_std,0.8591378441339115,0.7381178352230652,76
1,1,4,test,z0,horizontal_stiffness,0.8196039031192086,0.6717505580082411,76
1,1,4,test,z0,vertical_stiffness,0.8249934346417567,0.6806141672020024,76
1,1,4,test,z0,diagonal_stiffness,-0.3515880092299154,0.12361412823425508,76
1,2,1,test,z0,final_p_ratio,0.8431704489004441,0.7109364058989764,75
1,2,1,test,z0,stiffness_mean,-0.9645107675630774,0.9302810207451168,75
1,2,1,test,z0,stiffness_std,-0.907580457073251,0.8237022860612911,75
1,2,1,test,z0,horizontal_stiffness,-0.9105035637867709,0.8290167396684104,75
1,2,1,test,z0,vertical_stiffness,-0.9129230301748877,0.833428459023699,75
1,2,1,test,z0,diagonal_stiffness,0.3209367850865759,0.10300042002170702,75
1,2,2,test,z0,final_p_ratio,0.8673527660984359,0.752300820858608,75
1,2,2,test,z0,stiffness_mean,-0.9684046170203844,0.9378075022663973,75
1,2,2,test,z0,stiffness_std,-0.9384536863258943,0.88069532137866,75
1,2,2,test,z0,horizontal_stiffness,-0.9235769266978922,0.8529943395287236,75
1,2,2,test,z0,vertical_stiffness,-0.9279636451529144,0.861116526725484,75
1,2,2,test,z0,diagonal_stiffness,0.3710533298499235,0.13768057359271613,75
1,2,4,test,z0,final_p_ratio,-0.8997603195208689,0.809568632584296,75
1,2,4,test,z0,stiffness_mean,0.9950479965325498,0.9901205154034413,75
1,2,4,test,z0,stiffness_std,0.9663562285396209,0.93384436043732,75
1,2,4,test,z0,horizontal_stiffness,0.9577336750089528,0.9172537922461544,75
1,2,4,test,z0,vertical_stiffness,0.9406531588692215,0.8848283652906449,75
1,2,4,test,z0,diagonal_stiffness,-0.45102701398574235,0.20342536734489503,75
1,4,1,test,z0,final_p_ratio,0.8731708078241076,0.7624272596362046,73
1,4,1,test,z0,stiffness_mean,-0.9748759837953584,0.950383183780968,73
1,4,1,test,z0,stiffness_std,-0.9380128580018807,0.8798681217768565,73
1,4,1,test,z0,horizontal_stiffness,-0.9299427669071775,0.8647935497229771,73
1,4,1,test,z0,vertical_stiffness,-0.9322032862950552,0.8690029669793007,73
1,4,1,test,z0,diagonal_stiffness,0.39693101303487366,0.15755422910889105,73
1,4,2,test,z0,final_p_ratio,0.8766427148254652,0.7685024494565619,73
1,4,2,test,z0,stiffness_mean,-0.9827092379626196,0.9657174463770725,73
1,4,2,test,z0,stiffness_std,-0.9407099009432014,0.8849351177325678,73
1,4,2,test,z0,horizontal_stiffness,-0.9390248667740178,0.8817677004199618,73
1,4,2,test,z0,vertical_stiffness,-0.9380351490721914,0.8799099408948884,73
1,4,2,test,z0,diagonal_stiffness,0.4370868685103986,0.19104493062422645,73
1,4,4,test,z0,final_p_ratio,-0.7695921056447061,0.5922720090706526,73
1,4,4,test,z0,stiffness_mean,0.8811060108032942,0.7763478022736948,73
1,4,4,test,z0,stiffness_std,0.8418372247393822,0.708689912956905,73
1,4,4,test,z0,horizontal_stiffness,0.8624424676921697,0.7438070100789592,73
1,4,4,test,z0,vertical_stiffness,0.807249394511661,0.6516515849394433,73
1,4,4,test,z0,diagonal_stiffness,-0.3283568525652726,0.10781822262657216,73
2,1,1,test,z0,final_p_ratio,0.8657997317699068,0.7496091755328425,76
2,1,1,test,z0,stiffness_mean,-0.974256532467488,0.9491757910555735,76
2,1,1,test,z0,stiffness_std,-0.9435007108291412,0.8901935913350948,76
2,1,1,test,z0,horizontal_stiffness,-0.9230981608620081,0.8521102145868218,76
2,1,1,test,z0,vertical_stiffness,-0.9383665811052809,0.8805318405352137,76
2,1,1,test,z0,diagonal_stiffness,0.43668848589780573,0.19069683371571808,76
2,1,2,test,z0,final_p_ratio,-0.8309043765671459,0.6904020829984374,76
2,1,2,test,z0,stiffness_mean,0.8886702750368121,0.7897348577340032,76
2,1,2,test,z0,stiffness_std,0.8476566336389393,0.7185217685520989,76
2,1,2,test,z0,horizontal_stiffness,0.8616390155071773,0.7424217930441777,76
2,1,2,test,z0,vertical_stiffness,0.808327218005289,0.6533928913681699,76
2,1,2,test,z0,diagonal_stiffness,-0.4018966480213167,0.16152091569077012,76
2,1,4,test,z0,final_p_ratio,0.88495880266547,0.7831520824151023,76
2,1,4,test,z0,stiffness_mean,-0.9797664520830439,0.9599423006273956,76
2,1,4,test,z0,stiffness_std,-0.9518613145090171,0.906039962058834,76
2,1,4,test,z0,horizontal_stiffness,-0.9305437070765065,0.865911590779687,76
2,1,4,test,z0,vertical_stiffness,-0.9330918742853853,0.8706604458574133,76
2,1,4,test,z0,diagonal_stiffness,0.44407781621789216,0.197205106856852,76
2,2,1,test,z0,final_p_ratio,0.8122623263027308,0.6597700867307239,75
2,2,1,test,z0,stiffness_mean,-0.9434315199767122,0.8900630328855694,75
2,2,1,test,z0,stiffness_std,-0.8910762164825363,0.7940168235808319,75
2,2,1,test,z0,horizontal_stiffness,-0.8992141080550816,0.808586012125296,75
2,2,1,test,z0,vertical_stiffness,-0.891856332226389,0.7954077173323072,75
2,2,1,test,z0,diagonal_stiffness,0.3386109341488284,0.11465736472514222,75
2,2,2,test,z0,final_p_ratio,0.7802062330775066,0.6087217661329926,75
2,2,2,test,z0,stiffness_mean,-0.8371021960103986,0.7007400865654317,75
2,2,2,test,z0,stiffness_std,-0.8117803944498938,0.6589874088132252,75
2,2,2,test,z0,horizontal_stiffness,-0.8042105289992207,0.6467545749532064,75
2,2,2,test,z0,vertical_stiffness,-0.7803752898426434,0.6089855929969896,75
2,2,2,test,z0,diagonal_stiffness,0.252250307238045,0.06363021750168808,75
2,2,4,test,z0,final_p_ratio,-0.8289032662399608,0.6870806247832754,75
2,2,4,test,z0,stiffness_mean,0.9798544198679681,0.9601146841347923,75
2,2,4,test,z0,stiffness_std,0.9101568223062814,0.8283854411906678,75
2,2,4,test,z0,horizontal_stiffness,0.9137907467638259,0.8350135288711905,75
2,2,4,test,z0,vertical_stiffness,0.9253004317720607,0.856180889037562,75
2,2,4,test,z0,diagonal_stiffness,-0.3200262991013667,0.10241683211651742,75
2,4,1,test,z0,final_p_ratio,-0.8062006554488974,0.6499594968462318,73
2,4,1,test,z0,stiffness_mean,0.8875869353922785,0.7878105678790568,73
2,4,1,test,z0,stiffness_std,0.8616426804177515,0.7424281087174874,73
2,4,1,test,z0,horizontal_stiffness,0.8505180198453078,0.7233809020815835,73
2,4,1,test,z0,vertical_stiffness,0.8644929083627608,0.7473479886095048,73
2,4,1,test,z0,diagonal_stiffness,-0.47426705969318933,0.22492924391002322,73
2,4,2,test,z0,final_p_ratio,-0.532879551983724,0.28396061692237445,73
2,4,2,test,z0,stiffness_mean,0.5645613990452198,0.31872957329189594,73
2,4,2,test,z0,stiffness_std,0.5480303645686007,0.30033728048919334,73
2,4,2,test,z0,horizontal_stiffness,0.531986494949098,0.28300963080822666,73
2,4,2,test,z0,vertical_stiffness,0.48851744738394975,0.2386492963985301,73
2,4,2,test,z0,diagonal_stiffness,-0.06347462197445551,0.00402902763480003,73
2,4,4,test,z0,final_p_ratio,-0.29113549534638694,0.0847598766505861,73
2,4,4,test,z0,stiffness_mean,0.3564553733632855,0.12706043319955926,73
2,4,4,test,z0,stiffness_std,0.32668203186541506,0.10672114994371606,73
2,4,4,test,z0,horizontal_stiffness,0.3015670708338048,0.09094269821128104,73
2,4,4,test,z0,vertical_stiffness,0.3423872905889758,0.11722905675685977,73
2,4,4,test,z0,diagonal_stiffness,-0.09019002687676342,0.008134240948031307,73
3,1,1,test,z0,final_p_ratio,-0.7813896829074811,0.6105698365542539,76
3,1,1,test,z0,stiffness_mean,0.9195400216347994,0.8455538513881273,76
3,1,1,test,z0,stiffness_std,0.8872679386041378,0.787244394874836,76
3,1,1,test,z0,horizontal_stiffness,0.8616979083221901,0.7425232852068375,76
3,1,1,test,z0,vertical_stiffness,0.8989462714249938,0.8081043989088987,76
3,1,1,test,z0,diagonal_stiffness,-0.3755185378096729,0.14101417223871476,76
3,1,2,test,z0,final_p_ratio,-0.6784128118075207,0.46024394322458645,76
3,1,2,test,z0,stiffness_mean,0.7842025941163449,0.6149737086188047,76
3,1,2,test,z0,stiffness_std,0.7538872760622223,0.5683460250085174,76
3,1,2,test,z0,horizontal_stiffness,0.7473939527148578,0.558597720554739,76
3,1,2,test,z0,vertical_stiffness,0.7730275593570785,0.5975716075255615,76
3,1,2,test,z0,diagonal_stiffness,-0.28792884581479894,0.08290302025224226,76
3,1,4,test,z0,final_p_ratio,-0.8532685799693355,0.7280672695628863,76
3,1,4,test,z0,stiffness_mean,0.9784496805421449,0.9573637773530254,76
3,1,4,test,z0,stiffness_std,0.9303507629338291,0.865552542091558,76
3,1,4,test,z0,horizontal_stiffness,0.9246128476979594,0.8549089181281299,76
3,1,4,test,z0,vertical_stiffness,0.9309365014288563,0.866642769692599,76
3,1,4,test,z0,diagonal_stiffness,-0.36361429416068347,0.13221535491797204,76
3,2,1,test,z0,final_p_ratio,-0.7123585954394406,0.5074547684964525,75
3,2,1,test,z0,stiffness_mean,0.7693396285120851,0.5918834639991132,75
3,2,1,test,z0,stiffness_std,0.7315270377070296,0.5351318068964219,75
3,2,1,test,z0,horizontal_stiffness,0.7163541836509343,0.5131633164341964,75
3,2,1,test,z0,vertical_stiffness,0.7147620955805445,0.5108848532786914,75
3,2,1,test,z0,diagonal_stiffness,-0.23999707675042575,0.05759859684874975,75
3,2,2,test,z0,final_p_ratio,-0.871828585994838,0.7600850833577587,75
3,2,2,test,z0,stiffness_mean,0.9923059912918771,0.9846711803537549,75
3,2,2,test,z0,stiffness_std,0.94799554972711,0.8986955623024054,75
3,2,2,test,z0,horizontal_stiffness,0.9453120063192537,0.8936147892913328,75
3,2,2,test,z0,vertical_stiffness,0.9403002626400512,0.8841645839209492,75
3,2,2,test,z0,diagonal_stiffness,-0.3316351437058484,0.10998186854079872,75
3,2,4,test,z0,final_p_ratio,-0.8454583254161465,0.7147997800154747,75
3,2,4,test,z0,stiffness_mean,0.9721305596341433,0.9450378249745927,75
3,2,4,test,z0,stiffness_std,0.9144606066249004,0.8362382010687808,75
3,2,4,test,z0,horizontal_stiffness,0.912887027633439,0.8333627252214152,75
3,2,4,test,z0,vertical_stiffness,0.9313088519904709,0.8673361777958087,75
3,2,4,test,z0,diagonal_stiffness,-0.4625021724098001,0.21390825948378447,75
3,4,1,test,z0,final_p_ratio,-0.8696537837894655,0.7562977036593344,73
3,4,1,test,z0,stiffness_mean,0.9847985663910319,0.9698282163658317,73
3,4,1,test,z0,stiffness_std,0.9471787329899316,0.8971475522284121,73
3,4,1,test,z0,horizontal_stiffness,0.9364491732512451,0.8769370540829404,73
3,4,1,test,z0,vertical_stiffness,0.9303255653209361,0.8655056574897194,73
3,4,1,test,z0,diagonal_stiffness,-0.31266042744931893,0.09775654289279083,73
3,4,2,test,z0,final_p_ratio,-0.8454635989500068,0.7148086971494979,73
3,4,2,test,z0,stiffness_mean,0.9754966475387425,0.9515937093593257,73
3,4,2,test,z0,stiffness_std,0.921250615139737,0.8487026958953439,73
3,4,2,test,z0,horizontal_stiffness,0.9266771037528854,0.8587304546198359,73
3,4,2,test,z0,vertical_stiffness,0.9251331274161363,0.8558713034427611,73
3,4,2,test,z0,diagonal_stiffness,-0.3170679661030999,0.10053209512875651,73
3,4,4,test,z0,final_p_ratio,-0.9136245261639894,0.834709774808374,73
3,4,4,test,z0,stiffness_mean,0.9890250362210771,0.9781705222721028,73
3,4,4,test,z0,stiffness_std,0.9516341714116837,0.9056075961984018,73
3,4,4,test,z0,horizontal_stiffness,0.9561440088424028,0.9142113656452209,73
3,4,4,test,z0,vertical_stiffness,0.9255531771813997,0.8566486837905836,73
3,4,4,test,z0,diagonal_stiffness,-0.3290542342094652,0.1082766890511776,73
1,1,1,val,stiffness_mean,final_p_ratio,-0.8050426406510669,0.6480936532664429,25
1,1,1,val,stiffness_std,final_p_ratio,-0.9075449772339467,0.8236378857025648,25
1,1,1,val,horizontal_stiffness,final_p_ratio,-0.8941300324657622,0.7994685149572249,25
1,1,1,val,vertical_stiffness,final_p_ratio,-0.7192688407628174,0.5173476652922872,25
1,1,1,val,diagonal_stiffness,final_p_ratio,0.5887043363588313,0.34657279564769206,25
1,1,2,val,stiffness_mean,final_p_ratio,-0.8736683186447085,0.7632963310034719,25
1,1,2,val,stiffness_std,final_p_ratio,-0.9421004118102927,0.887553185933123,25
1,1,2,val,horizontal_stiffness,final_p_ratio,-0.9239625896672969,0.8537068671046978,25
1,1,2,val,vertical_stiffness,final_p_ratio,-0.854142993291804,0.7295602529894827,25
1,1,2,val,diagonal_stiffness,final_p_ratio,0.5003744824492321,0.25037462268633687,25
1,1,4,val,stiffness_mean,final_p_ratio,-0.8592402480157985,0.7382938038102509,25
1,1,4,val,stiffness_std,final_p_ratio,-0.9463502162808742,0.8955787318548575,25
1,1,4,val,horizontal_stiffness,final_p_ratio,-0.8940970889049974,0.7994096043883908,25
1,1,4,val,vertical_stiffness,final_p_ratio,-0.8473809909819509,0.7180545438775531,25
1,1,4,val,diagonal_stiffness,final_p_ratio,0.32315228456146355,0.10442739901729312,25
1,2,1,val,stiffness_mean,final_p_ratio,-0.8960761477209039,0.8029524625143353,25
1,2,1,val,stiffness_std,final_p_ratio,-0.911472466668402,0.8307820574945811,25
1,2,1,val,horizontal_stiffness,final_p_ratio,-0.9330242439553907,0.8705342398085285,25
1,2,1,val,vertical_stiffness,final_p_ratio,-0.8231492179803029,0.6775746350615843,25
1,2,1,val,diagonal_stiffness,final_p_ratio,0.48555700092110105,0.23576560114349412,25
1,2,2,val,stiffness_mean,final_p_ratio,-0.9168076091864595,0.8405361922621919,25
1,2,2,val,stiffness_std,final_p_ratio,-0.9647150312606894,0.9306750915403128,25
1,2,2,val,horizontal_stiffness,final_p_ratio,-0.9078952645597564,0.8242738114100301,25
1,2,2,val,vertical_stiffness,final_p_ratio,-0.8787294237364012,0.7721654001401077,25
1,2,2,val,diagonal_stiffness,final_p_ratio,0.5490018323618459,0.3014030119366643,25
1,2,4,val,stiffness_mean,final_p_ratio,-0.899309712993137,0.8087579598837984,25
1,2,4,val,stiffness_std,final_p_ratio,-0.9588056294772718,0.9193082351173074,25
1,2,4,val,horizontal_stiffness,final_p_ratio,-0.9078751395614841,0.8242372690337842,25
1,2,4,val,vertical_stiffness,final_p_ratio,-0.8604934452154828,0.7404489692588111,25
1,2,4,val,diagonal_stiffness,final_p_ratio,0.16129997138700544,0.026017680769448773,25
1,4,1,val,stiffness_mean,final_p_ratio,-0.8647583520746898,0.747807007482933,25
1,4,1,val,stiffness_std,final_p_ratio,-0.9477506736290423,0.8982313393643034,25
1,4,1,val,horizontal_stiffness,final_p_ratio,-0.9159458090578289,0.8389567251306007,25
1,4,1,val,vertical_stiffness,final_p_ratio,-0.7931166521149255,0.6290340238619878,25
1,4,1,val,diagonal_stiffness,final_p_ratio,0.4203127886906626,0.17666284033692156,25
1,4,2,val,stiffness_mean,final_p_ratio,-0.8930428990741308,0.7975256195867282,25
1,4,2,val,stiffness_std,final_p_ratio,-0.9534048504420722,0.9089808088464701,25
1,4,2,val,horizontal_stiffness,final_p_ratio,-0.9373749386526947,0.8786717756141432,25
1,4,2,val,vertical_stiffness,final_p_ratio,-0.8404441027180709,0.7063462897935833,25
1,4,2,val,diagonal_stiffness,final_p_ratio,0.3930312158072718,0.15447353659894225,25
1,4,4,val,stiffness_mean,final_p_ratio,-0.9240673282267743,0.853900427096169,25
1,4,4,val,stiffness_std,final_p_ratio,-0.9677042779907301,0.9364515696415603,25
1,4,4,val,horizontal_stiffness,final_p_ratio,-0.9814484299537434,0.9632410206586679,25
1,4,4,val,vertical_stiffness,final_p_ratio,-0.8493408832254496,0.7213799359181869,25
1,4,4,val,diagonal_stiffness,final_p_ratio,0.6735030670685396,0.4536063813507297,25
2,1,1,val,stiffness_mean,final_p_ratio,-0.9272522807395049,0.8597967921366136,25
2,1,1,val,stiffness_std,final_p_ratio,-0.9541761518964464,0.9104521288479105,25
2,1,1,val,horizontal_stiffness,final_p_ratio,-0.9485656223001646,0.8997767398096985,25
2,1,1,val,vertical_stiffness,final_p_ratio,-0.8703866087647137,0.7575728487169389,25
2,1,1,val,diagonal_stiffness,final_p_ratio,0.3029482769758718,0.09177765852264953,25
2,1,2,val,stiffness_mean,final_p_ratio,-0.8234143653893017,0.6780112171294664,25
2,1,2,val,stiffness_std,final_p_ratio,-0.9082741530357863,0.8249619370728749,25
2,1,2,val,horizontal_stiffness,final_p_ratio,-0.8868874809205595,0.7865694038136157,25
2,1,2,val,vertical_stiffness,final_p_ratio,-0.7897933571435501,0.6237735469880793,25
2,1,2,val,diagonal_stiffness,final_p_ratio,0.36598380944348585,0.13394414877476576,25
2,1,4,val,stiffness_mean,final_p_ratio,-0.8936134299021388,0.7985449621014646,25
2,1,4,val,stiffness_std,final_p_ratio,-0.9374928647275962,0.8788928714151549,25
2,1,4,val,horizontal_stiffness,final_p_ratio,-0.901209839500053,0.8121791748117112,25
2,1,4,val,vertical_stiffness,final_p_ratio,-0.8678986056837152,0.753247989747737,25
2,1,4,val,diagonal_stiffness,final_p_ratio,0.2544883398273859,0.06476431510809905,25
2,2,1,val,stiffness_mean,final_p_ratio,-0.9013640451760389,0.8124571419361122,25
2,2,1,val,stiffness_std,final_p_ratio,-0.9578863983918408,0.9175463522240923,25
2,2,1,val,horizontal_stiffness,final_p_ratio,-0.9606964628511573,0.922937693734725,25
2,2,1,val,vertical_stiffness,final_p_ratio,-0.8528268382294839,0.7273136160044983,25
2,2,1,val,diagonal_stiffness,final_p_ratio,0.7218182910837898,0.5210216453431227,25
2,2,2,val,stiffness_mean,final_p_ratio,-0.8660015435012396,0.7499586733465293,25
2,2,2,val,stiffness_std,final_p_ratio,-0.924557313648604,0.8548062262211232,25
2,2,2,val,horizontal_stiffness,final_p_ratio,-0.9200608800072294,0.8465120229196774,25
2,2,2,val,vertical_stiffness,final_p_ratio,-0.8301701383267744,0.6891824585694958,25
2,2,2,val,diagonal_stiffness,final_p_ratio,0.6816366185557174,0.46462847975607263,25
2,2,4,val,stiffness_mean,final_p_ratio,-0.9098996667245994,0.8279174035055371,25
2,2,4,val,stiffness_std,final_p_ratio,-0.9558560236864705,0.9136607380177104,25
2,2,4,val,horizontal_stiffness,final_p_ratio,-0.9385829244436493,0.8809379060571931,25
2,2,4,val,vertical_stiffness,final_p_ratio,-0.8544690267559342,0.7301173176852334,25
2,2,4,val,diagonal_stiffness,final_p_ratio,0.49346544341420084,0.24350814384397385,25
2,4,1,val,stiffness_mean,final_p_ratio,-0.8472245061259878,0.7177893637804239,25
2,4,1,val,stiffness_std,final_p_ratio,-0.9366118283237247,0.8772417169559104,25
2,4,1,val,horizontal_stiffness,final_p_ratio,-0.9140996179516742,0.8355781115393967,25
2,4,1,val,vertical_stiffness,final_p_ratio,-0.7952309525409104,0.6323922678791236,25
2,4,1,val,diagonal_stiffness,final_p_ratio,-0.03801154548622981,0.0014448775902517175,25
2,4,2,val,stiffness_mean,final_p_ratio,-0.9440749527558325,0.8912775164209275,25
2,4,2,val,stiffness_std,final_p_ratio,-0.9612249655575207,0.9239534344110568,25
2,4,2,val,horizontal_stiffness,final_p_ratio,-0.9651119274781539,0.9314410325605974,25
2,4,2,val,vertical_stiffness,final_p_ratio,-0.8818389169844094,0.7776398755082361,25
2,4,2,val,diagonal_stiffness,final_p_ratio,0.6345689464899981,0.402677747849426,25
2,4,4,val,stiffness_mean,final_p_ratio,-0.8491326531425765,0.7210262626329511,25
2,4,4,val,stiffness_std,final_p_ratio,-0.9124609500118859,0.8325849852965933,25
2,4,4,val,horizontal_stiffness,final_p_ratio,-0.8788455687827352,0.7723695337690494,25
2,4,4,val,vertical_stiffness,final_p_ratio,-0.8341171955243516,0.6957514958694094,25
2,4,4,val,diagonal_stiffness,final_p_ratio,0.4119223729896055,0.16968004136938766,25
3,1,1,val,stiffness_mean,final_p_ratio,-0.9247241480319753,0.8551147499534626,25
3,1,1,val,stiffness_std,final_p_ratio,-0.9664077410578163,0.9339439219764715,25
3,1,1,val,horizontal_stiffness,final_p_ratio,-0.9381851867207996,0.8801914445823417,25
3,1,1,val,vertical_stiffness,final_p_ratio,-0.8779921592399573,0.7708702316868425,25
3,1,1,val,diagonal_stiffness,final_p_ratio,0.5613191718251843,0.3150792126585108,25
3,1,2,val,stiffness_mean,final_p_ratio,-0.9084471683135447,0.8252762576168977,25
3,1,2,val,stiffness_std,final_p_ratio,-0.9591264024949469,0.9199234559628988,25
3,1,2,val,horizontal_stiffness,final_p_ratio,-0.9351281587742011,0.8744646733324274,25
3,1,2,val,vertical_stiffness,final_p_ratio,-0.8823757098729547,0.7785868933738006,25
3,1,2,val,diagonal_stiffness,final_p_ratio,0.6237975643904301,0.3891234013394328,25
3,1,4,val,stiffness_mean,final_p_ratio,-0.9151421886683022,0.8374852254806104,25
3,1,4,val,stiffness_std,final_p_ratio,-0.9586451469440044,0.9190005177592917,25
3,1,4,val,horizontal_stiffness,final_p_ratio,-0.9427468070094286,0.8887715421264728,25
3,1,4,val,vertical_stiffness,final_p_ratio,-0.853654607498869,0.7287261889040481,25
3,1,4,val,diagonal_stiffness,final_p_ratio,0.6008148244127867,0.36097845323416766,25
3,2,1,val,stiffness_mean,final_p_ratio,-0.8799837587614461,0.774371415683923,25
3,2,1,val,stiffness_std,final_p_ratio,-0.941983362983887,0.8873326561384334,25
3,2,1,val,horizontal_stiffness,final_p_ratio,-0.9048786425956729,0.8188053578257874,25
3,2,1,val,vertical_stiffness,final_p_ratio,-0.8383588194915375,0.7028455102192442,25
3,2,1,val,diagonal_stiffness,final_p_ratio,0.423686157957964,0.1795099604451808,25
3,2,2,val,stiffness_mean,final_p_ratio,-0.9260335681769472,0.8575381693905286,25
3,2,2,val,stiffness_std,final_p_ratio,-0.9653932749441092,0.9319841753073125,25
3,2,2,val,horizontal_stiffness,final_p_ratio,-0.94684318865897,0.8965120239098858,25
3,2,2,val,vertical_stiffness,final_p_ratio,-0.8954963579286311,0.8019137270634431,25
3,2,2,val,diagonal_stiffness,final_p_ratio,0.6069613944062509,0.3684021342995804,25
3,2,4,val,stiffness_mean,final_p_ratio,-0.8676558452093948,0.7528266657260292,25
3,2,4,val,stiffness_std,final_p_ratio,-0.9512141228317772,0.9048083074746274,25
3,2,4,val,horizontal_stiffness,final_p_ratio,-0.90210243793156,0.813788808522064,25
3,2,4,val,vertical_stiffness,final_p_ratio,-0.8653272564664389,0.7487912607837341,25
3,2,4,val,diagonal_stiffness,final_p_ratio,0.3834781697568936,0.1470555066800969,25
3,4,1,val,stiffness_mean,final_p_ratio,-0.9280392623780075,0.8612568725151162,25
3,4,1,val,stiffness_std,final_p_ratio,-0.9563627374088748,0.9146296855041964,25
3,4,1,val,horizontal_stiffness,final_p_ratio,-0.9513789382276121,0.9051218841030986,25
3,4,1,val,vertical_stiffness,final_p_ratio,-0.8806955910578024,0.7756247241086519,25
3,4,1,val,diagonal_stiffness,final_p_ratio,0.7341165085273165,0.5389270480923375,25
3,4,2,val,stiffness_mean,final_p_ratio,-0.915781258159096,0.8386553127954567,25
3,4,2,val,stiffness_std,final_p_ratio,-0.9701790734818564,0.9412474346221134,25
3,4,2,val,horizontal_stiffness,final_p_ratio,-0.9373552007579887,0.8786347723880493,25
3,4,2,val,vertical_stiffness,final_p_ratio,-0.9048946227614515,0.8188342783025896,25
3,4,2,val,diagonal_stiffness,final_p_ratio,0.6189424466908824,0.3830897523156958,25
3,4,4,val,stiffness_mean,final_p_ratio,-0.8219365199509086,0.6755796428290103,25
3,4,4,val,stiffness_std,final_p_ratio,-0.9133175867285657,0.834149014227691,25
3,4,4,val,horizontal_stiffness,final_p_ratio,-0.8827842630448963,0.7793080550797207,25
3,4,4,val,vertical_stiffness,final_p_ratio,-0.7849633245586415,0.6161674209021551,25
3,4,4,val,diagonal_stiffness,final_p_ratio,0.5744791721575688,0.3300263192428456,25
1,1,1,test,stiffness_mean,final_p_ratio,-0.9105073536247504,0.8290236410047463,76
1,1,1,test,stiffness_std,final_p_ratio,-0.957135696760337,0.9161087420128958,76
1,1,1,test,horizontal_stiffness,final_p_ratio,-0.9347661761051546,0.8737878039902528,76
1,1,1,test,vertical_stiffness,final_p_ratio,-0.8816734242569385,0.7773480270409555,76
1,1,1,test,diagonal_stiffness,final_p_ratio,0.4931712440940035,0.24321787600122716,76
1,1,2,test,stiffness_mean,final_p_ratio,-0.8900201296234781,0.7921358311349928,76
1,1,2,test,stiffness_std,final_p_ratio,-0.9442372188410249,0.8915839254446335,76
1,1,2,test,horizontal_stiffness,final_p_ratio,-0.9244444214697715,0.8545974883865805,76
1,1,2,test,vertical_stiffness,final_p_ratio,-0.8372489786149995,0.7009858521918598,76
1,1,2,test,diagonal_stiffness,final_p_ratio,0.5195093613111813,0.2698899764899515,76
1,1,4,test,stiffness_mean,final_p_ratio,-0.8938661946664779,0.7989967739675298,76
1,1,4,test,stiffness_std,final_p_ratio,-0.9441775684044388,0.8914712806781186,76
1,1,4,test,horizontal_stiffness,final_p_ratio,-0.9339869818106985,0.8723316821918581,76
1,1,4,test,vertical_stiffness,final_p_ratio,-0.8372969735134901,0.7010662218548501,76
1,1,4,test,diagonal_stiffness,final_p_ratio,0.5649466044239686,0.31916466585017206,76
1,2,1,test,stiffness_mean,final_p_ratio,-0.8774652668698226,0.769945294562929,75
1,2,1,test,stiffness_std,final_p_ratio,-0.9505204803873412,0.9034891836357818,75
1,2,1,test,horizontal_stiffness,final_p_ratio,-0.9185210407181634,0.843680902241978,75
1,2,1,test,vertical_stiffness,final_p_ratio,-0.8388080135510733,0.7035988835974976,75
1,2,1,test,diagonal_stiffness,final_p_ratio,0.5023934017203382,0.2523991300921331,75
1,2,2,test,stiffness_mean,final_p_ratio,-0.880304525232371,0.7749360571445901,75
1,2,2,test,stiffness_std,final_p_ratio,-0.9394225381076504,0.8825147051046199,75
1,2,2,test,horizontal_stiffness,final_p_ratio,-0.9299995298290411,0.8648991254822375,75
1,2,2,test,vertical_stiffness,final_p_ratio,-0.831751028250086,0.6918097729950753,75
1,2,2,test,diagonal_stiffness,final_p_ratio,0.5053437742550266,0.25537233017831534,75
1,2,4,test,stiffness_mean,final_p_ratio,-0.8838891539384763,0.7812600364500755,75
1,2,4,test,stiffness_std,final_p_ratio,-0.9417276438177331,0.8868509551304992,75
1,2,4,test,horizontal_stiffness,final_p_ratio,-0.9276002376626206,0.8604422009117502,75
1,2,4,test,vertical_stiffness,final_p_ratio,-0.8417057771976202,0.7084686153678499,75
1,2,4,test,diagonal_stiffness,final_p_ratio,0.5876309690698575,0.34531015580997976,75
1,4,1,test,stiffness_mean,final_p_ratio,-0.8886289086341851,0.7896613372603829,73
1,4,1,test,stiffness_std,final_p_ratio,-0.9453627207056754,0.8937106737000369,73
1,4,1,test,horizontal_stiffness,final_p_ratio,-0.9234320217379433,0.8527266987710252,73
1,4,1,test,vertical_stiffness,final_p_ratio,-0.8595788872290975,0.7388758633700134,73
1,4,1,test,diagonal_stiffness,final_p_ratio,0.5533507286632814,0.3061970289121845,73
1,4,2,test,stiffness_mean,final_p_ratio,-0.8872491304431341,0.7872110194720977,73
1,4,2,test,stiffness_std,final_p_ratio,-0.9409638921379879,0.885413046307471,73
1,4,2,test,horizontal_stiffness,final_p_ratio,-0.9200851113373266,0.8465566121046207,73
1,4,2,test,vertical_stiffness,final_p_ratio,-0.8476260034663151,0.7184698417522777,73
1,4,2,test,diagonal_stiffness,final_p_ratio,0.5614790303714937,0.31525870154691277,73
1,4,4,test,stiffness_mean,final_p_ratio,-0.8732666441010991,0.7625946316995957,73
1,4,4,test,stiffness_std,final_p_ratio,-0.9338768387789441,0.872125950007754,73
1,4,4,test,horizontal_stiffness,final_p_ratio,-0.9051349718285864,0.8192693172271358,73
1,4,4,test,vertical_stiffness,final_p_ratio,-0.8372633075903592,0.7010098462371483,73
1,4,4,test,diagonal_stiffness,final_p_ratio,0.4937236286678163,0.24376302150491577,73
2,1,1,test,stiffness_mean,final_p_ratio,-0.8754821725287247,0.7664690344156158,76
2,1,1,test,stiffness_std,final_p_ratio,-0.9424102789394623,0.8881371338507551,76
2,1,1,test,horizontal_stiffness,final_p_ratio,-0.9199135574643748,0.8462409532067615,76
2,1,1,test,vertical_stiffness,final_p_ratio,-0.8382942436693481,0.7027372389691644,76
2,1,1,test,diagonal_stiffness,final_p_ratio,0.5758501156568204,0.33160335570197347,76
2,1,2,test,stiffness_mean,final_p_ratio,-0.9144499647847506,0.8362187380948316,76
2,1,2,test,stiffness_std,final_p_ratio,-0.9565564529841429,0.9150002477456048,76
2,1,2,test,horizontal_stiffness,final_p_ratio,-0.9387564158987955,0.8812636083911524,76
2,1,2,test,vertical_stiffness,final_p_ratio,-0.8573559669373679,0.7350592540431091,76
2,1,2,test,diagonal_stiffness,final_p_ratio,0.5724365365491711,0.32768358837641054,76
2,1,4,test,stiffness_mean,final_p_ratio,-0.88371299919338,0.7809486649433588,76
2,1,4,test,stiffness_std,final_p_ratio,-0.9463813225446105,0.8956376076612861,76
2,1,4,test,horizontal_stiffness,final_p_ratio,-0.9338031508208272,0.8719883244829045,76
2,1,4,test,vertical_stiffness,final_p_ratio,-0.8362289904022074,0.6992789243890951,76
2,1,4,test,diagonal_stiffness,final_p_ratio,0.5899098701333795,0.34799365488078066,76
2,2,1,test,stiffness_mean,final_p_ratio,-0.8792706215071201,0.7731168258455172,75
2,2,1,test,stiffness_std,final_p_ratio,-0.9418080954413579,0.8870024886388779,75
2,2,1,test,horizontal_stiffness,final_p_ratio,-0.915472701462362,0.838090267122795,75
2,2,1,test,vertical_stiffness,final_p_ratio,-0.8398416881826842,0.705334061209541,75
2,2,1,test,diagonal_stiffness,final_p_ratio,0.4888813140204781,0.2390049391983893,75
2,2,2,test,stiffness_mean,final_p_ratio,-0.899062487215892,0.8083133559188259,75
2,2,2,test,stiffness_std,final_p_ratio,-0.9561199793085986,0.914165414833075,75
2,2,2,test,horizontal_stiffness,final_p_ratio,-0.9306668405959133,0.8661407681847791,75
2,2,2,test,vertical_stiffness,final_p_ratio,-0.8490285612421108,0.7208494978048486,75
2,2,2,test,diagonal_stiffness,final_p_ratio,0.44000538995212696,0.1936047431869233,75
2,2,4,test,stiffness_mean,final_p_ratio,-0.8728690329427017,0.7619003486703272,75
2,2,4,test,stiffness_std,final_p_ratio,-0.9396691690670179,0.8829781472950999,75
2,2,4,test,horizontal_stiffness,final_p_ratio,-0.917077605736357,0.8410313349431291,75
2,2,4,test,vertical_stiffness,final_p_ratio,-0.831790941446053,0.6918761702717112,75
2,2,4,test,diagonal_stiffness,final_p_ratio,0.5171372193305183,0.26743090361690053,75
2,4,1,test,stiffness_mean,final_p_ratio,-0.8898527248150468,0.7918378718607635,73
2,4,1,test,stiffness_std,final_p_ratio,-0.9435682522740708,0.8903210466995446,73
2,4,1,test,horizontal_stiffness,final_p_ratio,-0.9308320194417449,0.866448248417997,73
2,4,1,test,vertical_stiffness,final_p_ratio,-0.8468604163686143,0.7171725648120227,73
2,4,1,test,diagonal_stiffness,final_p_ratio,0.6075476162579354,0.36911410602069955,73
2,4,2,test,stiffness_mean,final_p_ratio,-0.8592251055878274,0.7382677820724132,73
2,4,2,test,stiffness_std,final_p_ratio,-0.936435396388339,0.8769112516089855,73
2,4,2,test,horizontal_stiffness,final_p_ratio,-0.9095842396626656,0.8273434890427094,73
2,4,2,test,vertical_stiffness,final_p_ratio,-0.822623181075869,0.6767088980433819,73
2,4,2,test,diagonal_stiffness,final_p_ratio,0.48225213277575807,0.2325671195667674,73
2,4,4,test,stiffness_mean,final_p_ratio,-0.9102078799892582,0.82847838479454,73
2,4,4,test,stiffness_std,final_p_ratio,-0.9640523309364437,0.9293968967839904,73
2,4,4,test,horizontal_stiffness,final_p_ratio,-0.9451179353565937,0.8932479117327105,73
2,4,4,test,vertical_stiffness,final_p_ratio,-0.8550812468571658,0.7311639387268053,73
2,4,4,test,diagonal_stiffness,final_p_ratio,0.5378061483229528,0.2892354531739699,73
3,1,1,test,stiffness_mean,final_p_ratio,-0.87866289463209,0.7720484824032433,76
3,1,1,test,stiffness_std,final_p_ratio,-0.9386865423809491,0.8811324248471013,76
3,1,1,test,horizontal_stiffness,final_p_ratio,-0.9218368241982811,0.8497831304479725,76
3,1,1,test,vertical_stiffness,final_p_ratio,-0.8339406752208897,0.6954570497878734,76
3,1,1,test,diagonal_stiffness,final_p_ratio,0.518155568660627,0.2684851933340177,76
3,1,2,test,stiffness_mean,final_p_ratio,-0.8781241868931361,0.7711020876067314,76
3,1,2,test,stiffness_std,final_p_ratio,-0.9420856108316035,0.8875252981359554,76
3,1,2,test,horizontal_stiffness,final_p_ratio,-0.9193222401622506,0.8451533812569388,76
3,1,2,test,vertical_stiffness,final_p_ratio,-0.8333001200543959,0.6943890900826707,76
3,1,2,test,diagonal_stiffness,final_p_ratio,0.4819099954007483,0.23223724366714926,76
3,1,4,test,stiffness_mean,final_p_ratio,-0.8772424487327741,0.7695543138586738,76
3,1,4,test,stiffness_std,final_p_ratio,-0.9395033775501455,0.8826665964281312,76
3,1,4,test,horizontal_stiffness,final_p_ratio,-0.9217601522163029,0.8496417782138219,76
3,1,4,test,vertical_stiffness,final_p_ratio,-0.8342482761106395,0.6959701861935738,76
3,1,4,test,diagonal_stiffness,final_p_ratio,0.5176458549734191,0.26795723117116205,76
3,2,1,test,stiffness_mean,final_p_ratio,-0.9024146254958987,0.8143521563089031,75
3,2,1,test,stiffness_std,final_p_ratio,-0.9497714405288494,0.9020657892442457,75
3,2,1,test,horizontal_stiffness,final_p_ratio,-0.9441529489340867,0.8914247909809322,75
3,2,1,test,vertical_stiffness,final_p_ratio,-0.8518853353092669,0.7257086245149821,75
3,2,1,test,diagonal_stiffness,final_p_ratio,0.5475302856213962,0.29978941367264766,75
3,2,2,test,stiffness_mean,final_p_ratio,-0.8721916799545476,0.7607183265819359,75
3,2,2,test,stiffness_std,final_p_ratio,-0.939504734879003,0.8826691468600657,75
3,2,2,test,horizontal_stiffness,final_p_ratio,-0.9191294312034445,0.8447989113043674,75
3,2,2,test,vertical_stiffness,final_p_ratio,-0.8263817621601562,0.682906816830925,75
3,2,2,test,diagonal_stiffness,final_p_ratio,0.4833988754692917,0.2336744728049758,75
3,2,4,test,stiffness_mean,final_p_ratio,-0.8934626524768579,0.7982755113709825,75
3,2,4,test,stiffness_std,final_p_ratio,-0.9424049181751004,0.8881270298006178,75
3,2,4,test,horizontal_stiffness,final_p_ratio,-0.9326948964169991,0.8699197698023167,75
3,2,4,test,vertical_stiffness,final_p_ratio,-0.8315543199713783,0.6914825870630614,75
3,2,4,test,diagonal_stiffness,final_p_ratio,0.567324351852638,0.3218569202050158,75
3,4,1,test,stiffness_mean,final_p_ratio,-0.8683334482455063,0.7540029773419313,73
3,4,1,test,stiffness_std,final_p_ratio,-0.9390511820908668,0.8818171225862542,73
3,4,1,test,horizontal_stiffness,final_p_ratio,-0.9156749394298682,0.8384605946998929,73
3,4,1,test,vertical_stiffness,final_p_ratio,-0.8246027780179382,0.6799697415149011,73
3,4,1,test,diagonal_stiffness,final_p_ratio,0.47640700918736867,0.22696363840285358,73
3,4,2,test,stiffness_mean,final_p_ratio,-0.8711682433209772,0.7589341081709573,73
3,4,2,test,stiffness_std,final_p_ratio,-0.9346343882539146,0.8735414397067692,73
3,4,2,test,horizontal_stiffness,final_p_ratio,-0.9137793907628109,0.8349927749828538,73
3,4,2,test,vertical_stiffness,final_p_ratio,-0.8231109987753505,0.6775117163049551,73
3,4,2,test,diagonal_stiffness,final_p_ratio,0.4768700668585229,0.2274050606656521,73
3,4,4,test,stiffness_mean,final_p_ratio,-0.91010768951731,0.8282960065185364,73
3,4,4,test,stiffness_std,final_p_ratio,-0.9594762993983245,0.9205947691071031,73
3,4,4,test,horizontal_stiffness,final_p_ratio,-0.9435202363620323,0.8902304364246653,73
3,4,4,test,vertical_stiffness,final_p_ratio,-0.8630256127513612,0.7448132082648625,73
3,4,4,test,diagonal_stiffness,final_p_ratio,0.476668863264059,0.22721320520545016,73
